1,4,2,2,0,0,0,0,-1,1,0,0,3.75
1,6,2,4,0,0,0,0,-1,2,0,1,5.625
1,6,4,2,0,0,0,0,-1,2,1,0,5.625
1,8,2,6,0,0,0,0,-1,3,0,2,3.2812
1,8,4,4,0,0,0,0,-1,3,1,1,6.5625
1,8,6,2,0,0,0,0,-1,3,2,0,3.2812
1,10,2,8,0,0,0,0,-1,4,0,3,1.0937
1,10,4,6,0,0,0,0,-1,4,1,2,3.2812
1,10,6,4,0,0,0,0,-1,4,2,1,3.2812
1,10,8,2,0,0,0,0,-1,4,3,0,1.0937
1,12,2,10,0,0,0,0,-1,5,0,4,0.24609
1,12,4,8,0,0,0,0,-1,5,1,3,0.98437
1,12,6,6,0,0,0,0,-1,5,2,2,1.4766
1,12,8,4,0,0,0,0,-1,5,3,1,0.98437
1,12,10,2,0,0,0,0,-1,5,4,0,0.24609
1,14,2,12,0,0,0,0,-1,6,0,5,0.041016
1,14,4,10,0,0,0,0,-1,6,1,4,0.20508
1,14,6,8,0,0,0,0,-1,6,2,3,0.41016
1,14,8,6,0,0,0,0,-1,6,3,2,0.41016
1,14,10,4,0,0,0,0,-1,6,4,1,0.20508
1,14,12,2,0,0,0,0,-1,6,5,0,0.041016
1,16,2,14,0,0,0,0,-1,7,0,6,0.0053711
1,16,4,12,0,0,0,0,-1,7,1,5,0.032227
1,16,6,10,0,0,0,0,-1,7,2,4,0.080566
1,16,8,8,0,0,0,0,-1,7,3,3,0.10742
1,16,10,6,0,0,0,0,-1,7,4,2,0.080566
1,16,12,4,0,0,0,0,-1,7,5,1,0.032227
1,16,14,2,0,0,0,0,-1,7,6,0,0.0053711
1,18,2,16,0,0,0,0,-1,8,0,7,0.00057547
1,18,4,14,0,0,0,0,-1,8,1,6,0.0040283
1,18,6,12,0,0,0,0,-1,8,2,5,0.012085
1,18,8,10,0,0,0,0,-1,8,3,4,0.020142
1,18,10,8,0,0,0,0,-1,8,4,3,0.020142
1,18,12,6,0,0,0,0,-1,8,5,2,0.012085
1,18,14,4,0,0,0,0,-1,8,6,1,0.0040283
1,18,16,2,0,0,0,0,-1,8,7,0,0.00057547
2,2,1,4,0,0,0,0,0,0,-1,1,3.75
2,2,2,2,0,0,0,0,0,0,0,0,1.5
2,2,2,3,0,0,0,1,0,0,0,0,1.5
2,2,3,2,0,0,1,0,0,0,0,0,1.5
2,2,4,1,0,0,0,0,0,0,1,-1,3.75
2,3,2,2,0,1,0,0,0,0,0,0,1.5
2,4,1,6,0,0,0,0,0,1,-1,2,5.625
2,4,2,4,0,0,0,0,0,1,0,1,3.75
2,4,2,5,0,0,0,1,0,1,0,1,0
2,4,3,4,0,0,1,0,0,1,0,1,3.75
2,4,4,2,0,0,0,0,0,1,1,0,3.75
2,4,4,3,0,0,0,1,0,1,1,0,3.75
2,4,5,2,0,0,1,0,0,1,1,0,0
2,4,6,1,0,0,0,0,0,1,2,-1,5.625
2,5,2,4,0,1,0,0,0,1,0,1,0
2,5,4,2,0,1,0,0,0,1,1,0,0
2,6,1,8,0,0,0,0,0,2,-1,3,3.2812
2,6,2,6,0,0,0,0,0,2,0,2,2.8125
2,6,2,7,0,0,0,1,0,2,0,2,-0.9375
2,6,3,6,0,0,1,0,0,2,0,2,2.8125
2,6,4,4,0,0,0,0,0,2,1,1,5.625
2,6,4,5,0,0,0,1,0,2,1,1,0
2,6,5,4,0,0,1,0,0,2,1,1,0
2,6,6,2,0,0,0,0,0,2,2,0,2.8125
2,6,6,3,0,0,0,1,0,2,2,0,2.8125
2,6,7,2,0,0,1,0,0,2,2,0,-0.9375
2,6,8,1,0,0,0,0,0,2,3,-1,3.2812
2,7,2,6,0,1,0,0,0,2,0,2,-0.9375
2,7,4,4,0,1,0,0,0,2,1,1,-1.875
2,7,6,2,0,1,0,0,0,2,2,0,-0.9375
2,8,1,10,0,0,0,0,0,3,-1,4,1.0937
2,8,2,8,0,0,0,0,0,3,0,3,1.0937
2,8,2,9,0,0,0,1,0,3,0,3,-0.54687
2,8,3,8,0,0,1,0,0,3,0,3,1.0937
2,8,4,6,0,0,0,0,0,3,1,2,3.2812
2,8,4,7,0,0,0,1,0,3,1,2,-1.0937
2,8,5,6,0,0,1,0,0,3,1,2,0
2,8,6,4,0,0,0,0,0,3,2,1,3.2812
2,8,6,5,0,0,0,1,0,3,2,1,0
2,8,7,4,0,0,1,0,0,3,2,1,-1.0937
2,8,8,2,0,0,0,0,0,3,3,0,1.0937
2,8,8,3,0,0,0,1,0,3,3,0,1.0937
2,8,9,2,0,0,1,0,0,3,3,0,-0.54687
2,8,10,1,0,0,0,0,0,3,4,-1,1.0937
2,9,2,8,0,1,0,0,0,3,0,3,-0.54687
2,9,4,6,0,1,0,0,0,3,1,2,-1.6406
2,9,6,4,0,1,0,0,0,3,2,1,-1.6406
2,9,8,2,0,1,0,0,0,3,3,0,-0.54687
2,10,1,12,0,0,0,0,0,4,-1,5,0.24609
2,10,2,10,0,0,0,0,0,4,0,4,0.27344
2,10,2,11,0,0,0,1,0,4,0,4,-0.16406
2,10,3,10,0,0,1,0,0,4,0,4,0.27344
2,10,4,8,0,0,0,0,0,4,1,3,1.0937
2,10,4,9,0,0,0,1,0,4,1,3,-0.54687
2,10,5,8,0,0,1,0,0,4,1,3,0
2,10,6,6,0,0,0,0,0,4,2,2,1.6406
2,10,6,7,0,0,0,1,0,4,2,2,-0.54687
2,10,7,6,0,0,1,0,0,4,2,2,-0.54687
2,10,8,4,0,0,0,0,0,4,3,1,1.0937
2,10,8,5,0,0,0,1,0,4,3,1,0
2,10,9,4,0,0,1,0,0,4,3,1,-0.54687
2,10,10,2,0,0,0,0,0,4,4,0,0.27344
2,10,10,3,0,0,0,1,0,4,4,0,0.27344
2,10,11,2,0,0,1,0,0,4,4,0,-0.16406
2,10,12,1,0,0,0,0,0,4,5,-1,0.24609
2,11,2,10,0,1,0,0,0,4,0,4,-0.16406
2,11,4,8,0,1,0,0,0,4,1,3,-0.65625
2,11,6,6,0,1,0,0,0,4,2,2,-0.98437
2,11,8,4,0,1,0,0,0,4,3,1,-0.65625
2,11,10,2,0,1,0,0,0,4,4,0,-0.16406
2,12,1,14,0,0,0,0,0,5,-1,6,0.041016
2,12,2,12,0,0,0,0,0,5,0,5,0.049219
2,12,2,13,0,0,0,1,0,5,0,5,-0.032812
2,12,3,12,0,0,1,0,0,5,0,5,0.049219
2,12,4,10,0,0,0,0,0,5,1,4,0.24609
2,12,4,11,0,0,0,1,0,5,1,4,-0.14766
2,12,5,10,0,0,1,0,0,5,1,4,0
2,12,6,8,0,0,0,0,0,5,2,3,0.49219
2,12,6,9,0,0,0,1,0,5,2,3,-0.24609
2,12,7,8,0,0,1,0,0,5,2,3,-0.16406
2,12,8,6,0,0,0,0,0,5,3,2,0.49219
2,12,8,7,0,0,0,1,0,5,3,2,-0.16406
2,12,9,6,0,0,1,0,0,5,3,2,-0.24609
2,12,10,4,0,0,0,0,0,5,4,1,0.24609
2,12,10,5,0,0,0,1,0,5,4,1,0
2,12,11,4,0,0,1,0,0,5,4,1,-0.14766
2,12,12,2,0,0,0,0,0,5,5,0,0.049219
2,12,12,3,0,0,0,1,0,5,5,0,0.049219
2,12,13,2,0,0,1,0,0,5,5,0,-0.032812
2,12,14,1,0,0,0,0,0,5,6,-1,0.041016
2,13,2,12,0,1,0,0,0,5,0,5,-0.032812
2,13,4,10,0,1,0,0,0,5,1,4,-0.16406
2,13,6,8,0,1,0,0,0,5,2,3,-0.32812
2,13,8,6,0,1,0,0,0,5,3,2,-0.32812
2,13,10,4,0,1,0,0,0,5,4,1,-0.16406
2,13,12,2,0,1,0,0,0,5,5,0,-0.032812
2,14,1,16,0,0,0,0,0,6,-1,7,0.0053711
2,14,2,14,0,0,0,0,0,6,0,6,0.0068359
2,14,2,15,0,0,0,1,0,6,0,6,-0.0048828
2,14,3,14,0,0,1,0,0,6,0,6,0.0068359
2,14,4,12,0,0,0,0,0,6,1,5,0.041016
2,14,4,13,0,0,0,1,0,6,1,5,-0.027344
2,14,5,12,0,0,1,0,0,6,1,5,0
2,14,6,10,0,0,0,0,0,6,2,4,0.10254
2,14,6,11,0,0,0,1,0,6,2,4,-0.061523
2,14,7,10,0,0,1,0,0,6,2,4,-0.03418
2,14,8,8,0,0,0,0,0,6,3,3,0.13672
2,14,8,9,0,0,0,1,0,6,3,3,-0.068359
2,14,9,8,0,0,1,0,0,6,3,3,-0.068359
2,14,10,6,0,0,0,0,0,6,4,2,0.10254
2,14,10,7,0,0,0,1,0,6,4,2,-0.03418
2,14,11,6,0,0,1,0,0,6,4,2,-0.061523
2,14,12,4,0,0,0,0,0,6,5,1,0.041016
2,14,12,5,0,0,0,1,0,6,5,1,0
2,14,13,4,0,0,1,0,0,6,5,1,-0.027344
2,14,14,2,0,0,0,0,0,6,6,0,0.0068359
2,14,14,3,0,0,0,1,0,6,6,0,0.0068359
2,14,15,2,0,0,1,0,0,6,6,0,-0.0048828
2,14,16,1,0,0,0,0,0,6,7,-1,0.0053711
2,15,2,14,0,1,0,0,0,6,0,6,-0.0048828
2,15,4,12,0,1,0,0,0,6,1,5,-0.029297
2,15,6,10,0,1,0,0,0,6,2,4,-0.073242
2,15,8,8,0,1,0,0,0,6,3,3,-0.097656
2,15,10,6,0,1,0,0,0,6,4,2,-0.073242
2,15,12,4,0,1,0,0,0,6,5,1,-0.029297
2,15,14,2,0,1,0,0,0,6,6,0,-0.0048828
2,16,1,18,0,0,0,0,0,7,-1,8,0.00057547
2,16,2,16,0,0,0,0,0,7,0,7,0.0007673
2,16,2,17,0,0,0,1,0,7,0,7,-0.00057547
2,16,3,16,0,0,1,0,0,7,0,7,0.0007673
2,16,4,14,0,0,0,0,0,7,1,6,0.0053711
2,16,4,15,0,0,0,1,0,7,1,6,-0.0038365
2,16,5,14,0,0,1,0,0,7,1,6,0
2,16,6,12,0,0,0,0,0,7,2,5,0.016113
2,16,6,13,0,0,0,1,0,7,2,5,-0.010742
2,16,7,12,0,0,1,0,0,7,2,5,-0.0053711
2,16,8,10,0,0,0,0,0,7,3,4,0.026855
2,16,8,11,0,0,0,1,0,7,3,4,-0.016113
2,16,9,10,0,0,1,0,0,7,3,4,-0.013428
2,16,10,8,0,0,0,0,0,7,4,3,0.026855
2,16,10,9,0,0,0,1,0,7,4,3,-0.013428
2,16,11,8,0,0,1,0,0,7,4,3,-0.016113
2,16,12,6,0,0,0,0,0,7,5,2,0.016113
2,16,12,7,0,0,0,1,0,7,5,2,-0.0053711
2,16,13,6,0,0,1,0,0,7,5,2,-0.010742
2,16,14,4,0,0,0,0,0,7,6,1,0.0053711
2,16,14,5,0,0,0,1,0,7,6,1,0
2,16,15,4,0,0,1,0,0,7,6,1,-0.0038365
2,16,16,2,0,0,0,0,0,7,7,0,0.0007673
2,16,16,3,0,0,0,1,0,7,7,0,0.0007673
2,16,17,2,0,0,1,0,0,7,7,0,-0.00057547
2,16,18,1,0,0,0,0,0,7,8,-1,0.00057547
2,17,2,16,0,1,0,0,0,7,0,7,-0.00057547
2,17,4,14,0,1,0,0,0,7,1,6,-0.0040283
2,17,6,12,0,1,0,0,0,7,2,5,-0.012085
2,17,8,10,0,1,0,0,0,7,3,4,-0.020142
2,17,10,8,0,1,0,0,0,7,4,3,-0.020142
2,17,12,6,0,1,0,0,0,7,5,2,-0.012085
2,17,14,4,0,1,0,0,0,7,6,1,-0.0040283
2,17,16,2,0,1,0,0,0,7,7,0,-0.00057547
2,18,2,18,0,0,0,0,0,8,0,8,7.1934e-05
2,18,2,19,0,0,0,1,0,8,0,8,-5.5949e-05
2,18,3,18,0,0,1,0,0,8,0,8,7.1934e-05
2,18,4,16,0,0,0,0,0,8,1,7,0.00057547
2,18,4,17,0,0,0,1,0,8,1,7,-0.00043161
2,18,5,16,0,0,1,0,0,8,1,7,0
2,18,6,14,0,0,0,0,0,8,2,6,0.0020142
2,18,6,15,0,0,0,1,0,8,2,6,-0.0014387
2,18,7,14,0,0,1,0,0,8,2,6,-0.00067139
2,18,8,12,0,0,0,0,0,8,3,5,0.0040283
2,18,8,13,0,0,0,1,0,8,3,5,-0.0026855
2,18,9,12,0,0,1,0,0,8,3,5,-0.0020142
2,18,10,10,0,0,0,0,0,8,4,4,0.0050354
2,18,10,11,0,0,0,1,0,8,4,4,-0.0030212
2,18,11,10,0,0,1,0,0,8,4,4,-0.0030212
2,18,12,8,0,0,0,0,0,8,5,3,0.0040283
2,18,12,9,0,0,0,1,0,8,5,3,-0.0020142
2,18,13,8,0,0,1,0,0,8,5,3,-0.0026855
2,18,14,6,0,0,0,0,0,8,6,2,0.0020142
2,18,14,7,0,0,0,1,0,8,6,2,-0.00067139
2,18,15,6,0,0,1,0,0,8,6,2,-0.0014387
2,18,16,4,0,0,0,0,0,8,7,1,0.00057547
2,18,16,5,0,0,0,1,0,8,7,1,0
2,18,17,4,0,0,1,0,0,8,7,1,-0.00043161
2,18,18,2,0,0,0,0,0,8,8,0,7.1934e-05
2,18,18,3,0,0,0,1,0,8,8,0,7.1934e-05
2,18,19,2,0,0,1,0,0,8,8,0,-5.5949e-05
2,19,2,18,0,1,0,0,0,8,0,8,-5.5949e-05
2,19,4,16,0,1,0,0,0,8,1,7,-0.00044759
2,19,6,14,0,1,0,0,0,8,2,6,-0.0015666
2,19,8,12,0,1,0,0,0,8,3,5,-0.0031331
2,19,10,10,0,1,0,0,0,8,4,4,-0.0039164
2,19,12,8,0,1,0,0,0,8,5,3,-0.0031331
2,19,14,6,0,1,0,0,0,8,6,2,-0.0015666
2,19,16,4,0,1,0,0,0,8,7,1,-0.00044759
2,19,18,2,0,1,0,0,0,8,8,0,-5.5949e-05
3,2,2,2,1,0,0,0,0,0,0,0,1.5
3,4,2,4,1,0,0,0,0,1,0,1,3.75
3,4,4,2,1,0,0,0,0,1,1,0,3.75
3,6,2,6,1,0,0,0,0,2,0,2,2.8125
3,6,4,4,1,0,0,0,0,2,1,1,5.625
3,6,6,2,1,0,0,0,0,2,2,0,2.8125
3,8,2,8,1,0,0,0,0,3,0,3,1.0937
3,8,4,6,1,0,0,0,0,3,1,2,3.2812
3,8,6,4,1,0,0,0,0,3,2,1,3.2812
3,8,8,2,1,0,0,0,0,3,3,0,1.0937
3,10,2,10,1,0,0,0,0,4,0,4,0.27344
3,10,4,8,1,0,0,0,0,4,1,3,1.0937
3,10,6,6,1,0,0,0,0,4,2,2,1.6406
3,10,8,4,1,0,0,0,0,4,3,1,1.0937
3,10,10,2,1,0,0,0,0,4,4,0,0.27344
3,12,2,12,1,0,0,0,0,5,0,5,0.049219
3,12,4,10,1,0,0,0,0,5,1,4,0.24609
3,12,6,8,1,0,0,0,0,5,2,3,0.49219
3,12,8,6,1,0,0,0,0,5,3,2,0.49219
3,12,10,4,1,0,0,0,0,5,4,1,0.24609
3,12,12,2,1,0,0,0,0,5,5,0,0.049219
3,14,2,14,1,0,0,0,0,6,0,6,0.0068359
3,14,4,12,1,0,0,0,0,6,1,5,0.041016
3,14,6,10,1,0,0,0,0,6,2,4,0.10254
3,14,8,8,1,0,0,0,0,6,3,3,0.13672
3,14,10,6,1,0,0,0,0,6,4,2,0.10254
3,14,12,4,1,0,0,0,0,6,5,1,0.041016
3,14,14,2,1,0,0,0,0,6,6,0,0.0068359
3,16,2,16,1,0,0,0,0,7,0,7,0.0007673
3,16,4,14,1,0,0,0,0,7,1,6,0.0053711
3,16,6,12,1,0,0,0,0,7,2,5,0.016113
3,16,8,10,1,0,0,0,0,7,3,4,0.026855
3,16,10,8,1,0,0,0,0,7,4,3,0.026855
3,16,12,6,1,0,0,0,0,7,5,2,0.016113
3,16,14,4,1,0,0,0,0,7,6,1,0.0053711
3,16,16,2,1,0,0,0,0,7,7,0,0.0007673
3,18,2,18,1,0,0,0,0,8,0,8,7.1934e-05
3,18,4,16,1,0,0,0,0,8,1,7,0.00057547
3,18,6,14,1,0,0,0,0,8,2,6,0.0020142
3,18,8,12,1,0,0,0,0,8,3,5,0.0040283
3,18,10,10,1,0,0,0,0,8,4,4,0.0050354
3,18,12,8,1,0,0,0,0,8,5,3,0.0040283
3,18,14,6,1,0,0,0,0,8,6,2,0.0020142
3,18,16,4,1,0,0,0,0,8,7,1,0.00057547
3,18,18,2,1,0,0,0,0,8,8,0,7.1934e-05
4,1,2,2,0,0,0,0,1,-1,0,0,3.75
4,2,1,6,0,0,0,0,1,0,-1,2,5.625
4,2,2,4,0,0,0,0,1,0,0,1,3.75
4,2,2,5,0,0,0,1,1,0,0,1,0
4,2,3,4,0,0,1,0,1,0,0,1,3.75
4,2,4,2,0,0,0,0,1,0,1,0,3.75
4,2,4,3,0,0,0,1,1,0,1,0,3.75
4,2,5,2,0,0,1,0,1,0,1,0,0
4,2,6,1,0,0,0,0,1,0,2,-1,5.625
4,3,2,4,0,1,0,0,1,0,0,1,3.75
4,3,4,2,0,1,0,0,1,0,1,0,3.75
4,4,1,8,0,0,0,0,1,1,-1,3,6.5625
4,4,2,6,0,0,0,0,1,1,0,2,5.625
4,4,2,7,0,0,0,1,1,1,0,2,-1.875
4,4,3,6,0,0,1,0,1,1,0,2,5.625
4,4,4,4,0,0,0,0,1,1,1,1,11.25
4,4,4,5,0,0,0,1,1,1,1,1,0
4,4,5,4,0,0,1,0,1,1,1,1,0
4,4,6,2,0,0,0,0,1,1,2,0,5.625
4,4,6,3,0,0,0,1,1,1,2,0,5.625
4,4,7,2,0,0,1,0,1,1,2,0,-1.875
4,4,8,1,0,0,0,0,1,1,3,-1,6.5625
4,5,2,6,0,1,0,0,1,1,0,2,0
4,5,4,4,0,1,0,0,1,1,1,1,0
4,5,6,2,0,1,0,0,1,1,2,0,0
4,6,1,10,0,0,0,0,1,2,-1,4,3.2812
4,6,2,8,0,0,0,0,1,2,0,3,3.2812
4,6,2,9,0,0,0,1,1,2,0,3,-1.6406
4,6,3,8,0,0,1,0,1,2,0,3,3.2812
4,6,4,6,0,0,0,0,1,2,1,2,9.8437
4,6,4,7,0,0,0,1,1,2,1,2,-3.2812
4,6,5,6,0,0,1,0,1,2,1,2,0
4,6,6,4,0,0,0,0,1,2,2,1,9.8437
4,6,6,5,0,0,0,1,1,2,2,1,0
4,6,7,4,0,0,1,0,1,2,2,1,-3.2812
4,6,8,2,0,0,0,0,1,2,3,0,3.2812
4,6,8,3,0,0,0,1,1,2,3,0,3.2812
4,6,9,2,0,0,1,0,1,2,3,0,-1.6406
4,6,10,1,0,0,0,0,1,2,4,-1,3.2812
4,7,2,8,0,1,0,0,1,2,0,3,-1.0937
4,7,4,6,0,1,0,0,1,2,1,2,-3.2812
4,7,6,4,0,1,0,0,1,2,2,1,-3.2812
4,7,8,2,0,1,0,0,1,2,3,0,-1.0937
4,8,1,12,0,0,0,0,1,3,-1,5,0.98437
4,8,2,10,0,0,0,0,1,3,0,4,1.0937
4,8,2,11,0,0,0,1,1,3,0,4,-0.65625
4,8,3,10,0,0,1,0,1,3,0,4,1.0937
4,8,4,8,0,0,0,0,1,3,1,3,4.375
4,8,4,9,0,0,0,1,1,3,1,3,-2.1875
4,8,5,8,0,0,1,0,1,3,1,3,0
4,8,6,6,0,0,0,0,1,3,2,2,6.5625
4,8,6,7,0,0,0,1,1,3,2,2,-2.1875
4,8,7,6,0,0,1,0,1,3,2,2,-2.1875
4,8,8,4,0,0,0,0,1,3,3,1,4.375
4,8,8,5,0,0,0,1,1,3,3,1,0
4,8,9,4,0,0,1,0,1,3,3,1,-2.1875
4,8,10,2,0,0,0,0,1,3,4,0,1.0937
4,8,10,3,0,0,0,1,1,3,4,0,1.0937
4,8,11,2,0,0,1,0,1,3,4,0,-0.65625
4,8,12,1,0,0,0,0,1,3,5,-1,0.98437
4,9,2,10,0,1,0,0,1,3,0,4,-0.54687
4,9,4,8,0,1,0,0,1,3,1,3,-2.1875
4,9,6,6,0,1,0,0,1,3,2,2,-3.2812
4,9,8,4,0,1,0,0,1,3,3,1,-2.1875
4,9,10,2,0,1,0,0,1,3,4,0,-0.54687
4,10,1,14,0,0,0,0,1,4,-1,6,0.20508
4,10,2,12,0,0,0,0,1,4,0,5,0.24609
4,10,2,13,0,0,0,1,1,4,0,5,-0.16406
4,10,3,12,0,0,1,0,1,4,0,5,0.24609
4,10,4,10,0,0,0,0,1,4,1,4,1.2305
4,10,4,11,0,0,0,1,1,4,1,4,-0.73828
4,10,5,10,0,0,1,0,1,4,1,4,0
4,10,6,8,0,0,0,0,1,4,2,3,2.4609
4,10,6,9,0,0,0,1,1,4,2,3,-1.2305
4,10,7,8,0,0,1,0,1,4,2,3,-0.82031
4,10,8,6,0,0,0,0,1,4,3,2,2.4609
4,10,8,7,0,0,0,1,1,4,3,2,-0.82031
4,10,9,6,0,0,1,0,1,4,3,2,-1.2305
4,10,10,4,0,0,0,0,1,4,4,1,1.2305
4,10,10,5,0,0,0,1,1,4,4,1,0
4,10,11,4,0,0,1,0,1,4,4,1,-0.73828
4,10,12,2,0,0,0,0,1,4,5,0,0.24609
4,10,12,3,0,0,0,1,1,4,5,0,0.24609
4,10,13,2,0,0,1,0,1,4,5,0,-0.16406
4,10,14,1,0,0,0,0,1,4,6,-1,0.20508
4,11,2,12,0,1,0,0,1,4,0,5,-0.14766
4,11,4,10,0,1,0,0,1,4,1,4,-0.73828
4,11,6,8,0,1,0,0,1,4,2,3,-1.4766
4,11,8,6,0,1,0,0,1,4,3,2,-1.4766
4,11,10,4,0,1,0,0,1,4,4,1,-0.73828
4,11,12,2,0,1,0,0,1,4,5,0,-0.14766
4,12,1,16,0,0,0,0,1,5,-1,7,0.032227
4,12,2,14,0,0,0,0,1,5,0,6,0.041016
4,12,2,15,0,0,0,1,1,5,0,6,-0.029297
4,12,3,14,0,0,1,0,1,5,0,6,0.041016
4,12,4,12,0,0,0,0,1,5,1,5,0.24609
4,12,4,13,0,0,0,1,1,5,1,5,-0.16406
4,12,5,12,0,0,1,0,1,5,1,5,0
4,12,6,10,0,0,0,0,1,5,2,4,0.61523
4,12,6,11,0,0,0,1,1,5,2,4,-0.36914
4,12,7,10,0,0,1,0,1,5,2,4,-0.20508
4,12,8,8,0,0,0,0,1,5,3,3,0.82031
4,12,8,9,0,0,0,1,1,5,3,3,-0.41016
4,12,9,8,0,0,1,0,1,5,3,3,-0.41016
4,12,10,6,0,0,0,0,1,5,4,2,0.61523
4,12,10,7,0,0,0,1,1,5,4,2,-0.20508
4,12,11,6,0,0,1,0,1,5,4,2,-0.36914
4,12,12,4,0,0,0,0,1,5,5,1,0.24609
4,12,12,5,0,0,0,1,1,5,5,1,0
4,12,13,4,0,0,1,0,1,5,5,1,-0.16406
4,12,14,2,0,0,0,0,1,5,6,0,0.041016
4,12,14,3,0,0,0,1,1,5,6,0,0.041016
4,12,15,2,0,0,1,0,1,5,6,0,-0.029297
4,12,16,1,0,0,0,0,1,5,7,-1,0.032227
4,13,2,14,0,1,0,0,1,5,0,6,-0.027344
4,13,4,12,0,1,0,0,1,5,1,5,-0.16406
4,13,6,10,0,1,0,0,1,5,2,4,-0.41016
4,13,8,8,0,1,0,0,1,5,3,3,-0.54687
4,13,10,6,0,1,0,0,1,5,4,2,-0.41016
4,13,12,4,0,1,0,0,1,5,5,1,-0.16406
4,13,14,2,0,1,0,0,1,5,6,0,-0.027344
4,14,1,18,0,0,0,0,1,6,-1,8,0.0040283
4,14,2,16,0,0,0,0,1,6,0,7,0.0053711
4,14,2,17,0,0,0,1,1,6,0,7,-0.0040283
4,14,3,16,0,0,1,0,1,6,0,7,0.0053711
4,14,4,14,0,0,0,0,1,6,1,6,0.037598
4,14,4,15,0,0,0,1,1,6,1,6,-0.026855
4,14,5,14,0,0,1,0,1,6,1,6,0
4,14,6,12,0,0,0,0,1,6,2,5,0.11279
4,14,6,13,0,0,0,1,1,6,2,5,-0.075195
4,14,7,12,0,0,1,0,1,6,2,5,-0.037598
4,14,8,10,0,0,0,0,1,6,3,4,0.18799
4,14,8,11,0,0,0,1,1,6,3,4,-0.11279
4,14,9,10,0,0,1,0,1,6,3,4,-0.093994
4,14,10,8,0,0,0,0,1,6,4,3,0.18799
4,14,10,9,0,0,0,1,1,6,4,3,-0.093994
4,14,11,8,0,0,1,0,1,6,4,3,-0.11279
4,14,12,6,0,0,0,0,1,6,5,2,0.11279
4,14,12,7,0,0,0,1,1,6,5,2,-0.037598
4,14,13,6,0,0,1,0,1,6,5,2,-0.075195
4,14,14,4,0,0,0,0,1,6,6,1,0.037598
4,14,14,5,0,0,0,1,1,6,6,1,0
4,14,15,4,0,0,1,0,1,6,6,1,-0.026855
4,14,16,2,0,0,0,0,1,6,7,0,0.0053711
4,14,16,3,0,0,0,1,1,6,7,0,0.0053711
4,14,17,2,0,0,1,0,1,6,7,0,-0.0040283
4,14,18,1,0,0,0,0,1,6,8,-1,0.0040283
4,15,2,16,0,1,0,0,1,6,0,7,-0.0038365
4,15,4,14,0,1,0,0,1,6,1,6,-0.026855
4,15,6,12,0,1,0,0,1,6,2,5,-0.080566
4,15,8,10,0,1,0,0,1,6,3,4,-0.13428
4,15,10,8,0,1,0,0,1,6,4,3,-0.13428
4,15,12,6,0,1,0,0,1,6,5,2,-0.080566
4,15,14,4,0,1,0,0,1,6,6,1,-0.026855
4,15,16,2,0,1,0,0,1,6,7,0,-0.0038365
4,16,2,18,0,0,0,0,1,7,0,8,0.00057547
4,16,2,19,0,0,0,1,1,7,0,8,-0.00044759
4,16,3,18,0,0,1,0,1,7,0,8,0.00057547
4,16,4,16,0,0,0,0,1,7,1,7,0.0046038
4,16,4,17,0,0,0,1,1,7,1,7,-0.0034528
4,16,5,16,0,0,1,0,1,7,1,7,0
4,16,6,14,0,0,0,0,1,7,2,6,0.016113
4,16,6,15,0,0,0,1,1,7,2,6,-0.011509
4,16,7,14,0,0,1,0,1,7,2,6,-0.0053711
4,16,8,12,0,0,0,0,1,7,3,5,0.032227
4,16,8,13,0,0,0,1,1,7,3,5,-0.021484
4,16,9,12,0,0,1,0,1,7,3,5,-0.016113
4,16,10,10,0,0,0,0,1,7,4,4,0.040283
4,16,10,11,0,0,0,1,1,7,4,4,-0.02417
4,16,11,10,0,0,1,0,1,7,4,4,-0.02417
4,16,12,8,0,0,0,0,1,7,5,3,0.032227
4,16,12,9,0,0,0,1,1,7,5,3,-0.016113
4,16,13,8,0,0,1,0,1,7,5,3,-0.021484
4,16,14,6,0,0,0,0,1,7,6,2,0.016113
4,16,14,7,0,0,0,1,1,7,6,2,-0.0053711
4,16,15,6,0,0,1,0,1,7,6,2,-0.011509
4,16,16,4,0,0,0,0,1,7,7,1,0.0046038
4,16,16,5,0,0,0,1,1,7,7,1,0
4,16,17,4,0,0,1,0,1,7,7,1,-0.0034528
4,16,18,2,0,0,0,0,1,7,8,0,0.00057547
4,16,18,3,0,0,0,1,1,7,8,0,0.00057547
4,16,19,2,0,0,1,0,1,7,8,0,-0.00044759
4,17,2,18,0,1,0,0,1,7,0,8,-0.00043161
4,17,4,16,0,1,0,0,1,7,1,7,-0.0034528
4,17,6,14,0,1,0,0,1,7,2,6,-0.012085
4,17,8,12,0,1,0,0,1,7,3,5,-0.02417
4,17,10,10,0,1,0,0,1,7,4,4,-0.030212
4,17,12,8,0,1,0,0,1,7,5,3,-0.02417
4,17,14,6,0,1,0,0,1,7,6,2,-0.012085
4,17,16,4,0,1,0,0,1,7,7,1,-0.0034528
4,17,18,2,0,1,0,0,1,7,8,0,-0.00043161
5,2,2,4,1,0,0,0,1,0,0,1,0
5,2,4,2,1,0,0,0,1,0,1,0,0
5,4,2,6,1,0,0,0,1,1,0,2,0
5,4,4,4,1,0,0,0,1,1,1,1,0
5,4,6,2,1,0,0,0,1,1,2,0,0
5,6,2,8,1,0,0,0,1,2,0,3,0
5,6,4,6,1,0,0,0,1,2,1,2,0
5,6,6,4,1,0,0,0,1,2,2,1,0
5,6,8,2,1,0,0,0,1,2,3,0,0
5,8,2,10,1,0,0,0,1,3,0,4,0
5,8,4,8,1,0,0,0,1,3,1,3,0
5,8,6,6,1,0,0,0,1,3,2,2,0
5,8,8,4,1,0,0,0,1,3,3,1,0
5,8,10,2,1,0,0,0,1,3,4,0,0
5,10,2,12,1,0,0,0,1,4,0,5,0
5,10,4,10,1,0,0,0,1,4,1,4,0
5,10,6,8,1,0,0,0,1,4,2,3,0
5,10,8,6,1,0,0,0,1,4,3,2,0
5,10,10,4,1,0,0,0,1,4,4,1,0
5,10,12,2,1,0,0,0,1,4,5,0,0
5,12,2,14,1,0,0,0,1,5,0,6,0
5,12,4,12,1,0,0,0,1,5,1,5,0
5,12,6,10,1,0,0,0,1,5,2,4,0
5,12,8,8,1,0,0,0,1,5,3,3,0
5,12,10,6,1,0,0,0,1,5,4,2,0
5,12,12,4,1,0,0,0,1,5,5,1,0
5,12,14,2,1,0,0,0,1,5,6,0,0
5,14,2,16,1,0,0,0,1,6,0,7,0
5,14,4,14,1,0,0,0,1,6,1,6,0
5,14,6,12,1,0,0,0,1,6,2,5,0
5,14,8,10,1,0,0,0,1,6,3,4,0
5,14,10,8,1,0,0,0,1,6,4,3,0
5,14,12,6,1,0,0,0,1,6,5,2,0
5,14,14,4,1,0,0,0,1,6,6,1,0
5,14,16,2,1,0,0,0,1,6,7,0,0
5,16,2,18,1,0,0,0,1,7,0,8,0
5,16,4,16,1,0,0,0,1,7,1,7,0
5,16,6,14,1,0,0,0,1,7,2,6,0
5,16,8,12,1,0,0,0,1,7,3,5,0
5,16,10,10,1,0,0,0,1,7,4,4,0
5,16,12,8,1,0,0,0,1,7,5,3,0
5,16,14,6,1,0,0,0,1,7,6,2,0
5,16,16,4,1,0,0,0,1,7,7,1,0
5,16,18,2,1,0,0,0,1,7,8,0,0
6,1,2,4,0,0,0,0,2,-1,0,1,5.625
6,1,4,2,0,0,0,0,2,-1,1,0,5.625
6,2,1,8,0,0,0,0,2,0,-1,3,3.2812
6,2,2,6,0,0,0,0,2,0,0,2,2.8125
6,2,2,7,0,0,0,1,2,0,0,2,-0.9375
6,2,3,6,0,0,1,0,2,0,0,2,2.8125
6,2,4,4,0,0,0,0,2,0,1,1,5.625
6,2,4,5,0,0,0,1,2,0,1,1,0
6,2,5,4,0,0,1,0,2,0,1,1,0
6,2,6,2,0,0,0,0,2,0,2,0,2.8125
6,2,6,3,0,0,0,1,2,0,2,0,2.8125
6,2,7,2,0,0,1,0,2,0,2,0,-0.9375
6,2,8,1,0,0,0,0,2,0,3,-1,3.2812
6,3,2,6,0,1,0,0,2,0,0,2,2.8125
6,3,4,4,0,1,0,0,2,0,1,1,5.625
6,3,6,2,0,1,0,0,2,0,2,0,2.8125
6,4,1,10,0,0,0,0,2,1,-1,4,3.2812
6,4,2,8,0,0,0,0,2,1,0,3,3.2812
6,4,2,9,0,0,0,1,2,1,0,3,-1.6406
6,4,3,8,0,0,1,0,2,1,0,3,3.2812
6,4,4,6,0,0,0,0,2,1,1,2,9.8437
6,4,4,7,0,0,0,1,2,1,1,2,-3.2812
6,4,5,6,0,0,1,0,2,1,1,2,0
6,4,6,4,0,0,0,0,2,1,2,1,9.8437
6,4,6,5,0,0,0,1,2,1,2,1,0
6,4,7,4,0,0,1,0,2,1,2,1,-3.2812
6,4,8,2,0,0,0,0,2,1,3,0,3.2812
6,4,8,3,0,0,0,1,2,1,3,0,3.2812
6,4,9,2,0,0,1,0,2,1,3,0,-1.6406
6,4,10,1,0,0,0,0,2,1,4,-1,3.2812
6,5,2,8,0,1,0,0,2,1,0,3,0
6,5,4,6,0,1,0,0,2,1,1,2,0
6,5,6,4,0,1,0,0,2,1,2,1,0
6,5,8,2,0,1,0,0,2,1,3,0,0
6,6,1,12,0,0,0,0,2,2,-1,5,1.4766
6,6,2,10,0,0,0,0,2,2,0,4,1.6406
6,6,2,11,0,0,0,1,2,2,0,4,-0.98437
6,6,3,10,0,0,1,0,2,2,0,4,1.6406
6,6,4,8,0,0,0,0,2,2,1,3,6.5625
6,6,4,9,0,0,0,1,2,2,1,3,-3.2812
6,6,5,8,0,0,1,0,2,2,1,3,0
6,6,6,6,0,0,0,0,2,2,2,2,9.8437
6,6,6,7,0,0,0,1,2,2,2,2,-3.2812
6,6,7,6,0,0,1,0,2,2,2,2,-3.2812
6,6,8,4,0,0,0,0,2,2,3,1,6.5625
6,6,8,5,0,0,0,1,2,2,3,1,0
6,6,9,4,0,0,1,0,2,2,3,1,-3.2812
6,6,10,2,0,0,0,0,2,2,4,0,1.6406
6,6,10,3,0,0,0,1,2,2,4,0,1.6406
6,6,11,2,0,0,1,0,2,2,4,0,-0.98437
6,6,12,1,0,0,0,0,2,2,5,-1,1.4766
6,7,2,10,0,1,0,0,2,2,0,4,-0.54687
6,7,4,8,0,1,0,0,2,2,1,3,-2.1875
6,7,6,6,0,1,0,0,2,2,2,2,-3.2812
6,7,8,4,0,1,0,0,2,2,3,1,-2.1875
6,7,10,2,0,1,0,0,2,2,4,0,-0.54687
6,8,1,14,0,0,0,0,2,3,-1,6,0.41016
6,8,2,12,0,0,0,0,2,3,0,5,0.49219
6,8,2,13,0,0,0,1,2,3,0,5,-0.32812
6,8,3,12,0,0,1,0,2,3,0,5,0.49219
6,8,4,10,0,0,0,0,2,3,1,4,2.4609
6,8,4,11,0,0,0,1,2,3,1,4,-1.4766
6,8,5,10,0,0,1,0,2,3,1,4,0
6,8,6,8,0,0,0,0,2,3,2,3,4.9219
6,8,6,9,0,0,0,1,2,3,2,3,-2.4609
6,8,7,8,0,0,1,0,2,3,2,3,-1.6406
6,8,8,6,0,0,0,0,2,3,3,2,4.9219
6,8,8,7,0,0,0,1,2,3,3,2,-1.6406
6,8,9,6,0,0,1,0,2,3,3,2,-2.4609
6,8,10,4,0,0,0,0,2,3,4,1,2.4609
6,8,10,5,0,0,0,1,2,3,4,1,0
6,8,11,4,0,0,1,0,2,3,4,1,-1.4766
6,8,12,2,0,0,0,0,2,3,5,0,0.49219
6,8,12,3,0,0,0,1,2,3,5,0,0.49219
6,8,13,2,0,0,1,0,2,3,5,0,-0.32812
6,8,14,1,0,0,0,0,2,3,6,-1,0.41016
6,9,2,12,0,1,0,0,2,3,0,5,-0.24609
6,9,4,10,0,1,0,0,2,3,1,4,-1.2305
6,9,6,8,0,1,0,0,2,3,2,3,-2.4609
6,9,8,6,0,1,0,0,2,3,3,2,-2.4609
6,9,10,4,0,1,0,0,2,3,4,1,-1.2305
6,9,12,2,0,1,0,0,2,3,5,0,-0.24609
6,10,1,16,0,0,0,0,2,4,-1,7,0.080566
6,10,2,14,0,0,0,0,2,4,0,6,0.10254
6,10,2,15,0,0,0,1,2,4,0,6,-0.073242
6,10,3,14,0,0,1,0,2,4,0,6,0.10254
6,10,4,12,0,0,0,0,2,4,1,5,0.61523
6,10,4,13,0,0,0,1,2,4,1,5,-0.41016
6,10,5,12,0,0,1,0,2,4,1,5,0
6,10,6,10,0,0,0,0,2,4,2,4,1.5381
6,10,6,11,0,0,0,1,2,4,2,4,-0.92285
6,10,7,10,0,0,1,0,2,4,2,4,-0.5127
6,10,8,8,0,0,0,0,2,4,3,3,2.0508
6,10,8,9,0,0,0,1,2,4,3,3,-1.0254
6,10,9,8,0,0,1,0,2,4,3,3,-1.0254
6,10,10,6,0,0,0,0,2,4,4,2,1.5381
6,10,10,7,0,0,0,1,2,4,4,2,-0.5127
6,10,11,6,0,0,1,0,2,4,4,2,-0.92285
6,10,12,4,0,0,0,0,2,4,5,1,0.61523
6,10,12,5,0,0,0,1,2,4,5,1,0
6,10,13,4,0,0,1,0,2,4,5,1,-0.41016
6,10,14,2,0,0,0,0,2,4,6,0,0.10254
6,10,14,3,0,0,0,1,2,4,6,0,0.10254
6,10,15,2,0,0,1,0,2,4,6,0,-0.073242
6,10,16,1,0,0,0,0,2,4,7,-1,0.080566
6,11,2,14,0,1,0,0,2,4,0,6,-0.061523
6,11,4,12,0,1,0,0,2,4,1,5,-0.36914
6,11,6,10,0,1,0,0,2,4,2,4,-0.92285
6,11,8,8,0,1,0,0,2,4,3,3,-1.2305
6,11,10,6,0,1,0,0,2,4,4,2,-0.92285
6,11,12,4,0,1,0,0,2,4,5,1,-0.36914
6,11,14,2,0,1,0,0,2,4,6,0,-0.061523
6,12,1,18,0,0,0,0,2,5,-1,8,0.012085
6,12,2,16,0,0,0,0,2,5,0,7,0.016113
6,12,2,17,0,0,0,1,2,5,0,7,-0.012085
6,12,3,16,0,0,1,0,2,5,0,7,0.016113
6,12,4,14,0,0,0,0,2,5,1,6,0.11279
6,12,4,15,0,0,0,1,2,5,1,6,-0.080566
6,12,5,14,0,0,1,0,2,5,1,6,0
6,12,6,12,0,0,0,0,2,5,2,5,0.33838
6,12,6,13,0,0,0,1,2,5,2,5,-0.22559
6,12,7,12,0,0,1,0,2,5,2,5,-0.11279
6,12,8,10,0,0,0,0,2,5,3,4,0.56396
6,12,8,11,0,0,0,1,2,5,3,4,-0.33838
6,12,9,10,0,0,1,0,2,5,3,4,-0.28198
6,12,10,8,0,0,0,0,2,5,4,3,0.56396
6,12,10,9,0,0,0,1,2,5,4,3,-0.28198
6,12,11,8,0,0,1,0,2,5,4,3,-0.33838
6,12,12,6,0,0,0,0,2,5,5,2,0.33838
6,12,12,7,0,0,0,1,2,5,5,2,-0.11279
6,12,13,6,0,0,1,0,2,5,5,2,-0.22559
6,12,14,4,0,0,0,0,2,5,6,1,0.11279
6,12,14,5,0,0,0,1,2,5,6,1,0
6,12,15,4,0,0,1,0,2,5,6,1,-0.080566
6,12,16,2,0,0,0,0,2,5,7,0,0.016113
6,12,16,3,0,0,0,1,2,5,7,0,0.016113
6,12,17,2,0,0,1,0,2,5,7,0,-0.012085
6,12,18,1,0,0,0,0,2,5,8,-1,0.012085
6,13,2,16,0,1,0,0,2,5,0,7,-0.010742
6,13,4,14,0,1,0,0,2,5,1,6,-0.075195
6,13,6,12,0,1,0,0,2,5,2,5,-0.22559
6,13,8,10,0,1,0,0,2,5,3,4,-0.37598
6,13,10,8,0,1,0,0,2,5,4,3,-0.37598
6,13,12,6,0,1,0,0,2,5,5,2,-0.22559
6,13,14,4,0,1,0,0,2,5,6,1,-0.075195
6,13,16,2,0,1,0,0,2,5,7,0,-0.010742
6,14,2,18,0,0,0,0,2,6,0,8,0.0020142
6,14,2,19,0,0,0,1,2,6,0,8,-0.0015666
6,14,3,18,0,0,1,0,2,6,0,8,0.0020142
6,14,4,16,0,0,0,0,2,6,1,7,0.016113
6,14,4,17,0,0,0,1,2,6,1,7,-0.012085
6,14,5,16,0,0,1,0,2,6,1,7,0
6,14,6,14,0,0,0,0,2,6,2,6,0.056396
6,14,6,15,0,0,0,1,2,6,2,6,-0.040283
6,14,7,14,0,0,1,0,2,6,2,6,-0.018799
6,14,8,12,0,0,0,0,2,6,3,5,0.11279
6,14,8,13,0,0,0,1,2,6,3,5,-0.075195
6,14,9,12,0,0,1,0,2,6,3,5,-0.056396
6,14,10,10,0,0,0,0,2,6,4,4,0.14099
6,14,10,11,0,0,0,1,2,6,4,4,-0.084595
6,14,11,10,0,0,1,0,2,6,4,4,-0.084595
6,14,12,8,0,0,0,0,2,6,5,3,0.11279
6,14,12,9,0,0,0,1,2,6,5,3,-0.056396
6,14,13,8,0,0,1,0,2,6,5,3,-0.075195
6,14,14,6,0,0,0,0,2,6,6,2,0.056396
6,14,14,7,0,0,0,1,2,6,6,2,-0.018799
6,14,15,6,0,0,1,0,2,6,6,2,-0.040283
6,14,16,4,0,0,0,0,2,6,7,1,0.016113
6,14,16,5,0,0,0,1,2,6,7,1,0
6,14,17,4,0,0,1,0,2,6,7,1,-0.012085
6,14,18,2,0,0,0,0,2,6,8,0,0.0020142
6,14,18,3,0,0,0,1,2,6,8,0,0.0020142
6,14,19,2,0,0,1,0,2,6,8,0,-0.0015666
6,15,2,18,0,1,0,0,2,6,0,8,-0.0014387
6,15,4,16,0,1,0,0,2,6,1,7,-0.011509
6,15,6,14,0,1,0,0,2,6,2,6,-0.040283
6,15,8,12,0,1,0,0,2,6,3,5,-0.080566
6,15,10,10,0,1,0,0,2,6,4,4,-0.10071
6,15,12,8,0,1,0,0,2,6,5,3,-0.080566
6,15,14,6,0,1,0,0,2,6,6,2,-0.040283
6,15,16,4,0,1,0,0,2,6,7,1,-0.011509
6,15,18,2,0,1,0,0,2,6,8,0,-0.0014387
7,2,2,6,1,0,0,0,2,0,0,2,-0.9375
7,2,4,4,1,0,0,0,2,0,1,1,-1.875
7,2,6,2,1,0,0,0,2,0,2,0,-0.9375
7,4,2,8,1,0,0,0,2,1,0,3,-1.0937
7,4,4,6,1,0,0,0,2,1,1,2,-3.2812
7,4,6,4,1,0,0,0,2,1,2,1,-3.2812
7,4,8,2,1,0,0,0,2,1,3,0,-1.0937
7,6,2,10,1,0,0,0,2,2,0,4,-0.54687
7,6,4,8,1,0,0,0,2,2,1,3,-2.1875
7,6,6,6,1,0,0,0,2,2,2,2,-3.2812
7,6,8,4,1,0,0,0,2,2,3,1,-2.1875
7,6,10,2,1,0,0,0,2,2,4,0,-0.54687
7,8,2,12,1,0,0,0,2,3,0,5,-0.16406
7,8,4,10,1,0,0,0,2,3,1,4,-0.82031
7,8,6,8,1,0,0,0,2,3,2,3,-1.6406
7,8,8,6,1,0,0,0,2,3,3,2,-1.6406
7,8,10,4,1,0,0,0,2,3,4,1,-0.82031
7,8,12,2,1,0,0,0,2,3,5,0,-0.16406
7,10,2,14,1,0,0,0,2,4,0,6,-0.03418
7,10,4,12,1,0,0,0,2,4,1,5,-0.20508
7,10,6,10,1,0,0,0,2,4,2,4,-0.5127
7,10,8,8,1,0,0,0,2,4,3,3,-0.68359
7,10,10,6,1,0,0,0,2,4,4,2,-0.5127
7,10,12,4,1,0,0,0,2,4,5,1,-0.20508
7,10,14,2,1,0,0,0,2,4,6,0,-0.03418
7,12,2,16,1,0,0,0,2,5,0,7,-0.0053711
7,12,4,14,1,0,0,0,2,5,1,6,-0.037598
7,12,6,12,1,0,0,0,2,5,2,5,-0.11279
7,12,8,10,1,0,0,0,2,5,3,4,-0.18799
7,12,10,8,1,0,0,0,2,5,4,3,-0.18799
7,12,12,6,1,0,0,0,2,5,5,2,-0.11279
7,12,14,4,1,0,0,0,2,5,6,1,-0.037598
7,12,16,2,1,0,0,0,2,5,7,0,-0.0053711
7,14,2,18,1,0,0,0,2,6,0,8,-0.00067139
7,14,4,16,1,0,0,0,2,6,1,7,-0.0053711
7,14,6,14,1,0,0,0,2,6,2,6,-0.018799
7,14,8,12,1,0,0,0,2,6,3,5,-0.037598
7,14,10,10,1,0,0,0,2,6,4,4,-0.046997
7,14,12,8,1,0,0,0,2,6,5,3,-0.037598
7,14,14,6,1,0,0,0,2,6,6,2,-0.018799
7,14,16,4,1,0,0,0,2,6,7,1,-0.0053711
7,14,18,2,1,0,0,0,2,6,8,0,-0.00067139
8,1,2,6,0,0,0,0,3,-1,0,2,3.2812
8,1,4,4,0,0,0,0,3,-1,1,1,6.5625
8,1,6,2,0,0,0,0,3,-1,2,0,3.2812
8,2,1,10,0,0,0,0,3,0,-1,4,1.0937
8,2,2,8,0,0,0,0,3,0,0,3,1.0937
8,2,2,9,0,0,0,1,3,0,0,3,-0.54687
8,2,3,8,0,0,1,0,3,0,0,3,1.0937
8,2,4,6,0,0,0,0,3,0,1,2,3.2812
8,2,4,7,0,0,0,1,3,0,1,2,-1.0937
8,2,5,6,0,0,1,0,3,0,1,2,0
8,2,6,4,0,0,0,0,3,0,2,1,3.2812
8,2,6,5,0,0,0,1,3,0,2,1,0
8,2,7,4,0,0,1,0,3,0,2,1,-1.0937
8,2,8,2,0,0,0,0,3,0,3,0,1.0937
8,2,8,3,0,0,0,1,3,0,3,0,1.0937
8,2,9,2,0,0,1,0,3,0,3,0,-0.54687
8,2,10,1,0,0,0,0,3,0,4,-1,1.0937
8,3,2,8,0,1,0,0,3,0,0,3,1.0937
8,3,4,6,0,1,0,0,3,0,1,2,3.2812
8,3,6,4,0,1,0,0,3,0,2,1,3.2812
8,3,8,2,0,1,0,0,3,0,3,0,1.0937
8,4,1,12,0,0,0,0,3,1,-1,5,0.98437
8,4,2,10,0,0,0,0,3,1,0,4,1.0937
8,4,2,11,0,0,0,1,3,1,0,4,-0.65625
8,4,3,10,0,0,1,0,3,1,0,4,1.0937
8,4,4,8,0,0,0,0,3,1,1,3,4.375
8,4,4,9,0,0,0,1,3,1,1,3,-2.1875
8,4,5,8,0,0,1,0,3,1,1,3,0
8,4,6,6,0,0,0,0,3,1,2,2,6.5625
8,4,6,7,0,0,0,1,3,1,2,2,-2.1875
8,4,7,6,0,0,1,0,3,1,2,2,-2.1875
8,4,8,4,0,0,0,0,3,1,3,1,4.375
8,4,8,5,0,0,0,1,3,1,3,1,0
8,4,9,4,0,0,1,0,3,1,3,1,-2.1875
8,4,10,2,0,0,0,0,3,1,4,0,1.0937
8,4,10,3,0,0,0,1,3,1,4,0,1.0937
8,4,11,2,0,0,1,0,3,1,4,0,-0.65625
8,4,12,1,0,0,0,0,3,1,5,-1,0.98437
8,5,2,10,0,1,0,0,3,1,0,4,0
8,5,4,8,0,1,0,0,3,1,1,3,0
8,5,6,6,0,1,0,0,3,1,2,2,0
8,5,8,4,0,1,0,0,3,1,3,1,0
8,5,10,2,0,1,0,0,3,1,4,0,0
8,6,1,14,0,0,0,0,3,2,-1,6,0.41016
8,6,2,12,0,0,0,0,3,2,0,5,0.49219
8,6,2,13,0,0,0,1,3,2,0,5,-0.32812
8,6,3,12,0,0,1,0,3,2,0,5,0.49219
8,6,4,10,0,0,0,0,3,2,1,4,2.4609
8,6,4,11,0,0,0,1,3,2,1,4,-1.4766
8,6,5,10,0,0,1,0,3,2,1,4,0
8,6,6,8,0,0,0,0,3,2,2,3,4.9219
8,6,6,9,0,0,0,1,3,2,2,3,-2.4609
8,6,7,8,0,0,1,0,3,2,2,3,-1.6406
8,6,8,6,0,0,0,0,3,2,3,2,4.9219
8,6,8,7,0,0,0,1,3,2,3,2,-1.6406
8,6,9,6,0,0,1,0,3,2,3,2,-2.4609
8,6,10,4,0,0,0,0,3,2,4,1,2.4609
8,6,10,5,0,0,0,1,3,2,4,1,0
8,6,11,4,0,0,1,0,3,2,4,1,-1.4766
8,6,12,2,0,0,0,0,3,2,5,0,0.49219
8,6,12,3,0,0,0,1,3,2,5,0,0.49219
8,6,13,2,0,0,1,0,3,2,5,0,-0.32812
8,6,14,1,0,0,0,0,3,2,6,-1,0.41016
8,7,2,12,0,1,0,0,3,2,0,5,-0.16406
8,7,4,10,0,1,0,0,3,2,1,4,-0.82031
8,7,6,8,0,1,0,0,3,2,2,3,-1.6406
8,7,8,6,0,1,0,0,3,2,3,2,-1.6406
8,7,10,4,0,1,0,0,3,2,4,1,-0.82031
8,7,12,2,0,1,0,0,3,2,5,0,-0.16406
8,8,1,16,0,0,0,0,3,3,-1,7,0.10742
8,8,2,14,0,0,0,0,3,3,0,6,0.13672
8,8,2,15,0,0,0,1,3,3,0,6,-0.097656
8,8,3,14,0,0,1,0,3,3,0,6,0.13672
8,8,4,12,0,0,0,0,3,3,1,5,0.82031
8,8,4,13,0,0,0,1,3,3,1,5,-0.54687
8,8,5,12,0,0,1,0,3,3,1,5,0
8,8,6,10,0,0,0,0,3,3,2,4,2.0508
8,8,6,11,0,0,0,1,3,3,2,4,-1.2305
8,8,7,10,0,0,1,0,3,3,2,4,-0.68359
8,8,8,8,0,0,0,0,3,3,3,3,2.7344
8,8,8,9,0,0,0,1,3,3,3,3,-1.3672
8,8,9,8,0,0,1,0,3,3,3,3,-1.3672
8,8,10,6,0,0,0,0,3,3,4,2,2.0508
8,8,10,7,0,0,0,1,3,3,4,2,-0.68359
8,8,11,6,0,0,1,0,3,3,4,2,-1.2305
8,8,12,4,0,0,0,0,3,3,5,1,0.82031
8,8,12,5,0,0,0,1,3,3,5,1,0
8,8,13,4,0,0,1,0,3,3,5,1,-0.54687
8,8,14,2,0,0,0,0,3,3,6,0,0.13672
8,8,14,3,0,0,0,1,3,3,6,0,0.13672
8,8,15,2,0,0,1,0,3,3,6,0,-0.097656
8,8,16,1,0,0,0,0,3,3,7,-1,0.10742
8,9,2,14,0,1,0,0,3,3,0,6,-0.068359
8,9,4,12,0,1,0,0,3,3,1,5,-0.41016
8,9,6,10,0,1,0,0,3,3,2,4,-1.0254
8,9,8,8,0,1,0,0,3,3,3,3,-1.3672
8,9,10,6,0,1,0,0,3,3,4,2,-1.0254
8,9,12,4,0,1,0,0,3,3,5,1,-0.41016
8,9,14,2,0,1,0,0,3,3,6,0,-0.068359
8,10,1,18,0,0,0,0,3,4,-1,8,0.020142
8,10,2,16,0,0,0,0,3,4,0,7,0.026855
8,10,2,17,0,0,0,1,3,4,0,7,-0.020142
8,10,3,16,0,0,1,0,3,4,0,7,0.026855
8,10,4,14,0,0,0,0,3,4,1,6,0.18799
8,10,4,15,0,0,0,1,3,4,1,6,-0.13428
8,10,5,14,0,0,1,0,3,4,1,6,0
8,10,6,12,0,0,0,0,3,4,2,5,0.56396
8,10,6,13,0,0,0,1,3,4,2,5,-0.37598
8,10,7,12,0,0,1,0,3,4,2,5,-0.18799
8,10,8,10,0,0,0,0,3,4,3,4,0.93994
8,10,8,11,0,0,0,1,3,4,3,4,-0.56396
8,10,9,10,0,0,1,0,3,4,3,4,-0.46997
8,10,10,8,0,0,0,0,3,4,4,3,0.93994
8,10,10,9,0,0,0,1,3,4,4,3,-0.46997
8,10,11,8,0,0,1,0,3,4,4,3,-0.56396
8,10,12,6,0,0,0,0,3,4,5,2,0.56396
8,10,12,7,0,0,0,1,3,4,5,2,-0.18799
8,10,13,6,0,0,1,0,3,4,5,2,-0.37598
8,10,14,4,0,0,0,0,3,4,6,1,0.18799
8,10,14,5,0,0,0,1,3,4,6,1,0
8,10,15,4,0,0,1,0,3,4,6,1,-0.13428
8,10,16,2,0,0,0,0,3,4,7,0,0.026855
8,10,16,3,0,0,0,1,3,4,7,0,0.026855
8,10,17,2,0,0,1,0,3,4,7,0,-0.020142
8,10,18,1,0,0,0,0,3,4,8,-1,0.020142
8,11,2,16,0,1,0,0,3,4,0,7,-0.016113
8,11,4,14,0,1,0,0,3,4,1,6,-0.11279
8,11,6,12,0,1,0,0,3,4,2,5,-0.33838
8,11,8,10,0,1,0,0,3,4,3,4,-0.56396
8,11,10,8,0,1,0,0,3,4,4,3,-0.56396
8,11,12,6,0,1,0,0,3,4,5,2,-0.33838
8,11,14,4,0,1,0,0,3,4,6,1,-0.11279
8,11,16,2,0,1,0,0,3,4,7,0,-0.016113
8,12,2,18,0,0,0,0,3,5,0,8,0.0040283
8,12,2,19,0,0,0,1,3,5,0,8,-0.0031331
8,12,3,18,0,0,1,0,3,5,0,8,0.0040283
8,12,4,16,0,0,0,0,3,5,1,7,0.032227
8,12,4,17,0,0,0,1,3,5,1,7,-0.02417
8,12,5,16,0,0,1,0,3,5,1,7,0
8,12,6,14,0,0,0,0,3,5,2,6,0.11279
8,12,6,15,0,0,0,1,3,5,2,6,-0.080566
8,12,7,14,0,0,1,0,3,5,2,6,-0.037598
8,12,8,12,0,0,0,0,3,5,3,5,0.22559
8,12,8,13,0,0,0,1,3,5,3,5,-0.15039
8,12,9,12,0,0,1,0,3,5,3,5,-0.11279
8,12,10,10,0,0,0,0,3,5,4,4,0.28198
8,12,10,11,0,0,0,1,3,5,4,4,-0.16919
8,12,11,10,0,0,1,0,3,5,4,4,-0.16919
8,12,12,8,0,0,0,0,3,5,5,3,0.22559
8,12,12,9,0,0,0,1,3,5,5,3,-0.11279
8,12,13,8,0,0,1,0,3,5,5,3,-0.15039
8,12,14,6,0,0,0,0,3,5,6,2,0.11279
8,12,14,7,0,0,0,1,3,5,6,2,-0.037598
8,12,15,6,0,0,1,0,3,5,6,2,-0.080566
8,12,16,4,0,0,0,0,3,5,7,1,0.032227
8,12,16,5,0,0,0,1,3,5,7,1,0
8,12,17,4,0,0,1,0,3,5,7,1,-0.02417
8,12,18,2,0,0,0,0,3,5,8,0,0.0040283
8,12,18,3,0,0,0,1,3,5,8,0,0.0040283
8,12,19,2,0,0,1,0,3,5,8,0,-0.0031331
8,13,2,18,0,1,0,0,3,5,0,8,-0.0026855
8,13,4,16,0,1,0,0,3,5,1,7,-0.021484
8,13,6,14,0,1,0,0,3,5,2,6,-0.075195
8,13,8,12,0,1,0,0,3,5,3,5,-0.15039
8,13,10,10,0,1,0,0,3,5,4,4,-0.18799
8,13,12,8,0,1,0,0,3,5,5,3,-0.15039
8,13,14,6,0,1,0,0,3,5,6,2,-0.075195
8,13,16,4,0,1,0,0,3,5,7,1,-0.021484
8,13,18,2,0,1,0,0,3,5,8,0,-0.0026855
9,2,2,8,1,0,0,0,3,0,0,3,-0.54687
9,2,4,6,1,0,0,0,3,0,1,2,-1.6406
9,2,6,4,1,0,0,0,3,0,2,1,-1.6406
9,2,8,2,1,0,0,0,3,0,3,0,-0.54687
9,4,2,10,1,0,0,0,3,1,0,4,-0.54687
9,4,4,8,1,0,0,0,3,1,1,3,-2.1875
9,4,6,6,1,0,0,0,3,1,2,2,-3.2812
9,4,8,4,1,0,0,0,3,1,3,1,-2.1875
9,4,10,2,1,0,0,0,3,1,4,0,-0.54687
9,6,2,12,1,0,0,0,3,2,0,5,-0.24609
9,6,4,10,1,0,0,0,3,2,1,4,-1.2305
9,6,6,8,1,0,0,0,3,2,2,3,-2.4609
9,6,8,6,1,0,0,0,3,2,3,2,-2.4609
9,6,10,4,1,0,0,0,3,2,4,1,-1.2305
9,6,12,2,1,0,0,0,3,2,5,0,-0.24609
9,8,2,14,1,0,0,0,3,3,0,6,-0.068359
9,8,4,12,1,0,0,0,3,3,1,5,-0.41016
9,8,6,10,1,0,0,0,3,3,2,4,-1.0254
9,8,8,8,1,0,0,0,3,3,3,3,-1.3672
9,8,10,6,1,0,0,0,3,3,4,2,-1.0254
9,8,12,4,1,0,0,0,3,3,5,1,-0.41016
9,8,14,2,1,0,0,0,3,3,6,0,-0.068359
9,10,2,16,1,0,0,0,3,4,0,7,-0.013428
9,10,4,14,1,0,0,0,3,4,1,6,-0.093994
9,10,6,12,1,0,0,0,3,4,2,5,-0.28198
9,10,8,10,1,0,0,0,3,4,3,4,-0.46997
9,10,10,8,1,0,0,0,3,4,4,3,-0.46997
9,10,12,6,1,0,0,0,3,4,5,2,-0.28198
9,10,14,4,1,0,0,0,3,4,6,1,-0.093994
9,10,16,2,1,0,0,0,3,4,7,0,-0.013428
9,12,2,18,1,0,0,0,3,5,0,8,-0.0020142
9,12,4,16,1,0,0,0,3,5,1,7,-0.016113
9,12,6,14,1,0,0,0,3,5,2,6,-0.056396
9,12,8,12,1,0,0,0,3,5,3,5,-0.11279
9,12,10,10,1,0,0,0,3,5,4,4,-0.14099
9,12,12,8,1,0,0,0,3,5,5,3,-0.11279
9,12,14,6,1,0,0,0,3,5,6,2,-0.056396
9,12,16,4,1,0,0,0,3,5,7,1,-0.016113
9,12,18,2,1,0,0,0,3,5,8,0,-0.0020142
10,1,2,8,0,0,0,0,4,-1,0,3,1.0937
10,1,4,6,0,0,0,0,4,-1,1,2,3.2812
10,1,6,4,0,0,0,0,4,-1,2,1,3.2812
10,1,8,2,0,0,0,0,4,-1,3,0,1.0937
10,2,1,12,0,0,0,0,4,0,-1,5,0.24609
10,2,2,10,0,0,0,0,4,0,0,4,0.27344
10,2,2,11,0,0,0,1,4,0,0,4,-0.16406
10,2,3,10,0,0,1,0,4,0,0,4,0.27344
10,2,4,8,0,0,0,0,4,0,1,3,1.0937
10,2,4,9,0,0,0,1,4,0,1,3,-0.54687
10,2,5,8,0,0,1,0,4,0,1,3,0
10,2,6,6,0,0,0,0,4,0,2,2,1.6406
10,2,6,7,0,0,0,1,4,0,2,2,-0.54687
10,2,7,6,0,0,1,0,4,0,2,2,-0.54687
10,2,8,4,0,0,0,0,4,0,3,1,1.0937
10,2,8,5,0,0,0,1,4,0,3,1,0
10,2,9,4,0,0,1,0,4,0,3,1,-0.54687
10,2,10,2,0,0,0,0,4,0,4,0,0.27344
10,2,10,3,0,0,0,1,4,0,4,0,0.27344
10,2,11,2,0,0,1,0,4,0,4,0,-0.16406
10,2,12,1,0,0,0,0,4,0,5,-1,0.24609
10,3,2,10,0,1,0,0,4,0,0,4,0.27344
10,3,4,8,0,1,0,0,4,0,1,3,1.0937
10,3,6,6,0,1,0,0,4,0,2,2,1.6406
10,3,8,4,0,1,0,0,4,0,3,1,1.0937
10,3,10,2,0,1,0,0,4,0,4,0,0.27344
10,4,1,14,0,0,0,0,4,1,-1,6,0.20508
10,4,2,12,0,0,0,0,4,1,0,5,0.24609
10,4,2,13,0,0,0,1,4,1,0,5,-0.16406
10,4,3,12,0,0,1,0,4,1,0,5,0.24609
10,4,4,10,0,0,0,0,4,1,1,4,1.2305
10,4,4,11,0,0,0,1,4,1,1,4,-0.73828
10,4,5,10,0,0,1,0,4,1,1,4,0
10,4,6,8,0,0,0,0,4,1,2,3,2.4609
10,4,6,9,0,0,0,1,4,1,2,3,-1.2305
10,4,7,8,0,0,1,0,4,1,2,3,-0.82031
10,4,8,6,0,0,0,0,4,1,3,2,2.4609
10,4,8,7,0,0,0,1,4,1,3,2,-0.82031
10,4,9,6,0,0,1,0,4,1,3,2,-1.2305
10,4,10,4,0,0,0,0,4,1,4,1,1.2305
10,4,10,5,0,0,0,1,4,1,4,1,0
10,4,11,4,0,0,1,0,4,1,4,1,-0.73828
10,4,12,2,0,0,0,0,4,1,5,0,0.24609
10,4,12,3,0,0,0,1,4,1,5,0,0.24609
10,4,13,2,0,0,1,0,4,1,5,0,-0.16406
10,4,14,1,0,0,0,0,4,1,6,-1,0.20508
10,5,2,12,0,1,0,0,4,1,0,5,0
10,5,4,10,0,1,0,0,4,1,1,4,0
10,5,6,8,0,1,0,0,4,1,2,3,0
10,5,8,6,0,1,0,0,4,1,3,2,0
10,5,10,4,0,1,0,0,4,1,4,1,0
10,5,12,2,0,1,0,0,4,1,5,0,0
10,6,1,16,0,0,0,0,4,2,-1,7,0.080566
10,6,2,14,0,0,0,0,4,2,0,6,0.10254
10,6,2,15,0,0,0,1,4,2,0,6,-0.073242
10,6,3,14,0,0,1,0,4,2,0,6,0.10254
10,6,4,12,0,0,0,0,4,2,1,5,0.61523
10,6,4,13,0,0,0,1,4,2,1,5,-0.41016
10,6,5,12,0,0,1,0,4,2,1,5,0
10,6,6,10,0,0,0,0,4,2,2,4,1.5381
10,6,6,11,0,0,0,1,4,2,2,4,-0.92285
10,6,7,10,0,0,1,0,4,2,2,4,-0.5127
10,6,8,8,0,0,0,0,4,2,3,3,2.0508
10,6,8,9,0,0,0,1,4,2,3,3,-1.0254
10,6,9,8,0,0,1,0,4,2,3,3,-1.0254
10,6,10,6,0,0,0,0,4,2,4,2,1.5381
10,6,10,7,0,0,0,1,4,2,4,2,-0.5127
10,6,11,6,0,0,1,0,4,2,4,2,-0.92285
10,6,12,4,0,0,0,0,4,2,5,1,0.61523
10,6,12,5,0,0,0,1,4,2,5,1,0
10,6,13,4,0,0,1,0,4,2,5,1,-0.41016
10,6,14,2,0,0,0,0,4,2,6,0,0.10254
10,6,14,3,0,0,0,1,4,2,6,0,0.10254
10,6,15,2,0,0,1,0,4,2,6,0,-0.073242
10,6,16,1,0,0,0,0,4,2,7,-1,0.080566
10,7,2,14,0,1,0,0,4,2,0,6,-0.03418
10,7,4,12,0,1,0,0,4,2,1,5,-0.20508
10,7,6,10,0,1,0,0,4,2,2,4,-0.5127
10,7,8,8,0,1,0,0,4,2,3,3,-0.68359
10,7,10,6,0,1,0,0,4,2,4,2,-0.5127
10,7,12,4,0,1,0,0,4,2,5,1,-0.20508
10,7,14,2,0,1,0,0,4,2,6,0,-0.03418
10,8,1,18,0,0,0,0,4,3,-1,8,0.020142
10,8,2,16,0,0,0,0,4,3,0,7,0.026855
10,8,2,17,0,0,0,1,4,3,0,7,-0.020142
10,8,3,16,0,0,1,0,4,3,0,7,0.026855
10,8,4,14,0,0,0,0,4,3,1,6,0.18799
10,8,4,15,0,0,0,1,4,3,1,6,-0.13428
10,8,5,14,0,0,1,0,4,3,1,6,0
10,8,6,12,0,0,0,0,4,3,2,5,0.56396
10,8,6,13,0,0,0,1,4,3,2,5,-0.37598
10,8,7,12,0,0,1,0,4,3,2,5,-0.18799
10,8,8,10,0,0,0,0,4,3,3,4,0.93994
10,8,8,11,0,0,0,1,4,3,3,4,-0.56396
10,8,9,10,0,0,1,0,4,3,3,4,-0.46997
10,8,10,8,0,0,0,0,4,3,4,3,0.93994
10,8,10,9,0,0,0,1,4,3,4,3,-0.46997
10,8,11,8,0,0,1,0,4,3,4,3,-0.56396
10,8,12,6,0,0,0,0,4,3,5,2,0.56396
10,8,12,7,0,0,0,1,4,3,5,2,-0.18799
10,8,13,6,0,0,1,0,4,3,5,2,-0.37598
10,8,14,4,0,0,0,0,4,3,6,1,0.18799
10,8,14,5,0,0,0,1,4,3,6,1,0
10,8,15,4,0,0,1,0,4,3,6,1,-0.13428
10,8,16,2,0,0,0,0,4,3,7,0,0.026855
10,8,16,3,0,0,0,1,4,3,7,0,0.026855
10,8,17,2,0,0,1,0,4,3,7,0,-0.020142
10,8,18,1,0,0,0,0,4,3,8,-1,0.020142
10,9,2,16,0,1,0,0,4,3,0,7,-0.013428
10,9,4,14,0,1,0,0,4,3,1,6,-0.093994
10,9,6,12,0,1,0,0,4,3,2,5,-0.28198
10,9,8,10,0,1,0,0,4,3,3,4,-0.46997
10,9,10,8,0,1,0,0,4,3,4,3,-0.46997
10,9,12,6,0,1,0,0,4,3,5,2,-0.28198
10,9,14,4,0,1,0,0,4,3,6,1,-0.093994
10,9,16,2,0,1,0,0,4,3,7,0,-0.013428
10,10,2,18,0,0,0,0,4,4,0,8,0.0050354
10,10,2,19,0,0,0,1,4,4,0,8,-0.0039164
10,10,3,18,0,0,1,0,4,4,0,8,0.0050354
10,10,4,16,0,0,0,0,4,4,1,7,0.040283
10,10,4,17,0,0,0,1,4,4,1,7,-0.030212
10,10,5,16,0,0,1,0,4,4,1,7,0
10,10,6,14,0,0,0,0,4,4,2,6,0.14099
10,10,6,15,0,0,0,1,4,4,2,6,-0.10071
10,10,7,14,0,0,1,0,4,4,2,6,-0.046997
10,10,8,12,0,0,0,0,4,4,3,5,0.28198
10,10,8,13,0,0,0,1,4,4,3,5,-0.18799
10,10,9,12,0,0,1,0,4,4,3,5,-0.14099
10,10,10,10,0,0,0,0,4,4,4,4,0.35248
10,10,10,11,0,0,0,1,4,4,4,4,-0.21149
10,10,11,10,0,0,1,0,4,4,4,4,-0.21149
10,10,12,8,0,0,0,0,4,4,5,3,0.28198
10,10,12,9,0,0,0,1,4,4,5,3,-0.14099
10,10,13,8,0,0,1,0,4,4,5,3,-0.18799
10,10,14,6,0,0,0,0,4,4,6,2,0.14099
10,10,14,7,0,0,0,1,4,4,6,2,-0.046997
10,10,15,6,0,0,1,0,4,4,6,2,-0.10071
10,10,16,4,0,0,0,0,4,4,7,1,0.040283
10,10,16,5,0,0,0,1,4,4,7,1,0
10,10,17,4,0,0,1,0,4,4,7,1,-0.030212
10,10,18,2,0,0,0,0,4,4,8,0,0.0050354
10,10,18,3,0,0,0,1,4,4,8,0,0.0050354
10,10,19,2,0,0,1,0,4,4,8,0,-0.0039164
10,11,2,18,0,1,0,0,4,4,0,8,-0.0030212
10,11,4,16,0,1,0,0,4,4,1,7,-0.02417
10,11,6,14,0,1,0,0,4,4,2,6,-0.084595
10,11,8,12,0,1,0,0,4,4,3,5,-0.16919
10,11,10,10,0,1,0,0,4,4,4,4,-0.21149
10,11,12,8,0,1,0,0,4,4,5,3,-0.16919
10,11,14,6,0,1,0,0,4,4,6,2,-0.084595
10,11,16,4,0,1,0,0,4,4,7,1,-0.02417
10,11,18,2,0,1,0,0,4,4,8,0,-0.0030212
11,2,2,10,1,0,0,0,4,0,0,4,-0.16406
11,2,4,8,1,0,0,0,4,0,1,3,-0.65625
11,2,6,6,1,0,0,0,4,0,2,2,-0.98437
11,2,8,4,1,0,0,0,4,0,3,1,-0.65625
11,2,10,2,1,0,0,0,4,0,4,0,-0.16406
11,4,2,12,1,0,0,0,4,1,0,5,-0.14766
11,4,4,10,1,0,0,0,4,1,1,4,-0.73828
11,4,6,8,1,0,0,0,4,1,2,3,-1.4766
11,4,8,6,1,0,0,0,4,1,3,2,-1.4766
11,4,10,4,1,0,0,0,4,1,4,1,-0.73828
11,4,12,2,1,0,0,0,4,1,5,0,-0.14766
11,6,2,14,1,0,0,0,4,2,0,6,-0.061523
11,6,4,12,1,0,0,0,4,2,1,5,-0.36914
11,6,6,10,1,0,0,0,4,2,2,4,-0.92285
11,6,8,8,1,0,0,0,4,2,3,3,-1.2305
11,6,10,6,1,0,0,0,4,2,4,2,-0.92285
11,6,12,4,1,0,0,0,4,2,5,1,-0.36914
11,6,14,2,1,0,0,0,4,2,6,0,-0.061523
11,8,2,16,1,0,0,0,4,3,0,7,-0.016113
11,8,4,14,1,0,0,0,4,3,1,6,-0.11279
11,8,6,12,1,0,0,0,4,3,2,5,-0.33838
11,8,8,10,1,0,0,0,4,3,3,4,-0.56396
11,8,10,8,1,0,0,0,4,3,4,3,-0.56396
11,8,12,6,1,0,0,0,4,3,5,2,-0.33838
11,8,14,4,1,0,0,0,4,3,6,1,-0.11279
11,8,16,2,1,0,0,0,4,3,7,0,-0.016113
11,10,2,18,1,0,0,0,4,4,0,8,-0.0030212
11,10,4,16,1,0,0,0,4,4,1,7,-0.02417
11,10,6,14,1,0,0,0,4,4,2,6,-0.084595
11,10,8,12,1,0,0,0,4,4,3,5,-0.16919
11,10,10,10,1,0,0,0,4,4,4,4,-0.21149
11,10,12,8,1,0,0,0,4,4,5,3,-0.16919
11,10,14,6,1,0,0,0,4,4,6,2,-0.084595
11,10,16,4,1,0,0,0,4,4,7,1,-0.02417
11,10,18,2,1,0,0,0,4,4,8,0,-0.0030212
12,1,2,10,0,0,0,0,5,-1,0,4,0.24609
12,1,4,8,0,0,0,0,5,-1,1,3,0.98437
12,1,6,6,0,0,0,0,5,-1,2,2,1.4766
12,1,8,4,0,0,0,0,5,-1,3,1,0.98437
12,1,10,2,0,0,0,0,5,-1,4,0,0.24609
12,2,1,14,0,0,0,0,5,0,-1,6,0.041016
12,2,2,12,0,0,0,0,5,0,0,5,0.049219
12,2,2,13,0,0,0,1,5,0,0,5,-0.032812
12,2,3,12,0,0,1,0,5,0,0,5,0.049219
12,2,4,10,0,0,0,0,5,0,1,4,0.24609
12,2,4,11,0,0,0,1,5,0,1,4,-0.14766
12,2,5,10,0,0,1,0,5,0,1,4,0
12,2,6,8,0,0,0,0,5,0,2,3,0.49219
12,2,6,9,0,0,0,1,5,0,2,3,-0.24609
12,2,7,8,0,0,1,0,5,0,2,3,-0.16406
12,2,8,6,0,0,0,0,5,0,3,2,0.49219
12,2,8,7,0,0,0,1,5,0,3,2,-0.16406
12,2,9,6,0,0,1,0,5,0,3,2,-0.24609
12,2,10,4,0,0,0,0,5,0,4,1,0.24609
12,2,10,5,0,0,0,1,5,0,4,1,0
12,2,11,4,0,0,1,0,5,0,4,1,-0.14766
12,2,12,2,0,0,0,0,5,0,5,0,0.049219
12,2,12,3,0,0,0,1,5,0,5,0,0.049219
12,2,13,2,0,0,1,0,5,0,5,0,-0.032812
12,2,14,1,0,0,0,0,5,0,6,-1,0.041016
12,3,2,12,0,1,0,0,5,0,0,5,0.049219
12,3,4,10,0,1,0,0,5,0,1,4,0.24609
12,3,6,8,0,1,0,0,5,0,2,3,0.49219
12,3,8,6,0,1,0,0,5,0,3,2,0.49219
12,3,10,4,0,1,0,0,5,0,4,1,0.24609
12,3,12,2,0,1,0,0,5,0,5,0,0.049219
12,4,1,16,0,0,0,0,5,1,-1,7,0.032227
12,4,2,14,0,0,0,0,5,1,0,6,0.041016
12,4,2,15,0,0,0,1,5,1,0,6,-0.029297
12,4,3,14,0,0,1,0,5,1,0,6,0.041016
12,4,4,12,0,0,0,0,5,1,1,5,0.24609
12,4,4,13,0,0,0,1,5,1,1,5,-0.16406
12,4,5,12,0,0,1,0,5,1,1,5,0
12,4,6,10,0,0,0,0,5,1,2,4,0.61523
12,4,6,11,0,0,0,1,5,1,2,4,-0.36914
12,4,7,10,0,0,1,0,5,1,2,4,-0.20508
12,4,8,8,0,0,0,0,5,1,3,3,0.82031
12,4,8,9,0,0,0,1,5,1,3,3,-0.41016
12,4,9,8,0,0,1,0,5,1,3,3,-0.41016
12,4,10,6,0,0,0,0,5,1,4,2,0.61523
12,4,10,7,0,0,0,1,5,1,4,2,-0.20508
12,4,11,6,0,0,1,0,5,1,4,2,-0.36914
12,4,12,4,0,0,0,0,5,1,5,1,0.24609
12,4,12,5,0,0,0,1,5,1,5,1,0
12,4,13,4,0,0,1,0,5,1,5,1,-0.16406
12,4,14,2,0,0,0,0,5,1,6,0,0.041016
12,4,14,3,0,0,0,1,5,1,6,0,0.041016
12,4,15,2,0,0,1,0,5,1,6,0,-0.029297
12,4,16,1,0,0,0,0,5,1,7,-1,0.032227
12,5,2,14,0,1,0,0,5,1,0,6,0
12,5,4,12,0,1,0,0,5,1,1,5,0
12,5,6,10,0,1,0,0,5,1,2,4,0
12,5,8,8,0,1,0,0,5,1,3,3,0
12,5,10,6,0,1,0,0,5,1,4,2,0
12,5,12,4,0,1,0,0,5,1,5,1,0
12,5,14,2,0,1,0,0,5,1,6,0,0
12,6,1,18,0,0,0,0,5,2,-1,8,0.012085
12,6,2,16,0,0,0,0,5,2,0,7,0.016113
12,6,2,17,0,0,0,1,5,2,0,7,-0.012085
12,6,3,16,0,0,1,0,5,2,0,7,0.016113
12,6,4,14,0,0,0,0,5,2,1,6,0.11279
12,6,4,15,0,0,0,1,5,2,1,6,-0.080566
12,6,5,14,0,0,1,0,5,2,1,6,0
12,6,6,12,0,0,0,0,5,2,2,5,0.33838
12,6,6,13,0,0,0,1,5,2,2,5,-0.22559
12,6,7,12,0,0,1,0,5,2,2,5,-0.11279
12,6,8,10,0,0,0,0,5,2,3,4,0.56396
12,6,8,11,0,0,0,1,5,2,3,4,-0.33838
12,6,9,10,0,0,1,0,5,2,3,4,-0.28198
12,6,10,8,0,0,0,0,5,2,4,3,0.56396
12,6,10,9,0,0,0,1,5,2,4,3,-0.28198
12,6,11,8,0,0,1,0,5,2,4,3,-0.33838
12,6,12,6,0,0,0,0,5,2,5,2,0.33838
12,6,12,7,0,0,0,1,5,2,5,2,-0.11279
12,6,13,6,0,0,1,0,5,2,5,2,-0.22559
12,6,14,4,0,0,0,0,5,2,6,1,0.11279
12,6,14,5,0,0,0,1,5,2,6,1,0
12,6,15,4,0,0,1,0,5,2,6,1,-0.080566
12,6,16,2,0,0,0,0,5,2,7,0,0.016113
12,6,16,3,0,0,0,1,5,2,7,0,0.016113
12,6,17,2,0,0,1,0,5,2,7,0,-0.012085
12,6,18,1,0,0,0,0,5,2,8,-1,0.012085
12,7,2,16,0,1,0,0,5,2,0,7,-0.0053711
12,7,4,14,0,1,0,0,5,2,1,6,-0.037598
12,7,6,12,0,1,0,0,5,2,2,5,-0.11279
12,7,8,10,0,1,0,0,5,2,3,4,-0.18799
12,7,10,8,0,1,0,0,5,2,4,3,-0.18799
12,7,12,6,0,1,0,0,5,2,5,2,-0.11279
12,7,14,4,0,1,0,0,5,2,6,1,-0.037598
12,7,16,2,0,1,0,0,5,2,7,0,-0.0053711
12,8,2,18,0,0,0,0,5,3,0,8,0.0040283
12,8,2,19,0,0,0,1,5,3,0,8,-0.0031331
12,8,3,18,0,0,1,0,5,3,0,8,0.0040283
12,8,4,16,0,0,0,0,5,3,1,7,0.032227
12,8,4,17,0,0,0,1,5,3,1,7,-0.02417
12,8,5,16,0,0,1,0,5,3,1,7,0
12,8,6,14,0,0,0,0,5,3,2,6,0.11279
12,8,6,15,0,0,0,1,5,3,2,6,-0.080566
12,8,7,14,0,0,1,0,5,3,2,6,-0.037598
12,8,8,12,0,0,0,0,5,3,3,5,0.22559
12,8,8,13,0,0,0,1,5,3,3,5,-0.15039
12,8,9,12,0,0,1,0,5,3,3,5,-0.11279
12,8,10,10,0,0,0,0,5,3,4,4,0.28198
12,8,10,11,0,0,0,1,5,3,4,4,-0.16919
12,8,11,10,0,0,1,0,5,3,4,4,-0.16919
12,8,12,8,0,0,0,0,5,3,5,3,0.22559
12,8,12,9,0,0,0,1,5,3,5,3,-0.11279
12,8,13,8,0,0,1,0,5,3,5,3,-0.15039
12,8,14,6,0,0,0,0,5,3,6,2,0.11279
12,8,14,7,0,0,0,1,5,3,6,2,-0.037598
12,8,15,6,0,0,1,0,5,3,6,2,-0.080566
12,8,16,4,0,0,0,0,5,3,7,1,0.032227
12,8,16,5,0,0,0,1,5,3,7,1,0
12,8,17,4,0,0,1,0,5,3,7,1,-0.02417
12,8,18,2,0,0,0,0,5,3,8,0,0.0040283
12,8,18,3,0,0,0,1,5,3,8,0,0.0040283
12,8,19,2,0,0,1,0,5,3,8,0,-0.0031331
12,9,2,18,0,1,0,0,5,3,0,8,-0.0020142
12,9,4,16,0,1,0,0,5,3,1,7,-0.016113
12,9,6,14,0,1,0,0,5,3,2,6,-0.056396
12,9,8,12,0,1,0,0,5,3,3,5,-0.11279
12,9,10,10,0,1,0,0,5,3,4,4,-0.14099
12,9,12,8,0,1,0,0,5,3,5,3,-0.11279
12,9,14,6,0,1,0,0,5,3,6,2,-0.056396
12,9,16,4,0,1,0,0,5,3,7,1,-0.016113
12,9,18,2,0,1,0,0,5,3,8,0,-0.0020142
13,2,2,12,1,0,0,0,5,0,0,5,-0.032812
13,2,4,10,1,0,0,0,5,0,1,4,-0.16406
13,2,6,8,1,0,0,0,5,0,2,3,-0.32812
13,2,8,6,1,0,0,0,5,0,3,2,-0.32812
13,2,10,4,1,0,0,0,5,0,4,1,-0.16406
13,2,12,2,1,0,0,0,5,0,5,0,-0.032812
13,4,2,14,1,0,0,0,5,1,0,6,-0.027344
13,4,4,12,1,0,0,0,5,1,1,5,-0.16406
13,4,6,10,1,0,0,0,5,1,2,4,-0.41016
13,4,8,8,1,0,0,0,5,1,3,3,-0.54687
13,4,10,6,1,0,0,0,5,1,4,2,-0.41016
13,4,12,4,1,0,0,0,5,1,5,1,-0.16406
13,4,14,2,1,0,0,0,5,1,6,0,-0.027344
13,6,2,16,1,0,0,0,5,2,0,7,-0.010742
13,6,4,14,1,0,0,0,5,2,1,6,-0.075195
13,6,6,12,1,0,0,0,5,2,2,5,-0.22559
13,6,8,10,1,0,0,0,5,2,3,4,-0.37598
13,6,10,8,1,0,0,0,5,2,4,3,-0.37598
13,6,12,6,1,0,0,0,5,2,5,2,-0.22559
13,6,14,4,1,0,0,0,5,2,6,1,-0.075195
13,6,16,2,1,0,0,0,5,2,7,0,-0.010742
13,8,2,18,1,0,0,0,5,3,0,8,-0.0026855
13,8,4,16,1,0,0,0,5,3,1,7,-0.021484
13,8,6,14,1,0,0,0,5,3,2,6,-0.075195
13,8,8,12,1,0,0,0,5,3,3,5,-0.15039
13,8,10,10,1,0,0,0,5,3,4,4,-0.18799
13,8,12,8,1,0,0,0,5,3,5,3,-0.15039
13,8,14,6,1,0,0,0,5,3,6,2,-0.075195
13,8,16,4,1,0,0,0,5,3,7,1,-0.021484
13,8,18,2,1,0,0,0,5,3,8,0,-0.0026855
14,1,2,12,0,0,0,0,6,-1,0,5,0.041016
14,1,4,10,0,0,0,0,6,-1,1,4,0.20508
14,1,6,8,0,0,0,0,6,-1,2,3,0.41016
14,1,8,6,0,0,0,0,6,-1,3,2,0.41016
14,1,10,4,0,0,0,0,6,-1,4,1,0.20508
14,1,12,2,0,0,0,0,6,-1,5,0,0.041016
14,2,1,16,0,0,0,0,6,0,-1,7,0.0053711
14,2,2,14,0,0,0,0,6,0,0,6,0.0068359
14,2,2,15,0,0,0,1,6,0,0,6,-0.0048828
14,2,3,14,0,0,1,0,6,0,0,6,0.0068359
14,2,4,12,0,0,0,0,6,0,1,5,0.041016
14,2,4,13,0,0,0,1,6,0,1,5,-0.027344
14,2,5,12,0,0,1,0,6,0,1,5,0
14,2,6,10,0,0,0,0,6,0,2,4,0.10254
14,2,6,11,0,0,0,1,6,0,2,4,-0.061523
14,2,7,10,0,0,1,0,6,0,2,4,-0.03418
14,2,8,8,0,0,0,0,6,0,3,3,0.13672
14,2,8,9,0,0,0,1,6,0,3,3,-0.068359
14,2,9,8,0,0,1,0,6,0,3,3,-0.068359
14,2,10,6,0,0,0,0,6,0,4,2,0.10254
14,2,10,7,0,0,0,1,6,0,4,2,-0.03418
14,2,11,6,0,0,1,0,6,0,4,2,-0.061523
14,2,12,4,0,0,0,0,6,0,5,1,0.041016
14,2,12,5,0,0,0,1,6,0,5,1,0
14,2,13,4,0,0,1,0,6,0,5,1,-0.027344
14,2,14,2,0,0,0,0,6,0,6,0,0.0068359
14,2,14,3,0,0,0,1,6,0,6,0,0.0068359
14,2,15,2,0,0,1,0,6,0,6,0,-0.0048828
14,2,16,1,0,0,0,0,6,0,7,-1,0.0053711
14,3,2,14,0,1,0,0,6,0,0,6,0.0068359
14,3,4,12,0,1,0,0,6,0,1,5,0.041016
14,3,6,10,0,1,0,0,6,0,2,4,0.10254
14,3,8,8,0,1,0,0,6,0,3,3,0.13672
14,3,10,6,0,1,0,0,6,0,4,2,0.10254
14,3,12,4,0,1,0,0,6,0,5,1,0.041016
14,3,14,2,0,1,0,0,6,0,6,0,0.0068359
14,4,1,18,0,0,0,0,6,1,-1,8,0.0040283
14,4,2,16,0,0,0,0,6,1,0,7,0.0053711
14,4,2,17,0,0,0,1,6,1,0,7,-0.0040283
14,4,3,16,0,0,1,0,6,1,0,7,0.0053711
14,4,4,14,0,0,0,0,6,1,1,6,0.037598
14,4,4,15,0,0,0,1,6,1,1,6,-0.026855
14,4,5,14,0,0,1,0,6,1,1,6,0
14,4,6,12,0,0,0,0,6,1,2,5,0.11279
14,4,6,13,0,0,0,1,6,1,2,5,-0.075195
14,4,7,12,0,0,1,0,6,1,2,5,-0.037598
14,4,8,10,0,0,0,0,6,1,3,4,0.18799
14,4,8,11,0,0,0,1,6,1,3,4,-0.11279
14,4,9,10,0,0,1,0,6,1,3,4,-0.093994
14,4,10,8,0,0,0,0,6,1,4,3,0.18799
14,4,10,9,0,0,0,1,6,1,4,3,-0.093994
14,4,11,8,0,0,1,0,6,1,4,3,-0.11279
14,4,12,6,0,0,0,0,6,1,5,2,0.11279
14,4,12,7,0,0,0,1,6,1,5,2,-0.037598
14,4,13,6,0,0,1,0,6,1,5,2,-0.075195
14,4,14,4,0,0,0,0,6,1,6,1,0.037598
14,4,14,5,0,0,0,1,6,1,6,1,0
14,4,15,4,0,0,1,0,6,1,6,1,-0.026855
14,4,16,2,0,0,0,0,6,1,7,0,0.0053711
14,4,16,3,0,0,0,1,6,1,7,0,0.0053711
14,4,17,2,0,0,1,0,6,1,7,0,-0.0040283
14,4,18,1,0,0,0,0,6,1,8,-1,0.0040283
14,5,2,16,0,1,0,0,6,1,0,7,0
14,5,4,14,0,1,0,0,6,1,1,6,0
14,5,6,12,0,1,0,0,6,1,2,5,0
14,5,8,10,0,1,0,0,6,1,3,4,0
14,5,10,8,0,1,0,0,6,1,4,3,0
14,5,12,6,0,1,0,0,6,1,5,2,0
14,5,14,4,0,1,0,0,6,1,6,1,0
14,5,16,2,0,1,0,0,6,1,7,0,0
14,6,2,18,0,0,0,0,6,2,0,8,0.0020142
14,6,2,19,0,0,0,1,6,2,0,8,-0.0015666
14,6,3,18,0,0,1,0,6,2,0,8,0.0020142
14,6,4,16,0,0,0,0,6,2,1,7,0.016113
14,6,4,17,0,0,0,1,6,2,1,7,-0.012085
14,6,5,16,0,0,1,0,6,2,1,7,0
14,6,6,14,0,0,0,0,6,2,2,6,0.056396
14,6,6,15,0,0,0,1,6,2,2,6,-0.040283
14,6,7,14,0,0,1,0,6,2,2,6,-0.018799
14,6,8,12,0,0,0,0,6,2,3,5,0.11279
14,6,8,13,0,0,0,1,6,2,3,5,-0.075195
14,6,9,12,0,0,1,0,6,2,3,5,-0.056396
14,6,10,10,0,0,0,0,6,2,4,4,0.14099
14,6,10,11,0,0,0,1,6,2,4,4,-0.084595
14,6,11,10,0,0,1,0,6,2,4,4,-0.084595
14,6,12,8,0,0,0,0,6,2,5,3,0.11279
14,6,12,9,0,0,0,1,6,2,5,3,-0.056396
14,6,13,8,0,0,1,0,6,2,5,3,-0.075195
14,6,14,6,0,0,0,0,6,2,6,2,0.056396
14,6,14,7,0,0,0,1,6,2,6,2,-0.018799
14,6,15,6,0,0,1,0,6,2,6,2,-0.040283
14,6,16,4,0,0,0,0,6,2,7,1,0.016113
14,6,16,5,0,0,0,1,6,2,7,1,0
14,6,17,4,0,0,1,0,6,2,7,1,-0.012085
14,6,18,2,0,0,0,0,6,2,8,0,0.0020142
14,6,18,3,0,0,0,1,6,2,8,0,0.0020142
14,6,19,2,0,0,1,0,6,2,8,0,-0.0015666
14,7,2,18,0,1,0,0,6,2,0,8,-0.00067139
14,7,4,16,0,1,0,0,6,2,1,7,-0.0053711
14,7,6,14,0,1,0,0,6,2,2,6,-0.018799
14,7,8,12,0,1,0,0,6,2,3,5,-0.037598
14,7,10,10,0,1,0,0,6,2,4,4,-0.046997
14,7,12,8,0,1,0,0,6,2,5,3,-0.037598
14,7,14,6,0,1,0,0,6,2,6,2,-0.018799
14,7,16,4,0,1,0,0,6,2,7,1,-0.0053711
14,7,18,2,0,1,0,0,6,2,8,0,-0.00067139
15,2,2,14,1,0,0,0,6,0,0,6,-0.0048828
15,2,4,12,1,0,0,0,6,0,1,5,-0.029297
15,2,6,10,1,0,0,0,6,0,2,4,-0.073242
15,2,8,8,1,0,0,0,6,0,3,3,-0.097656
15,2,10,6,1,0,0,0,6,0,4,2,-0.073242
15,2,12,4,1,0,0,0,6,0,5,1,-0.029297
15,2,14,2,1,0,0,0,6,0,6,0,-0.0048828
15,4,2,16,1,0,0,0,6,1,0,7,-0.0038365
15,4,4,14,1,0,0,0,6,1,1,6,-0.026855
15,4,6,12,1,0,0,0,6,1,2,5,-0.080566
15,4,8,10,1,0,0,0,6,1,3,4,-0.13428
15,4,10,8,1,0,0,0,6,1,4,3,-0.13428
15,4,12,6,1,0,0,0,6,1,5,2,-0.080566
15,4,14,4,1,0,0,0,6,1,6,1,-0.026855
15,4,16,2,1,0,0,0,6,1,7,0,-0.0038365
15,6,2,18,1,0,0,0,6,2,0,8,-0.0014387
15,6,4,16,1,0,0,0,6,2,1,7,-0.011509
15,6,6,14,1,0,0,0,6,2,2,6,-0.040283
15,6,8,12,1,0,0,0,6,2,3,5,-0.080566
15,6,10,10,1,0,0,0,6,2,4,4,-0.10071
15,6,12,8,1,0,0,0,6,2,5,3,-0.080566
15,6,14,6,1,0,0,0,6,2,6,2,-0.040283
15,6,16,4,1,0,0,0,6,2,7,1,-0.011509
15,6,18,2,1,0,0,0,6,2,8,0,-0.0014387
16,1,2,14,0,0,0,0,7,-1,0,6,0.0053711
16,1,4,12,0,0,0,0,7,-1,1,5,0.032227
16,1,6,10,0,0,0,0,7,-1,2,4,0.080566
16,1,8,8,0,0,0,0,7,-1,3,3,0.10742
16,1,10,6,0,0,0,0,7,-1,4,2,0.080566
16,1,12,4,0,0,0,0,7,-1,5,1,0.032227
16,1,14,2,0,0,0,0,7,-1,6,0,0.0053711
16,2,1,18,0,0,0,0,7,0,-1,8,0.00057547
16,2,2,16,0,0,0,0,7,0,0,7,0.0007673
16,2,2,17,0,0,0,1,7,0,0,7,-0.00057547
16,2,3,16,0,0,1,0,7,0,0,7,0.0007673
16,2,4,14,0,0,0,0,7,0,1,6,0.0053711
16,2,4,15,0,0,0,1,7,0,1,6,-0.0038365
16,2,5,14,0,0,1,0,7,0,1,6,0
16,2,6,12,0,0,0,0,7,0,2,5,0.016113
16,2,6,13,0,0,0,1,7,0,2,5,-0.010742
16,2,7,12,0,0,1,0,7,0,2,5,-0.0053711
16,2,8,10,0,0,0,0,7,0,3,4,0.026855
16,2,8,11,0,0,0,1,7,0,3,4,-0.016113
16,2,9,10,0,0,1,0,7,0,3,4,-0.013428
16,2,10,8,0,0,0,0,7,0,4,3,0.026855
16,2,10,9,0,0,0,1,7,0,4,3,-0.013428
16,2,11,8,0,0,1,0,7,0,4,3,-0.016113
16,2,12,6,0,0,0,0,7,0,5,2,0.016113
16,2,12,7,0,0,0,1,7,0,5,2,-0.0053711
16,2,13,6,0,0,1,0,7,0,5,2,-0.010742
16,2,14,4,0,0,0,0,7,0,6,1,0.0053711
16,2,14,5,0,0,0,1,7,0,6,1,0
16,2,15,4,0,0,1,0,7,0,6,1,-0.0038365
16,2,16,2,0,0,0,0,7,0,7,0,0.0007673
16,2,16,3,0,0,0,1,7,0,7,0,0.0007673
16,2,17,2,0,0,1,0,7,0,7,0,-0.00057547
16,2,18,1,0,0,0,0,7,0,8,-1,0.00057547
16,3,2,16,0,1,0,0,7,0,0,7,0.0007673
16,3,4,14,0,1,0,0,7,0,1,6,0.0053711
16,3,6,12,0,1,0,0,7,0,2,5,0.016113
16,3,8,10,0,1,0,0,7,0,3,4,0.026855
16,3,10,8,0,1,0,0,7,0,4,3,0.026855
16,3,12,6,0,1,0,0,7,0,5,2,0.016113
16,3,14,4,0,1,0,0,7,0,6,1,0.0053711
16,3,16,2,0,1,0,0,7,0,7,0,0.0007673
16,4,2,18,0,0,0,0,7,1,0,8,0.00057547
16,4,2,19,0,0,0,1,7,1,0,8,-0.00044759
16,4,3,18,0,0,1,0,7,1,0,8,0.00057547
16,4,4,16,0,0,0,0,7,1,1,7,0.0046038
16,4,4,17,0,0,0,1,7,1,1,7,-0.0034528
16,4,5,16,0,0,1,0,7,1,1,7,0
16,4,6,14,0,0,0,0,7,1,2,6,0.016113
16,4,6,15,0,0,0,1,7,1,2,6,-0.011509
16,4,7,14,0,0,1,0,7,1,2,6,-0.0053711
16,4,8,12,0,0,0,0,7,1,3,5,0.032227
16,4,8,13,0,0,0,1,7,1,3,5,-0.021484
16,4,9,12,0,0,1,0,7,1,3,5,-0.016113
16,4,10,10,0,0,0,0,7,1,4,4,0.040283
16,4,10,11,0,0,0,1,7,1,4,4,-0.02417
16,4,11,10,0,0,1,0,7,1,4,4,-0.02417
16,4,12,8,0,0,0,0,7,1,5,3,0.032227
16,4,12,9,0,0,0,1,7,1,5,3,-0.016113
16,4,13,8,0,0,1,0,7,1,5,3,-0.021484
16,4,14,6,0,0,0,0,7,1,6,2,0.016113
16,4,14,7,0,0,0,1,7,1,6,2,-0.0053711
16,4,15,6,0,0,1,0,7,1,6,2,-0.011509
16,4,16,4,0,0,0,0,7,1,7,1,0.0046038
16,4,16,5,0,0,0,1,7,1,7,1,0
16,4,17,4,0,0,1,0,7,1,7,1,-0.0034528
16,4,18,2,0,0,0,0,7,1,8,0,0.00057547
16,4,18,3,0,0,0,1,7,1,8,0,0.00057547
16,4,19,2,0,0,1,0,7,1,8,0,-0.00044759
16,5,2,18,0,1,0,0,7,1,0,8,0
16,5,4,16,0,1,0,0,7,1,1,7,0
16,5,6,14,0,1,0,0,7,1,2,6,0
16,5,8,12,0,1,0,0,7,1,3,5,0
16,5,10,10,0,1,0,0,7,1,4,4,0
16,5,12,8,0,1,0,0,7,1,5,3,0
16,5,14,6,0,1,0,0,7,1,6,2,0
16,5,16,4,0,1,0,0,7,1,7,1,0
16,5,18,2,0,1,0,0,7,1,8,0,0
17,2,2,16,1,0,0,0,7,0,0,7,-0.00057547
17,2,4,14,1,0,0,0,7,0,1,6,-0.0040283
17,2,6,12,1,0,0,0,7,0,2,5,-0.012085
17,2,8,10,1,0,0,0,7,0,3,4,-0.020142
17,2,10,8,1,0,0,0,7,0,4,3,-0.020142
17,2,12,6,1,0,0,0,7,0,5,2,-0.012085
17,2,14,4,1,0,0,0,7,0,6,1,-0.0040283
17,2,16,2,1,0,0,0,7,0,7,0,-0.00057547
17,4,2,18,1,0,0,0,7,1,0,8,-0.00043161
17,4,4,16,1,0,0,0,7,1,1,7,-0.0034528
17,4,6,14,1,0,0,0,7,1,2,6,-0.012085
17,4,8,12,1,0,0,0,7,1,3,5,-0.02417
17,4,10,10,1,0,0,0,7,1,4,4,-0.030212
17,4,12,8,1,0,0,0,7,1,5,3,-0.02417
17,4,14,6,1,0,0,0,7,1,6,2,-0.012085
17,4,16,4,1,0,0,0,7,1,7,1,-0.0034528
17,4,18,2,1,0,0,0,7,1,8,0,-0.00043161
18,1,2,16,0,0,0,0,8,-1,0,7,0.00057547
18,1,4,14,0,0,0,0,8,-1,1,6,0.0040283
18,1,6,12,0,0,0,0,8,-1,2,5,0.012085
18,1,8,10,0,0,0,0,8,-1,3,4,0.020142
18,1,10,8,0,0,0,0,8,-1,4,3,0.020142
18,1,12,6,0,0,0,0,8,-1,5,2,0.012085
18,1,14,4,0,0,0,0,8,-1,6,1,0.0040283
18,1,16,2,0,0,0,0,8,-1,7,0,0.00057547
18,2,2,18,0,0,0,0,8,0,0,8,7.1934e-05
18,2,2,19,0,0,0,1,8,0,0,8,-5.5949e-05
18,2,3,18,0,0,1,0,8,0,0,8,7.1934e-05
18,2,4,16,0,0,0,0,8,0,1,7,0.00057547
18,2,4,17,0,0,0,1,8,0,1,7,-0.00043161
18,2,5,16,0,0,1,0,8,0,1,7,0
18,2,6,14,0,0,0,0,8,0,2,6,0.0020142
18,2,6,15,0,0,0,1,8,0,2,6,-0.0014387
18,2,7,14,0,0,1,0,8,0,2,6,-0.00067139
18,2,8,12,0,0,0,0,8,0,3,5,0.0040283
18,2,8,13,0,0,0,1,8,0,3,5,-0.0026855
18,2,9,12,0,0,1,0,8,0,3,5,-0.0020142
18,2,10,10,0,0,0,0,8,0,4,4,0.0050354
18,2,10,11,0,0,0,1,8,0,4,4,-0.0030212
18,2,11,10,0,0,1,0,8,0,4,4,-0.0030212
18,2,12,8,0,0,0,0,8,0,5,3,0.0040283
18,2,12,9,0,0,0,1,8,0,5,3,-0.0020142
18,2,13,8,0,0,1,0,8,0,5,3,-0.0026855
18,2,14,6,0,0,0,0,8,0,6,2,0.0020142
18,2,14,7,0,0,0,1,8,0,6,2,-0.00067139
18,2,15,6,0,0,1,0,8,0,6,2,-0.0014387
18,2,16,4,0,0,0,0,8,0,7,1,0.00057547
18,2,16,5,0,0,0,1,8,0,7,1,0
18,2,17,4,0,0,1,0,8,0,7,1,-0.00043161
18,2,18,2,0,0,0,0,8,0,8,0,7.1934e-05
18,2,18,3,0,0,0,1,8,0,8,0,7.1934e-05
18,2,19,2,0,0,1,0,8,0,8,0,-5.5949e-05
18,3,2,18,0,1,0,0,8,0,0,8,7.1934e-05
18,3,4,16,0,1,0,0,8,0,1,7,0.00057547
18,3,6,14,0,1,0,0,8,0,2,6,0.0020142
18,3,8,12,0,1,0,0,8,0,3,5,0.0040283
18,3,10,10,0,1,0,0,8,0,4,4,0.0050354
18,3,12,8,0,1,0,0,8,0,5,3,0.0040283
18,3,14,6,0,1,0,0,8,0,6,2,0.0020142
18,3,16,4,0,1,0,0,8,0,7,1,0.00057547
18,3,18,2,0,1,0,0,8,0,8,0,7.1934e-05
19,2,2,18,1,0,0,0,8,0,0,8,-5.5949e-05
19,2,4,16,1,0,0,0,8,0,1,7,-0.00044759
19,2,6,14,1,0,0,0,8,0,2,6,-0.0015666
19,2,8,12,1,0,0,0,8,0,3,5,-0.0031331
19,2,10,10,1,0,0,0,8,0,4,4,-0.0039164
19,2,12,8,1,0,0,0,8,0,5,3,-0.0031331
19,2,14,6,1,0,0,0,8,0,6,2,-0.0015666
19,2,16,4,1,0,0,0,8,0,7,1,-0.00044759
19,2,18,2,1,0,0,0,8,0,8,0,-5.5949e-05
