1,4,2,2,0,0,0,0,-1,1,0,0,0.5,1,1
1,6,2,4,0,0,0,0,-1,2,0,1,0.25,0.70711,2
1,6,4,2,0,0,0,0,-1,2,1,0,0.25,0.70711,2
1,8,2,6,0,0,0,0,-1,3,0,2,0.125,0.28868,6
1,8,4,4,0,0,0,0,-1,3,1,1,0.125,0.40825,6
1,8,6,2,0,0,0,0,-1,3,2,0,0.125,0.28868,6
1,10,2,8,0,0,0,0,-1,4,0,3,0.0625,0.083333,24
1,10,4,6,0,0,0,0,-1,4,1,2,0.0625,0.14434,24
1,10,6,4,0,0,0,0,-1,4,2,1,0.0625,0.14434,24
1,10,8,2,0,0,0,0,-1,4,3,0,0.0625,0.083333,24
1,12,2,10,0,0,0,0,-1,5,0,4,0.03125,0.018634,120
1,12,4,8,0,0,0,0,-1,5,1,3,0.03125,0.037268,120
1,12,6,6,0,0,0,0,-1,5,2,2,0.03125,0.045644,120
1,12,8,4,0,0,0,0,-1,5,3,1,0.03125,0.037268,120
1,12,10,2,0,0,0,0,-1,5,4,0,0.03125,0.018634,120
1,14,2,12,0,0,0,0,-1,6,0,5,0.015625,0.0034021,720
1,14,4,10,0,0,0,0,-1,6,1,4,0.015625,0.0076073,720
1,14,6,8,0,0,0,0,-1,6,2,3,0.015625,0.010758,720
1,14,8,6,0,0,0,0,-1,6,3,2,0.015625,0.010758,720
1,14,10,4,0,0,0,0,-1,6,4,1,0.015625,0.0076073,720
1,14,12,2,0,0,0,0,-1,6,5,0,0.015625,0.0034021,720
1,16,2,14,0,0,0,0,-1,7,0,6,0.0078125,0.00052495,5040
1,16,4,12,0,0,0,0,-1,7,1,5,0.0078125,0.0012859,5040
1,16,6,10,0,0,0,0,-1,7,2,4,0.0078125,0.0020331,5040
1,16,8,8,0,0,0,0,-1,7,3,3,0.0078125,0.0023477,5040
1,16,10,6,0,0,0,0,-1,7,4,2,0.0078125,0.0020331,5040
1,16,12,4,0,0,0,0,-1,7,5,1,0.0078125,0.0012859,5040
1,16,14,2,0,0,0,0,-1,7,6,0,0.0078125,0.00052495,5040
1,18,2,16,0,0,0,0,-1,8,0,7,0.0039063,7.0149e-05,40320
1,18,4,14,0,0,0,0,-1,8,1,6,0.0039063,0.0001856,40320
1,18,6,12,0,0,0,0,-1,8,2,5,0.0039063,0.00032147,40320
1,18,8,10,0,0,0,0,-1,8,3,4,0.0039063,0.00041501,40320
1,18,10,8,0,0,0,0,-1,8,4,3,0.0039063,0.00041501,40320
1,18,12,6,0,0,0,0,-1,8,5,2,0.0039063,0.00032147,40320
1,18,14,4,0,0,0,0,-1,8,6,1,0.0039063,0.0001856,40320
1,18,16,2,0,0,0,0,-1,8,7,0,0.0039063,7.0149e-05,40320
2,2,1,4,0,0,0,0,0,0,-1,1,0.5,1,1
2,2,2,2,0,0,0,0,0,0,0,0,1,1,1
2,2,2,3,0,0,0,1,0,0,0,0,1,1,0.5
2,2,3,2,0,0,1,0,0,0,0,0,1,1,0.5
2,2,4,1,0,0,0,0,0,0,1,-1,0.5,1,1
2,3,2,2,0,1,0,0,0,0,0,0,1,1,0.5
2,4,1,6,0,0,0,0,0,1,-1,2,0.25,0.70711,2
2,4,2,4,0,0,0,0,0,1,0,1,0.5,1,1
2,4,2,5,0,0,0,1,0,1,0,1,0.5,0.70711,1
2,4,3,4,0,0,1,0,0,1,0,1,0.5,1,-1.6653e-16
2,4,4,2,0,0,0,0,0,1,1,0,0.5,1,1
2,4,4,3,0,0,0,1,0,1,1,0,0.5,1,-1.6653e-16
2,4,5,2,0,0,1,0,0,1,1,0,0.5,0.70711,1
2,4,6,1,0,0,0,0,0,1,2,-1,0.25,0.70711,2
2,5,2,4,0,1,0,0,0,1,0,1,0.5,0.70711,1
2,5,4,2,0,1,0,0,0,1,1,0,0.5,0.70711,1
2,6,1,8,0,0,0,0,0,2,-1,3,0.125,0.28868,6
2,6,2,6,0,0,0,0,0,2,0,2,0.25,0.5,2
2,6,2,7,0,0,0,1,0,2,0,2,0.25,0.28868,3
2,6,3,6,0,0,1,0,0,2,0,2,0.25,0.5,-1
2,6,4,4,0,0,0,0,0,2,1,1,0.25,0.70711,2
2,6,4,5,0,0,0,1,0,2,1,1,0.25,0.5,1
2,6,5,4,0,0,1,0,0,2,1,1,0.25,0.5,1
2,6,6,2,0,0,0,0,0,2,2,0,0.25,0.5,2
2,6,6,3,0,0,0,1,0,2,2,0,0.25,0.5,-1
2,6,7,2,0,0,1,0,0,2,2,0,0.25,0.28868,3
2,6,8,1,0,0,0,0,0,2,3,-1,0.125,0.28868,6
2,7,2,6,0,1,0,0,0,2,0,2,0.25,0.28868,3
2,7,4,4,0,1,0,0,0,2,1,1,0.25,0.40825,3
2,7,6,2,0,1,0,0,0,2,2,0,0.25,0.28868,3
2,8,1,10,0,0,0,0,0,3,-1,4,0.0625,0.083333,24
2,8,2,8,0,0,0,0,0,3,0,3,0.125,0.16667,6
2,8,2,9,0,0,0,1,0,3,0,3,0.125,0.083333,12
2,8,3,8,0,0,1,0,0,3,0,3,0.125,0.16667,-6
2,8,4,6,0,0,0,0,0,3,1,2,0.125,0.28868,6
2,8,4,7,0,0,0,1,0,3,1,2,0.125,0.16667,6
2,8,5,6,0,0,1,0,0,3,1,2,0.125,0.20412,0
2,8,6,4,0,0,0,0,0,3,2,1,0.125,0.28868,6
2,8,6,5,0,0,0,1,0,3,2,1,0.125,0.20412,0
2,8,7,4,0,0,1,0,0,3,2,1,0.125,0.16667,6
2,8,8,2,0,0,0,0,0,3,3,0,0.125,0.16667,6
2,8,8,3,0,0,0,1,0,3,3,0,0.125,0.16667,-6
2,8,9,2,0,0,1,0,0,3,3,0,0.125,0.083333,12
2,8,10,1,0,0,0,0,0,3,4,-1,0.0625,0.083333,24
2,9,2,8,0,1,0,0,0,3,0,3,0.125,0.083333,12
2,9,4,6,0,1,0,0,0,3,1,2,0.125,0.14434,12
2,9,6,4,0,1,0,0,0,3,2,1,0.125,0.14434,12
2,9,8,2,0,1,0,0,0,3,3,0,0.125,0.083333,12
2,10,1,12,0,0,0,0,0,4,-1,5,0.03125,0.018634,120
2,10,2,10,0,0,0,0,0,4,0,4,0.0625,0.041667,24
2,10,2,11,0,0,0,1,0,4,0,4,0.0625,0.018634,60
2,10,3,10,0,0,1,0,0,4,0,4,0.0625,0.041667,-36
2,10,4,8,0,0,0,0,0,4,1,3,0.0625,0.083333,24
2,10,4,9,0,0,0,1,0,4,1,3,0.0625,0.041667,36
2,10,5,8,0,0,1,0,0,4,1,3,0.0625,0.058926,-12
2,10,6,6,0,0,0,0,0,4,2,2,0.0625,0.10206,24
2,10,6,7,0,0,0,1,0,4,2,2,0.0625,0.058926,12
2,10,7,6,0,0,1,0,0,4,2,2,0.0625,0.058926,12
2,10,8,4,0,0,0,0,0,4,3,1,0.0625,0.083333,24
2,10,8,5,0,0,0,1,0,4,3,1,0.0625,0.058926,-12
2,10,9,4,0,0,1,0,0,4,3,1,0.0625,0.041667,36
2,10,10,2,0,0,0,0,0,4,4,0,0.0625,0.041667,24
2,10,10,3,0,0,0,1,0,4,4,0,0.0625,0.041667,-36
2,10,11,2,0,0,1,0,0,4,4,0,0.0625,0.018634,60
2,10,12,1,0,0,0,0,0,4,5,-1,0.03125,0.018634,120
2,11,2,10,0,1,0,0,0,4,0,4,0.0625,0.018634,60
2,11,4,8,0,1,0,0,0,4,1,3,0.0625,0.037268,60
2,11,6,6,0,1,0,0,0,4,2,2,0.0625,0.045644,60
2,11,8,4,0,1,0,0,0,4,3,1,0.0625,0.037268,60
2,11,10,2,0,1,0,0,0,4,4,0,0.0625,0.018634,60
2,12,1,14,0,0,0,0,0,5,-1,6,0.015625,0.0034021,720
2,12,2,12,0,0,0,0,0,5,0,5,0.03125,0.0083333,120
2,12,2,13,0,0,0,1,0,5,0,5,0.03125,0.0034021,360
2,12,3,12,0,0,1,0,0,5,0,5,0.03125,0.0083333,-240
2,12,4,10,0,0,0,0,0,5,1,4,0.03125,0.018634,120
2,12,4,11,0,0,0,1,0,5,1,4,0.03125,0.0083333,240
2,12,5,10,0,0,1,0,0,5,1,4,0.03125,0.013176,-120
2,12,6,8,0,0,0,0,0,5,2,3,0.03125,0.026352,120
2,12,6,9,0,0,0,1,0,5,2,3,0.03125,0.013176,120
2,12,7,8,0,0,1,0,0,5,2,3,0.03125,0.015215,-1.4211e-14
2,12,8,6,0,0,0,0,0,5,3,2,0.03125,0.026352,120
2,12,8,7,0,0,0,1,0,5,3,2,0.03125,0.015215,-1.4211e-14
2,12,9,6,0,0,1,0,0,5,3,2,0.03125,0.013176,120
2,12,10,4,0,0,0,0,0,5,4,1,0.03125,0.018634,120
2,12,10,5,0,0,0,1,0,5,4,1,0.03125,0.013176,-120
2,12,11,4,0,0,1,0,0,5,4,1,0.03125,0.0083333,240
2,12,12,2,0,0,0,0,0,5,5,0,0.03125,0.0083333,120
2,12,12,3,0,0,0,1,0,5,5,0,0.03125,0.0083333,-240
2,12,13,2,0,0,1,0,0,5,5,0,0.03125,0.0034021,360
2,12,14,1,0,0,0,0,0,5,6,-1,0.015625,0.0034021,720
2,13,2,12,0,1,0,0,0,5,0,5,0.03125,0.0034021,360
2,13,4,10,0,1,0,0,0,5,1,4,0.03125,0.0076073,360
2,13,6,8,0,1,0,0,0,5,2,3,0.03125,0.010758,360
2,13,8,6,0,1,0,0,0,5,3,2,0.03125,0.010758,360
2,13,10,4,0,1,0,0,0,5,4,1,0.03125,0.0076073,360
2,13,12,2,0,1,0,0,0,5,5,0,0.03125,0.0034021,360
2,14,1,16,0,0,0,0,0,6,-1,7,0.0078125,0.00052495,5040
2,14,2,14,0,0,0,0,0,6,0,6,0.015625,0.0013889,720
2,14,2,15,0,0,0,1,0,6,0,6,0.015625,0.00052495,2520
2,14,3,14,0,0,1,0,0,6,0,6,0.015625,0.0013889,-1800
2,14,4,12,0,0,0,0,0,6,1,5,0.015625,0.0034021,720
2,14,4,13,0,0,0,1,0,6,1,5,0.015625,0.0013889,1800
2,14,5,12,0,0,1,0,0,6,1,5,0.015625,0.0024056,-1080
2,14,6,10,0,0,0,0,0,6,2,4,0.015625,0.0053791,720
2,14,6,11,0,0,0,1,0,6,2,4,0.015625,0.0024056,1080
2,14,7,10,0,0,1,0,0,6,2,4,0.015625,0.0031056,-360
2,14,8,8,0,0,0,0,0,6,3,3,0.015625,0.0062113,720
2,14,8,9,0,0,0,1,0,6,3,3,0.015625,0.0031056,360
2,14,9,8,0,0,1,0,0,6,3,3,0.015625,0.0031056,360
2,14,10,6,0,0,0,0,0,6,4,2,0.015625,0.0053791,720
2,14,10,7,0,0,0,1,0,6,4,2,0.015625,0.0031056,-360
2,14,11,6,0,0,1,0,0,6,4,2,0.015625,0.0024056,1080
2,14,12,4,0,0,0,0,0,6,5,1,0.015625,0.0034021,720
2,14,12,5,0,0,0,1,0,6,5,1,0.015625,0.0024056,-1080
2,14,13,4,0,0,1,0,0,6,5,1,0.015625,0.0013889,1800
2,14,14,2,0,0,0,0,0,6,6,0,0.015625,0.0013889,720
2,14,14,3,0,0,0,1,0,6,6,0,0.015625,0.0013889,-1800
2,14,15,2,0,0,1,0,0,6,6,0,0.015625,0.00052495,2520
2,14,16,1,0,0,0,0,0,6,7,-1,0.0078125,0.00052495,5040
2,15,2,14,0,1,0,0,0,6,0,6,0.015625,0.00052495,2520
2,15,4,12,0,1,0,0,0,6,1,5,0.015625,0.0012859,2520
2,15,6,10,0,1,0,0,0,6,2,4,0.015625,0.0020331,2520
2,15,8,8,0,1,0,0,0,6,3,3,0.015625,0.0023477,2520
2,15,10,6,0,1,0,0,0,6,4,2,0.015625,0.0020331,2520
2,15,12,4,0,1,0,0,0,6,5,1,0.015625,0.0012859,2520
2,15,14,2,0,1,0,0,0,6,6,0,0.015625,0.00052495,2520
2,16,1,18,0,0,0,0,0,7,-1,8,0.0039063,7.0149e-05,40320
2,16,2,16,0,0,0,0,0,7,0,7,0.0078125,0.00019841,5040
2,16,2,17,0,0,0,1,0,7,0,7,0.0078125,7.0149e-05,20160
2,16,3,16,0,0,1,0,0,7,0,7,0.0078125,0.00019841,-15120
2,16,4,14,0,0,0,0,0,7,1,6,0.0078125,0.00052495,5040
2,16,4,15,0,0,0,1,0,7,1,6,0.0078125,0.00019841,15120
2,16,5,14,0,0,1,0,0,7,1,6,0.0078125,0.0003712,-10080
2,16,6,12,0,0,0,0,0,7,2,5,0.0078125,0.00090924,5040
2,16,6,13,0,0,0,1,0,7,2,5,0.0078125,0.0003712,10080
2,16,7,12,0,0,1,0,0,7,2,5,0.0078125,0.00052495,-5040
2,16,8,10,0,0,0,0,0,7,3,4,0.0078125,0.0011738,5040
2,16,8,11,0,0,0,1,0,7,3,4,0.0078125,0.00052495,5040
2,16,9,10,0,0,1,0,0,7,3,4,0.0078125,0.00058691,-3.1832e-12
2,16,10,8,0,0,0,0,0,7,4,3,0.0078125,0.0011738,5040
2,16,10,9,0,0,0,1,0,7,4,3,0.0078125,0.00058691,-3.1832e-12
2,16,11,8,0,0,1,0,0,7,4,3,0.0078125,0.00052495,5040
2,16,12,6,0,0,0,0,0,7,5,2,0.0078125,0.00090924,5040
2,16,12,7,0,0,0,1,0,7,5,2,0.0078125,0.00052495,-5040
2,16,13,6,0,0,1,0,0,7,5,2,0.0078125,0.0003712,10080
2,16,14,4,0,0,0,0,0,7,6,1,0.0078125,0.00052495,5040
2,16,14,5,0,0,0,1,0,7,6,1,0.0078125,0.0003712,-10080
2,16,15,4,0,0,1,0,0,7,6,1,0.0078125,0.00019841,15120
2,16,16,2,0,0,0,0,0,7,7,0,0.0078125,0.00019841,5040
2,16,16,3,0,0,0,1,0,7,7,0,0.0078125,0.00019841,-15120
2,16,17,2,0,0,1,0,0,7,7,0,0.0078125,7.0149e-05,20160
2,16,18,1,0,0,0,0,0,7,8,-1,0.0039063,7.0149e-05,40320
2,17,2,16,0,1,0,0,0,7,0,7,0.0078125,7.0149e-05,20160
2,17,4,14,0,1,0,0,0,7,1,6,0.0078125,0.0001856,20160
2,17,6,12,0,1,0,0,0,7,2,5,0.0078125,0.00032147,20160
2,17,8,10,0,1,0,0,0,7,3,4,0.0078125,0.00041501,20160
2,17,10,8,0,1,0,0,0,7,4,3,0.0078125,0.00041501,20160
2,17,12,6,0,1,0,0,0,7,5,2,0.0078125,0.00032147,20160
2,17,14,4,0,1,0,0,0,7,6,1,0.0078125,0.0001856,20160
2,17,16,2,0,1,0,0,0,7,7,0,0.0078125,7.0149e-05,20160
2,18,2,18,0,0,0,0,0,8,0,8,0.0039063,2.4802e-05,40320
2,18,2,19,0,0,0,1,0,8,0,8,0.0039063,8.2672e-06,1.8144e+05
2,18,3,18,0,0,1,0,0,8,0,8,0.0039063,2.4802e-05,-1.4112e+05
2,18,4,16,0,0,0,0,0,8,1,7,0.0039063,7.0149e-05,40320
2,18,4,17,0,0,0,1,0,8,1,7,0.0039063,2.4802e-05,1.4112e+05
2,18,5,16,0,0,1,0,0,8,1,7,0.0039063,4.9603e-05,-1.008e+05
2,18,6,14,0,0,0,0,0,8,2,6,0.0039063,0.00013124,40320
2,18,6,15,0,0,0,1,0,8,2,6,0.0039063,4.9603e-05,1.008e+05
2,18,7,14,0,0,1,0,0,8,2,6,0.0039063,7.577e-05,-60480
2,18,8,12,0,0,0,0,0,8,3,5,0.0039063,0.0001856,40320
2,18,8,13,0,0,0,1,0,8,3,5,0.0039063,7.577e-05,60480
2,18,9,12,0,0,1,0,0,8,3,5,0.0039063,9.2799e-05,-20160
2,18,10,10,0,0,0,0,0,8,4,4,0.0039063,0.0002075,40320
2,18,10,11,0,0,0,1,0,8,4,4,0.0039063,9.2799e-05,20160
2,18,11,10,0,0,1,0,0,8,4,4,0.0039063,9.2799e-05,20160
2,18,12,8,0,0,0,0,0,8,5,3,0.0039063,0.0001856,40320
2,18,12,9,0,0,0,1,0,8,5,3,0.0039063,9.2799e-05,-20160
2,18,13,8,0,0,1,0,0,8,5,3,0.0039063,7.577e-05,60480
2,18,14,6,0,0,0,0,0,8,6,2,0.0039063,0.00013124,40320
2,18,14,7,0,0,0,1,0,8,6,2,0.0039063,7.577e-05,-60480
2,18,15,6,0,0,1,0,0,8,6,2,0.0039063,4.9603e-05,1.008e+05
2,18,16,4,0,0,0,0,0,8,7,1,0.0039063,7.0149e-05,40320
2,18,16,5,0,0,0,1,0,8,7,1,0.0039063,4.9603e-05,-1.008e+05
2,18,17,4,0,0,1,0,0,8,7,1,0.0039063,2.4802e-05,1.4112e+05
2,18,18,2,0,0,0,0,0,8,8,0,0.0039063,2.4802e-05,40320
2,18,18,3,0,0,0,1,0,8,8,0,0.0039063,2.4802e-05,-1.4112e+05
2,18,19,2,0,0,1,0,0,8,8,0,0.0039063,8.2672e-06,1.8144e+05
2,19,2,18,0,1,0,0,0,8,0,8,0.0039063,8.2672e-06,1.8144e+05
2,19,4,16,0,1,0,0,0,8,1,7,0.0039063,2.3383e-05,1.8144e+05
2,19,6,14,0,1,0,0,0,8,2,6,0.0039063,4.3746e-05,1.8144e+05
2,19,8,12,0,1,0,0,0,8,3,5,0.0039063,6.1866e-05,1.8144e+05
2,19,10,10,0,1,0,0,0,8,4,4,0.0039063,6.9168e-05,1.8144e+05
2,19,12,8,0,1,0,0,0,8,5,3,0.0039063,6.1866e-05,1.8144e+05
2,19,14,6,0,1,0,0,0,8,6,2,0.0039063,4.3746e-05,1.8144e+05
2,19,16,4,0,1,0,0,0,8,7,1,0.0039063,2.3383e-05,1.8144e+05
2,19,18,2,0,1,0,0,0,8,8,0,0.0039063,8.2672e-06,1.8144e+05
3,2,2,2,1,0,0,0,0,0,0,0,1,1,0.5
3,4,2,4,1,0,0,0,0,1,0,1,0.5,1,-1.6653e-16
3,4,4,2,1,0,0,0,0,1,1,0,0.5,1,-1.6653e-16
3,6,2,6,1,0,0,0,0,2,0,2,0.25,0.5,-1
3,6,4,4,1,0,0,0,0,2,1,1,0.25,0.70711,-1
3,6,6,2,1,0,0,0,0,2,2,0,0.25,0.5,-1
3,8,2,8,1,0,0,0,0,3,0,3,0.125,0.16667,-6
3,8,4,6,1,0,0,0,0,3,1,2,0.125,0.28868,-6
3,8,6,4,1,0,0,0,0,3,2,1,0.125,0.28868,-6
3,8,8,2,1,0,0,0,0,3,3,0,0.125,0.16667,-6
3,10,2,10,1,0,0,0,0,4,0,4,0.0625,0.041667,-36
3,10,4,8,1,0,0,0,0,4,1,3,0.0625,0.083333,-36
3,10,6,6,1,0,0,0,0,4,2,2,0.0625,0.10206,-36
3,10,8,4,1,0,0,0,0,4,3,1,0.0625,0.083333,-36
3,10,10,2,1,0,0,0,0,4,4,0,0.0625,0.041667,-36
3,12,2,12,1,0,0,0,0,5,0,5,0.03125,0.0083333,-240
3,12,4,10,1,0,0,0,0,5,1,4,0.03125,0.018634,-240
3,12,6,8,1,0,0,0,0,5,2,3,0.03125,0.026352,-240
3,12,8,6,1,0,0,0,0,5,3,2,0.03125,0.026352,-240
3,12,10,4,1,0,0,0,0,5,4,1,0.03125,0.018634,-240
3,12,12,2,1,0,0,0,0,5,5,0,0.03125,0.0083333,-240
3,14,2,14,1,0,0,0,0,6,0,6,0.015625,0.0013889,-1800
3,14,4,12,1,0,0,0,0,6,1,5,0.015625,0.0034021,-1800
3,14,6,10,1,0,0,0,0,6,2,4,0.015625,0.0053791,-1800
3,14,8,8,1,0,0,0,0,6,3,3,0.015625,0.0062113,-1800
3,14,10,6,1,0,0,0,0,6,4,2,0.015625,0.0053791,-1800
3,14,12,4,1,0,0,0,0,6,5,1,0.015625,0.0034021,-1800
3,14,14,2,1,0,0,0,0,6,6,0,0.015625,0.0013889,-1800
3,16,2,16,1,0,0,0,0,7,0,7,0.0078125,0.00019841,-15120
3,16,4,14,1,0,0,0,0,7,1,6,0.0078125,0.00052495,-15120
3,16,6,12,1,0,0,0,0,7,2,5,0.0078125,0.00090924,-15120
3,16,8,10,1,0,0,0,0,7,3,4,0.0078125,0.0011738,-15120
3,16,10,8,1,0,0,0,0,7,4,3,0.0078125,0.0011738,-15120
3,16,12,6,1,0,0,0,0,7,5,2,0.0078125,0.00090924,-15120
3,16,14,4,1,0,0,0,0,7,6,1,0.0078125,0.00052495,-15120
3,16,16,2,1,0,0,0,0,7,7,0,0.0078125,0.00019841,-15120
3,18,2,18,1,0,0,0,0,8,0,8,0.0039063,2.4802e-05,-1.4112e+05
3,18,4,16,1,0,0,0,0,8,1,7,0.0039063,7.0149e-05,-1.4112e+05
3,18,6,14,1,0,0,0,0,8,2,6,0.0039063,0.00013124,-1.4112e+05
3,18,8,12,1,0,0,0,0,8,3,5,0.0039063,0.0001856,-1.4112e+05
3,18,10,10,1,0,0,0,0,8,4,4,0.0039063,0.0002075,-1.4112e+05
3,18,12,8,1,0,0,0,0,8,5,3,0.0039063,0.0001856,-1.4112e+05
3,18,14,6,1,0,0,0,0,8,6,2,0.0039063,0.00013124,-1.4112e+05
3,18,16,4,1,0,0,0,0,8,7,1,0.0039063,7.0149e-05,-1.4112e+05
3,18,18,2,1,0,0,0,0,8,8,0,0.0039063,2.4802e-05,-1.4112e+05
4,1,2,2,0,0,0,0,1,-1,0,0,0.5,1,1
4,2,1,6,0,0,0,0,1,0,-1,2,0.25,0.70711,2
4,2,2,4,0,0,0,0,1,0,0,1,0.5,1,1
4,2,2,5,0,0,0,1,1,0,0,1,0.5,0.70711,1
4,2,3,4,0,0,1,0,1,0,0,1,0.5,1,-1.6653e-16
4,2,4,2,0,0,0,0,1,0,1,0,0.5,1,1
4,2,4,3,0,0,0,1,1,0,1,0,0.5,1,-1.6653e-16
4,2,5,2,0,0,1,0,1,0,1,0,0.5,0.70711,1
4,2,6,1,0,0,0,0,1,0,2,-1,0.25,0.70711,2
4,3,2,4,0,1,0,0,1,0,0,1,0.5,1,-1.6653e-16
4,3,4,2,0,1,0,0,1,0,1,0,0.5,1,-1.6653e-16
4,4,1,8,0,0,0,0,1,1,-1,3,0.125,0.40825,6
4,4,2,6,0,0,0,0,1,1,0,2,0.25,0.70711,2
4,4,2,7,0,0,0,1,1,1,0,2,0.25,0.40825,3
4,4,3,6,0,0,1,0,1,1,0,2,0.25,0.70711,-1
4,4,4,4,0,0,0,0,1,1,1,1,0.25,1,2
4,4,4,5,0,0,0,1,1,1,1,1,0.25,0.70711,1
4,4,5,4,0,0,1,0,1,1,1,1,0.25,0.70711,1
4,4,6,2,0,0,0,0,1,1,2,0,0.25,0.70711,2
4,4,6,3,0,0,0,1,1,1,2,0,0.25,0.70711,-1
4,4,7,2,0,0,1,0,1,1,2,0,0.25,0.40825,3
4,4,8,1,0,0,0,0,1,1,3,-1,0.125,0.40825,6
4,5,2,6,0,1,0,0,1,1,0,2,0.25,0.5,1
4,5,4,4,0,1,0,0,1,1,1,1,0.25,0.70711,1
4,5,6,2,0,1,0,0,1,1,2,0,0.25,0.5,1
4,6,1,10,0,0,0,0,1,2,-1,4,0.0625,0.14434,24
4,6,2,8,0,0,0,0,1,2,0,3,0.125,0.28868,6
4,6,2,9,0,0,0,1,1,2,0,3,0.125,0.14434,12
4,6,3,8,0,0,1,0,1,2,0,3,0.125,0.28868,-6
4,6,4,6,0,0,0,0,1,2,1,2,0.125,0.5,6
4,6,4,7,0,0,0,1,1,2,1,2,0.125,0.28868,6
4,6,5,6,0,0,1,0,1,2,1,2,0.125,0.35355,0
4,6,6,4,0,0,0,0,1,2,2,1,0.125,0.5,6
4,6,6,5,0,0,0,1,1,2,2,1,0.125,0.35355,0
4,6,7,4,0,0,1,0,1,2,2,1,0.125,0.28868,6
4,6,8,2,0,0,0,0,1,2,3,0,0.125,0.28868,6
4,6,8,3,0,0,0,1,1,2,3,0,0.125,0.28868,-6
4,6,9,2,0,0,1,0,1,2,3,0,0.125,0.14434,12
4,6,10,1,0,0,0,0,1,2,4,-1,0.0625,0.14434,24
4,7,2,8,0,1,0,0,1,2,0,3,0.125,0.16667,6
4,7,4,6,0,1,0,0,1,2,1,2,0.125,0.28868,6
4,7,6,4,0,1,0,0,1,2,2,1,0.125,0.28868,6
4,7,8,2,0,1,0,0,1,2,3,0,0.125,0.16667,6
4,8,1,12,0,0,0,0,1,3,-1,5,0.03125,0.037268,120
4,8,2,10,0,0,0,0,1,3,0,4,0.0625,0.083333,24
4,8,2,11,0,0,0,1,1,3,0,4,0.0625,0.037268,60
4,8,3,10,0,0,1,0,1,3,0,4,0.0625,0.083333,-36
4,8,4,8,0,0,0,0,1,3,1,3,0.0625,0.16667,24
4,8,4,9,0,0,0,1,1,3,1,3,0.0625,0.083333,36
4,8,5,8,0,0,1,0,1,3,1,3,0.0625,0.11785,-12
4,8,6,6,0,0,0,0,1,3,2,2,0.0625,0.20412,24
4,8,6,7,0,0,0,1,1,3,2,2,0.0625,0.11785,12
4,8,7,6,0,0,1,0,1,3,2,2,0.0625,0.11785,12
4,8,8,4,0,0,0,0,1,3,3,1,0.0625,0.16667,24
4,8,8,5,0,0,0,1,1,3,3,1,0.0625,0.11785,-12
4,8,9,4,0,0,1,0,1,3,3,1,0.0625,0.083333,36
4,8,10,2,0,0,0,0,1,3,4,0,0.0625,0.083333,24
4,8,10,3,0,0,0,1,1,3,4,0,0.0625,0.083333,-36
4,8,11,2,0,0,1,0,1,3,4,0,0.0625,0.037268,60
4,8,12,1,0,0,0,0,1,3,5,-1,0.03125,0.037268,120
4,9,2,10,0,1,0,0,1,3,0,4,0.0625,0.041667,36
4,9,4,8,0,1,0,0,1,3,1,3,0.0625,0.083333,36
4,9,6,6,0,1,0,0,1,3,2,2,0.0625,0.10206,36
4,9,8,4,0,1,0,0,1,3,3,1,0.0625,0.083333,36
4,9,10,2,0,1,0,0,1,3,4,0,0.0625,0.041667,36
4,10,1,14,0,0,0,0,1,4,-1,6,0.015625,0.0076073,720
4,10,2,12,0,0,0,0,1,4,0,5,0.03125,0.018634,120
4,10,2,13,0,0,0,1,1,4,0,5,0.03125,0.0076073,360
4,10,3,12,0,0,1,0,1,4,0,5,0.03125,0.018634,-240
4,10,4,10,0,0,0,0,1,4,1,4,0.03125,0.041667,120
4,10,4,11,0,0,0,1,1,4,1,4,0.03125,0.018634,240
4,10,5,10,0,0,1,0,1,4,1,4,0.03125,0.029463,-120
4,10,6,8,0,0,0,0,1,4,2,3,0.03125,0.058926,120
4,10,6,9,0,0,0,1,1,4,2,3,0.03125,0.029463,120
4,10,7,8,0,0,1,0,1,4,2,3,0.03125,0.034021,-1.4211e-14
4,10,8,6,0,0,0,0,1,4,3,2,0.03125,0.058926,120
4,10,8,7,0,0,0,1,1,4,3,2,0.03125,0.034021,-1.4211e-14
4,10,9,6,0,0,1,0,1,4,3,2,0.03125,0.029463,120
4,10,10,4,0,0,0,0,1,4,4,1,0.03125,0.041667,120
4,10,10,5,0,0,0,1,1,4,4,1,0.03125,0.029463,-120
4,10,11,4,0,0,1,0,1,4,4,1,0.03125,0.018634,240
4,10,12,2,0,0,0,0,1,4,5,0,0.03125,0.018634,120
4,10,12,3,0,0,0,1,1,4,5,0,0.03125,0.018634,-240
4,10,13,2,0,0,1,0,1,4,5,0,0.03125,0.0076073,360
4,10,14,1,0,0,0,0,1,4,6,-1,0.015625,0.0076073,720
4,11,2,12,0,1,0,0,1,4,0,5,0.03125,0.0083333,240
4,11,4,10,0,1,0,0,1,4,1,4,0.03125,0.018634,240
4,11,6,8,0,1,0,0,1,4,2,3,0.03125,0.026352,240
4,11,8,6,0,1,0,0,1,4,3,2,0.03125,0.026352,240
4,11,10,4,0,1,0,0,1,4,4,1,0.03125,0.018634,240
4,11,12,2,0,1,0,0,1,4,5,0,0.03125,0.0083333,240
4,12,1,16,0,0,0,0,1,5,-1,7,0.0078125,0.0012859,5040
4,12,2,14,0,0,0,0,1,5,0,6,0.015625,0.0034021,720
4,12,2,15,0,0,0,1,1,5,0,6,0.015625,0.0012859,2520
4,12,3,14,0,0,1,0,1,5,0,6,0.015625,0.0034021,-1800
4,12,4,12,0,0,0,0,1,5,1,5,0.015625,0.0083333,720
4,12,4,13,0,0,0,1,1,5,1,5,0.015625,0.0034021,1800
4,12,5,12,0,0,1,0,1,5,1,5,0.015625,0.0058926,-1080
4,12,6,10,0,0,0,0,1,5,2,4,0.015625,0.013176,720
4,12,6,11,0,0,0,1,1,5,2,4,0.015625,0.0058926,1080
4,12,7,10,0,0,1,0,1,5,2,4,0.015625,0.0076073,-360
4,12,8,8,0,0,0,0,1,5,3,3,0.015625,0.015215,720
4,12,8,9,0,0,0,1,1,5,3,3,0.015625,0.0076073,360
4,12,9,8,0,0,1,0,1,5,3,3,0.015625,0.0076073,360
4,12,10,6,0,0,0,0,1,5,4,2,0.015625,0.013176,720
4,12,10,7,0,0,0,1,1,5,4,2,0.015625,0.0076073,-360
4,12,11,6,0,0,1,0,1,5,4,2,0.015625,0.0058926,1080
4,12,12,4,0,0,0,0,1,5,5,1,0.015625,0.0083333,720
4,12,12,5,0,0,0,1,1,5,5,1,0.015625,0.0058926,-1080
4,12,13,4,0,0,1,0,1,5,5,1,0.015625,0.0034021,1800
4,12,14,2,0,0,0,0,1,5,6,0,0.015625,0.0034021,720
4,12,14,3,0,0,0,1,1,5,6,0,0.015625,0.0034021,-1800
4,12,15,2,0,0,1,0,1,5,6,0,0.015625,0.0012859,2520
4,12,16,1,0,0,0,0,1,5,7,-1,0.0078125,0.0012859,5040
4,13,2,14,0,1,0,0,1,5,0,6,0.015625,0.0013889,1800
4,13,4,12,0,1,0,0,1,5,1,5,0.015625,0.0034021,1800
4,13,6,10,0,1,0,0,1,5,2,4,0.015625,0.0053791,1800
4,13,8,8,0,1,0,0,1,5,3,3,0.015625,0.0062113,1800
4,13,10,6,0,1,0,0,1,5,4,2,0.015625,0.0053791,1800
4,13,12,4,0,1,0,0,1,5,5,1,0.015625,0.0034021,1800
4,13,14,2,0,1,0,0,1,5,6,0,0.015625,0.0013889,1800
4,14,1,18,0,0,0,0,1,6,-1,8,0.0039063,0.0001856,40320
4,14,2,16,0,0,0,0,1,6,0,7,0.0078125,0.00052495,5040
4,14,2,17,0,0,0,1,1,6,0,7,0.0078125,0.0001856,20160
4,14,3,16,0,0,1,0,1,6,0,7,0.0078125,0.00052495,-15120
4,14,4,14,0,0,0,0,1,6,1,6,0.0078125,0.0013889,5040
4,14,4,15,0,0,0,1,1,6,1,6,0.0078125,0.00052495,15120
4,14,5,14,0,0,1,0,1,6,1,6,0.0078125,0.00098209,-10080
4,14,6,12,0,0,0,0,1,6,2,5,0.0078125,0.0024056,5040
4,14,6,13,0,0,0,1,1,6,2,5,0.0078125,0.00098209,10080
4,14,7,12,0,0,1,0,1,6,2,5,0.0078125,0.0013889,-5040
4,14,8,10,0,0,0,0,1,6,3,4,0.0078125,0.0031056,5040
4,14,8,11,0,0,0,1,1,6,3,4,0.0078125,0.0013889,5040
4,14,9,10,0,0,1,0,1,6,3,4,0.0078125,0.0015528,-3.1832e-12
4,14,10,8,0,0,0,0,1,6,4,3,0.0078125,0.0031056,5040
4,14,10,9,0,0,0,1,1,6,4,3,0.0078125,0.0015528,-3.1832e-12
4,14,11,8,0,0,1,0,1,6,4,3,0.0078125,0.0013889,5040
4,14,12,6,0,0,0,0,1,6,5,2,0.0078125,0.0024056,5040
4,14,12,7,0,0,0,1,1,6,5,2,0.0078125,0.0013889,-5040
4,14,13,6,0,0,1,0,1,6,5,2,0.0078125,0.00098209,10080
4,14,14,4,0,0,0,0,1,6,6,1,0.0078125,0.0013889,5040
4,14,14,5,0,0,0,1,1,6,6,1,0.0078125,0.00098209,-10080
4,14,15,4,0,0,1,0,1,6,6,1,0.0078125,0.00052495,15120
4,14,16,2,0,0,0,0,1,6,7,0,0.0078125,0.00052495,5040
4,14,16,3,0,0,0,1,1,6,7,0,0.0078125,0.00052495,-15120
4,14,17,2,0,0,1,0,1,6,7,0,0.0078125,0.0001856,20160
4,14,18,1,0,0,0,0,1,6,8,-1,0.0039063,0.0001856,40320
4,15,2,16,0,1,0,0,1,6,0,7,0.0078125,0.00019841,15120
4,15,4,14,0,1,0,0,1,6,1,6,0.0078125,0.00052495,15120
4,15,6,12,0,1,0,0,1,6,2,5,0.0078125,0.00090924,15120
4,15,8,10,0,1,0,0,1,6,3,4,0.0078125,0.0011738,15120
4,15,10,8,0,1,0,0,1,6,4,3,0.0078125,0.0011738,15120
4,15,12,6,0,1,0,0,1,6,5,2,0.0078125,0.00090924,15120
4,15,14,4,0,1,0,0,1,6,6,1,0.0078125,0.00052495,15120
4,15,16,2,0,1,0,0,1,6,7,0,0.0078125,0.00019841,15120
4,16,2,18,0,0,0,0,1,7,0,8,0.0039063,7.0149e-05,40320
4,16,2,19,0,0,0,1,1,7,0,8,0.0039063,2.3383e-05,1.8144e+05
4,16,3,18,0,0,1,0,1,7,0,8,0.0039063,7.0149e-05,-1.4112e+05
4,16,4,16,0,0,0,0,1,7,1,7,0.0039063,0.00019841,40320
4,16,4,17,0,0,0,1,1,7,1,7,0.0039063,7.0149e-05,1.4112e+05
4,16,5,16,0,0,1,0,1,7,1,7,0.0039063,0.0001403,-1.008e+05
4,16,6,14,0,0,0,0,1,7,2,6,0.0039063,0.0003712,40320
4,16,6,15,0,0,0,1,1,7,2,6,0.0039063,0.0001403,1.008e+05
4,16,7,14,0,0,1,0,1,7,2,6,0.0039063,0.00021431,-60480
4,16,8,12,0,0,0,0,1,7,3,5,0.0039063,0.00052495,40320
4,16,8,13,0,0,0,1,1,7,3,5,0.0039063,0.00021431,60480
4,16,9,12,0,0,1,0,1,7,3,5,0.0039063,0.00026248,-20160
4,16,10,10,0,0,0,0,1,7,4,4,0.0039063,0.00058691,40320
4,16,10,11,0,0,0,1,1,7,4,4,0.0039063,0.00026248,20160
4,16,11,10,0,0,1,0,1,7,4,4,0.0039063,0.00026248,20160
4,16,12,8,0,0,0,0,1,7,5,3,0.0039063,0.00052495,40320
4,16,12,9,0,0,0,1,1,7,5,3,0.0039063,0.00026248,-20160
4,16,13,8,0,0,1,0,1,7,5,3,0.0039063,0.00021431,60480
4,16,14,6,0,0,0,0,1,7,6,2,0.0039063,0.0003712,40320
4,16,14,7,0,0,0,1,1,7,6,2,0.0039063,0.00021431,-60480
4,16,15,6,0,0,1,0,1,7,6,2,0.0039063,0.0001403,1.008e+05
4,16,16,4,0,0,0,0,1,7,7,1,0.0039063,0.00019841,40320
4,16,16,5,0,0,0,1,1,7,7,1,0.0039063,0.0001403,-1.008e+05
4,16,17,4,0,0,1,0,1,7,7,1,0.0039063,7.0149e-05,1.4112e+05
4,16,18,2,0,0,0,0,1,7,8,0,0.0039063,7.0149e-05,40320
4,16,18,3,0,0,0,1,1,7,8,0,0.0039063,7.0149e-05,-1.4112e+05
4,16,19,2,0,0,1,0,1,7,8,0,0.0039063,2.3383e-05,1.8144e+05
4,17,2,18,0,1,0,0,1,7,0,8,0.0039063,2.4802e-05,1.4112e+05
4,17,4,16,0,1,0,0,1,7,1,7,0.0039063,7.0149e-05,1.4112e+05
4,17,6,14,0,1,0,0,1,7,2,6,0.0039063,0.00013124,1.4112e+05
4,17,8,12,0,1,0,0,1,7,3,5,0.0039063,0.0001856,1.4112e+05
4,17,10,10,0,1,0,0,1,7,4,4,0.0039063,0.0002075,1.4112e+05
4,17,12,8,0,1,0,0,1,7,5,3,0.0039063,0.0001856,1.4112e+05
4,17,14,6,0,1,0,0,1,7,6,2,0.0039063,0.00013124,1.4112e+05
4,17,16,4,0,1,0,0,1,7,7,1,0.0039063,7.0149e-05,1.4112e+05
4,17,18,2,0,1,0,0,1,7,8,0,0.0039063,2.4802e-05,1.4112e+05
5,2,2,4,1,0,0,0,1,0,0,1,0.5,0.70711,1
5,2,4,2,1,0,0,0,1,0,1,0,0.5,0.70711,1
5,4,2,6,1,0,0,0,1,1,0,2,0.25,0.5,1
5,4,4,4,1,0,0,0,1,1,1,1,0.25,0.70711,1
5,4,6,2,1,0,0,0,1,1,2,0,0.25,0.5,1
5,6,2,8,1,0,0,0,1,2,0,3,0.125,0.20412,0
5,6,4,6,1,0,0,0,1,2,1,2,0.125,0.35355,0
5,6,6,4,1,0,0,0,1,2,2,1,0.125,0.35355,0
5,6,8,2,1,0,0,0,1,2,3,0,0.125,0.20412,0
5,8,2,10,1,0,0,0,1,3,0,4,0.0625,0.058926,-12
5,8,4,8,1,0,0,0,1,3,1,3,0.0625,0.11785,-12
5,8,6,6,1,0,0,0,1,3,2,2,0.0625,0.14434,-12
5,8,8,4,1,0,0,0,1,3,3,1,0.0625,0.11785,-12
5,8,10,2,1,0,0,0,1,3,4,0,0.0625,0.058926,-12
5,10,2,12,1,0,0,0,1,4,0,5,0.03125,0.013176,-120
5,10,4,10,1,0,0,0,1,4,1,4,0.03125,0.029463,-120
5,10,6,8,1,0,0,0,1,4,2,3,0.03125,0.041667,-120
5,10,8,6,1,0,0,0,1,4,3,2,0.03125,0.041667,-120
5,10,10,4,1,0,0,0,1,4,4,1,0.03125,0.029463,-120
5,10,12,2,1,0,0,0,1,4,5,0,0.03125,0.013176,-120
5,12,2,14,1,0,0,0,1,5,0,6,0.015625,0.0024056,-1080
5,12,4,12,1,0,0,0,1,5,1,5,0.015625,0.0058926,-1080
5,12,6,10,1,0,0,0,1,5,2,4,0.015625,0.0093169,-1080
5,12,8,8,1,0,0,0,1,5,3,3,0.015625,0.010758,-1080
5,12,10,6,1,0,0,0,1,5,4,2,0.015625,0.0093169,-1080
5,12,12,4,1,0,0,0,1,5,5,1,0.015625,0.0058926,-1080
5,12,14,2,1,0,0,0,1,5,6,0,0.015625,0.0024056,-1080
5,14,2,16,1,0,0,0,1,6,0,7,0.0078125,0.0003712,-10080
5,14,4,14,1,0,0,0,1,6,1,6,0.0078125,0.00098209,-10080
5,14,6,12,1,0,0,0,1,6,2,5,0.0078125,0.001701,-10080
5,14,8,10,1,0,0,0,1,6,3,4,0.0078125,0.002196,-10080
5,14,10,8,1,0,0,0,1,6,4,3,0.0078125,0.002196,-10080
5,14,12,6,1,0,0,0,1,6,5,2,0.0078125,0.001701,-10080
5,14,14,4,1,0,0,0,1,6,6,1,0.0078125,0.00098209,-10080
5,14,16,2,1,0,0,0,1,6,7,0,0.0078125,0.0003712,-10080
5,16,2,18,1,0,0,0,1,7,0,8,0.0039063,4.9603e-05,-1.008e+05
5,16,4,16,1,0,0,0,1,7,1,7,0.0039063,0.0001403,-1.008e+05
5,16,6,14,1,0,0,0,1,7,2,6,0.0039063,0.00026248,-1.008e+05
5,16,8,12,1,0,0,0,1,7,3,5,0.0039063,0.0003712,-1.008e+05
5,16,10,10,1,0,0,0,1,7,4,4,0.0039063,0.00041501,-1.008e+05
5,16,12,8,1,0,0,0,1,7,5,3,0.0039063,0.0003712,-1.008e+05
5,16,14,6,1,0,0,0,1,7,6,2,0.0039063,0.00026248,-1.008e+05
5,16,16,4,1,0,0,0,1,7,7,1,0.0039063,0.0001403,-1.008e+05
5,16,18,2,1,0,0,0,1,7,8,0,0.0039063,4.9603e-05,-1.008e+05
6,1,2,4,0,0,0,0,2,-1,0,1,0.25,0.70711,2
6,1,4,2,0,0,0,0,2,-1,1,0,0.25,0.70711,2
6,2,1,8,0,0,0,0,2,0,-1,3,0.125,0.28868,6
6,2,2,6,0,0,0,0,2,0,0,2,0.25,0.5,2
6,2,2,7,0,0,0,1,2,0,0,2,0.25,0.28868,3
6,2,3,6,0,0,1,0,2,0,0,2,0.25,0.5,-1
6,2,4,4,0,0,0,0,2,0,1,1,0.25,0.70711,2
6,2,4,5,0,0,0,1,2,0,1,1,0.25,0.5,1
6,2,5,4,0,0,1,0,2,0,1,1,0.25,0.5,1
6,2,6,2,0,0,0,0,2,0,2,0,0.25,0.5,2
6,2,6,3,0,0,0,1,2,0,2,0,0.25,0.5,-1
6,2,7,2,0,0,1,0,2,0,2,0,0.25,0.28868,3
6,2,8,1,0,0,0,0,2,0,3,-1,0.125,0.28868,6
6,3,2,6,0,1,0,0,2,0,0,2,0.25,0.5,-1
6,3,4,4,0,1,0,0,2,0,1,1,0.25,0.70711,-1
6,3,6,2,0,1,0,0,2,0,2,0,0.25,0.5,-1
6,4,1,10,0,0,0,0,2,1,-1,4,0.0625,0.14434,24
6,4,2,8,0,0,0,0,2,1,0,3,0.125,0.28868,6
6,4,2,9,0,0,0,1,2,1,0,3,0.125,0.14434,12
6,4,3,8,0,0,1,0,2,1,0,3,0.125,0.28868,-6
6,4,4,6,0,0,0,0,2,1,1,2,0.125,0.5,6
6,4,4,7,0,0,0,1,2,1,1,2,0.125,0.28868,6
6,4,5,6,0,0,1,0,2,1,1,2,0.125,0.35355,0
6,4,6,4,0,0,0,0,2,1,2,1,0.125,0.5,6
6,4,6,5,0,0,0,1,2,1,2,1,0.125,0.35355,0
6,4,7,4,0,0,1,0,2,1,2,1,0.125,0.28868,6
6,4,8,2,0,0,0,0,2,1,3,0,0.125,0.28868,6
6,4,8,3,0,0,0,1,2,1,3,0,0.125,0.28868,-6
6,4,9,2,0,0,1,0,2,1,3,0,0.125,0.14434,12
6,4,10,1,0,0,0,0,2,1,4,-1,0.0625,0.14434,24
6,5,2,8,0,1,0,0,2,1,0,3,0.125,0.20412,0
6,5,4,6,0,1,0,0,2,1,1,2,0.125,0.35355,0
6,5,6,4,0,1,0,0,2,1,2,1,0.125,0.35355,0
6,5,8,2,0,1,0,0,2,1,3,0,0.125,0.20412,0
6,6,1,12,0,0,0,0,2,2,-1,5,0.03125,0.045644,120
6,6,2,10,0,0,0,0,2,2,0,4,0.0625,0.10206,24
6,6,2,11,0,0,0,1,2,2,0,4,0.0625,0.045644,60
6,6,3,10,0,0,1,0,2,2,0,4,0.0625,0.10206,-36
6,6,4,8,0,0,0,0,2,2,1,3,0.0625,0.20412,24
6,6,4,9,0,0,0,1,2,2,1,3,0.0625,0.10206,36
6,6,5,8,0,0,1,0,2,2,1,3,0.0625,0.14434,-12
6,6,6,6,0,0,0,0,2,2,2,2,0.0625,0.25,24
6,6,6,7,0,0,0,1,2,2,2,2,0.0625,0.14434,12
6,6,7,6,0,0,1,0,2,2,2,2,0.0625,0.14434,12
6,6,8,4,0,0,0,0,2,2,3,1,0.0625,0.20412,24
6,6,8,5,0,0,0,1,2,2,3,1,0.0625,0.14434,-12
6,6,9,4,0,0,1,0,2,2,3,1,0.0625,0.10206,36
6,6,10,2,0,0,0,0,2,2,4,0,0.0625,0.10206,24
6,6,10,3,0,0,0,1,2,2,4,0,0.0625,0.10206,-36
6,6,11,2,0,0,1,0,2,2,4,0,0.0625,0.045644,60
6,6,12,1,0,0,0,0,2,2,5,-1,0.03125,0.045644,120
6,7,2,10,0,1,0,0,2,2,0,4,0.0625,0.058926,12
6,7,4,8,0,1,0,0,2,2,1,3,0.0625,0.11785,12
6,7,6,6,0,1,0,0,2,2,2,2,0.0625,0.14434,12
6,7,8,4,0,1,0,0,2,2,3,1,0.0625,0.11785,12
6,7,10,2,0,1,0,0,2,2,4,0,0.0625,0.058926,12
6,8,1,14,0,0,0,0,2,3,-1,6,0.015625,0.010758,720
6,8,2,12,0,0,0,0,2,3,0,5,0.03125,0.026352,120
6,8,2,13,0,0,0,1,2,3,0,5,0.03125,0.010758,360
6,8,3,12,0,0,1,0,2,3,0,5,0.03125,0.026352,-240
6,8,4,10,0,0,0,0,2,3,1,4,0.03125,0.058926,120
6,8,4,11,0,0,0,1,2,3,1,4,0.03125,0.026352,240
6,8,5,10,0,0,1,0,2,3,1,4,0.03125,0.041667,-120
6,8,6,8,0,0,0,0,2,3,2,3,0.03125,0.083333,120
6,8,6,9,0,0,0,1,2,3,2,3,0.03125,0.041667,120
6,8,7,8,0,0,1,0,2,3,2,3,0.03125,0.048113,-1.4211e-14
6,8,8,6,0,0,0,0,2,3,3,2,0.03125,0.083333,120
6,8,8,7,0,0,0,1,2,3,3,2,0.03125,0.048113,-1.4211e-14
6,8,9,6,0,0,1,0,2,3,3,2,0.03125,0.041667,120
6,8,10,4,0,0,0,0,2,3,4,1,0.03125,0.058926,120
6,8,10,5,0,0,0,1,2,3,4,1,0.03125,0.041667,-120
6,8,11,4,0,0,1,0,2,3,4,1,0.03125,0.026352,240
6,8,12,2,0,0,0,0,2,3,5,0,0.03125,0.026352,120
6,8,12,3,0,0,0,1,2,3,5,0,0.03125,0.026352,-240
6,8,13,2,0,0,1,0,2,3,5,0,0.03125,0.010758,360
6,8,14,1,0,0,0,0,2,3,6,-1,0.015625,0.010758,720
6,9,2,12,0,1,0,0,2,3,0,5,0.03125,0.013176,120
6,9,4,10,0,1,0,0,2,3,1,4,0.03125,0.029463,120
6,9,6,8,0,1,0,0,2,3,2,3,0.03125,0.041667,120
6,9,8,6,0,1,0,0,2,3,3,2,0.03125,0.041667,120
6,9,10,4,0,1,0,0,2,3,4,1,0.03125,0.029463,120
6,9,12,2,0,1,0,0,2,3,5,0,0.03125,0.013176,120
6,10,1,16,0,0,0,0,2,4,-1,7,0.0078125,0.0020331,5040
6,10,2,14,0,0,0,0,2,4,0,6,0.015625,0.0053791,720
6,10,2,15,0,0,0,1,2,4,0,6,0.015625,0.0020331,2520
6,10,3,14,0,0,1,0,2,4,0,6,0.015625,0.0053791,-1800
6,10,4,12,0,0,0,0,2,4,1,5,0.015625,0.013176,720
6,10,4,13,0,0,0,1,2,4,1,5,0.015625,0.0053791,1800
6,10,5,12,0,0,1,0,2,4,1,5,0.015625,0.0093169,-1080
6,10,6,10,0,0,0,0,2,4,2,4,0.015625,0.020833,720
6,10,6,11,0,0,0,1,2,4,2,4,0.015625,0.0093169,1080
6,10,7,10,0,0,1,0,2,4,2,4,0.015625,0.012028,-360
6,10,8,8,0,0,0,0,2,4,3,3,0.015625,0.024056,720
6,10,8,9,0,0,0,1,2,4,3,3,0.015625,0.012028,360
6,10,9,8,0,0,1,0,2,4,3,3,0.015625,0.012028,360
6,10,10,6,0,0,0,0,2,4,4,2,0.015625,0.020833,720
6,10,10,7,0,0,0,1,2,4,4,2,0.015625,0.012028,-360
6,10,11,6,0,0,1,0,2,4,4,2,0.015625,0.0093169,1080
6,10,12,4,0,0,0,0,2,4,5,1,0.015625,0.013176,720
6,10,12,5,0,0,0,1,2,4,5,1,0.015625,0.0093169,-1080
6,10,13,4,0,0,1,0,2,4,5,1,0.015625,0.0053791,1800
6,10,14,2,0,0,0,0,2,4,6,0,0.015625,0.0053791,720
6,10,14,3,0,0,0,1,2,4,6,0,0.015625,0.0053791,-1800
6,10,15,2,0,0,1,0,2,4,6,0,0.015625,0.0020331,2520
6,10,16,1,0,0,0,0,2,4,7,-1,0.0078125,0.0020331,5040
6,11,2,14,0,1,0,0,2,4,0,6,0.015625,0.0024056,1080
6,11,4,12,0,1,0,0,2,4,1,5,0.015625,0.0058926,1080
6,11,6,10,0,1,0,0,2,4,2,4,0.015625,0.0093169,1080
6,11,8,8,0,1,0,0,2,4,3,3,0.015625,0.010758,1080
6,11,10,6,0,1,0,0,2,4,4,2,0.015625,0.0093169,1080
6,11,12,4,0,1,0,0,2,4,5,1,0.015625,0.0058926,1080
6,11,14,2,0,1,0,0,2,4,6,0,0.015625,0.0024056,1080
6,12,1,18,0,0,0,0,2,5,-1,8,0.0039063,0.00032147,40320
6,12,2,16,0,0,0,0,2,5,0,7,0.0078125,0.00090924,5040
6,12,2,17,0,0,0,1,2,5,0,7,0.0078125,0.00032147,20160
6,12,3,16,0,0,1,0,2,5,0,7,0.0078125,0.00090924,-15120
6,12,4,14,0,0,0,0,2,5,1,6,0.0078125,0.0024056,5040
6,12,4,15,0,0,0,1,2,5,1,6,0.0078125,0.00090924,15120
6,12,5,14,0,0,1,0,2,5,1,6,0.0078125,0.001701,-10080
6,12,6,12,0,0,0,0,2,5,2,5,0.0078125,0.0041667,5040
6,12,6,13,0,0,0,1,2,5,2,5,0.0078125,0.001701,10080
6,12,7,12,0,0,1,0,2,5,2,5,0.0078125,0.0024056,-5040
6,12,8,10,0,0,0,0,2,5,3,4,0.0078125,0.0053791,5040
6,12,8,11,0,0,0,1,2,5,3,4,0.0078125,0.0024056,5040
6,12,9,10,0,0,1,0,2,5,3,4,0.0078125,0.0026896,-3.1832e-12
6,12,10,8,0,0,0,0,2,5,4,3,0.0078125,0.0053791,5040
6,12,10,9,0,0,0,1,2,5,4,3,0.0078125,0.0026896,-3.1832e-12
6,12,11,8,0,0,1,0,2,5,4,3,0.0078125,0.0024056,5040
6,12,12,6,0,0,0,0,2,5,5,2,0.0078125,0.0041667,5040
6,12,12,7,0,0,0,1,2,5,5,2,0.0078125,0.0024056,-5040
6,12,13,6,0,0,1,0,2,5,5,2,0.0078125,0.001701,10080
6,12,14,4,0,0,0,0,2,5,6,1,0.0078125,0.0024056,5040
6,12,14,5,0,0,0,1,2,5,6,1,0.0078125,0.001701,-10080
6,12,15,4,0,0,1,0,2,5,6,1,0.0078125,0.00090924,15120
6,12,16,2,0,0,0,0,2,5,7,0,0.0078125,0.00090924,5040
6,12,16,3,0,0,0,1,2,5,7,0,0.0078125,0.00090924,-15120
6,12,17,2,0,0,1,0,2,5,7,0,0.0078125,0.00032147,20160
6,12,18,1,0,0,0,0,2,5,8,-1,0.0039063,0.00032147,40320
6,13,2,16,0,1,0,0,2,5,0,7,0.0078125,0.0003712,10080
6,13,4,14,0,1,0,0,2,5,1,6,0.0078125,0.00098209,10080
6,13,6,12,0,1,0,0,2,5,2,5,0.0078125,0.001701,10080
6,13,8,10,0,1,0,0,2,5,3,4,0.0078125,0.002196,10080
6,13,10,8,0,1,0,0,2,5,4,3,0.0078125,0.002196,10080
6,13,12,6,0,1,0,0,2,5,5,2,0.0078125,0.001701,10080
6,13,14,4,0,1,0,0,2,5,6,1,0.0078125,0.00098209,10080
6,13,16,2,0,1,0,0,2,5,7,0,0.0078125,0.0003712,10080
6,14,2,18,0,0,0,0,2,6,0,8,0.0039063,0.00013124,40320
6,14,2,19,0,0,0,1,2,6,0,8,0.0039063,4.3746e-05,1.8144e+05
6,14,3,18,0,0,1,0,2,6,0,8,0.0039063,0.00013124,-1.4112e+05
6,14,4,16,0,0,0,0,2,6,1,7,0.0039063,0.0003712,40320
6,14,4,17,0,0,0,1,2,6,1,7,0.0039063,0.00013124,1.4112e+05
6,14,5,16,0,0,1,0,2,6,1,7,0.0039063,0.00026248,-1.008e+05
6,14,6,14,0,0,0,0,2,6,2,6,0.0039063,0.00069444,40320
6,14,6,15,0,0,0,1,2,6,2,6,0.0039063,0.00026248,1.008e+05
6,14,7,14,0,0,1,0,2,6,2,6,0.0039063,0.00040094,-60480
6,14,8,12,0,0,0,0,2,6,3,5,0.0039063,0.00098209,40320
6,14,8,13,0,0,0,1,2,6,3,5,0.0039063,0.00040094,60480
6,14,9,12,0,0,1,0,2,6,3,5,0.0039063,0.00049105,-20160
6,14,10,10,0,0,0,0,2,6,4,4,0.0039063,0.001098,40320
6,14,10,11,0,0,0,1,2,6,4,4,0.0039063,0.00049105,20160
6,14,11,10,0,0,1,0,2,6,4,4,0.0039063,0.00049105,20160
6,14,12,8,0,0,0,0,2,6,5,3,0.0039063,0.00098209,40320
6,14,12,9,0,0,0,1,2,6,5,3,0.0039063,0.00049105,-20160
6,14,13,8,0,0,1,0,2,6,5,3,0.0039063,0.00040094,60480
6,14,14,6,0,0,0,0,2,6,6,2,0.0039063,0.00069444,40320
6,14,14,7,0,0,0,1,2,6,6,2,0.0039063,0.00040094,-60480
6,14,15,6,0,0,1,0,2,6,6,2,0.0039063,0.00026248,1.008e+05
6,14,16,4,0,0,0,0,2,6,7,1,0.0039063,0.0003712,40320
6,14,16,5,0,0,0,1,2,6,7,1,0.0039063,0.00026248,-1.008e+05
6,14,17,4,0,0,1,0,2,6,7,1,0.0039063,0.00013124,1.4112e+05
6,14,18,2,0,0,0,0,2,6,8,0,0.0039063,0.00013124,40320
6,14,18,3,0,0,0,1,2,6,8,0,0.0039063,0.00013124,-1.4112e+05
6,14,19,2,0,0,1,0,2,6,8,0,0.0039063,4.3746e-05,1.8144e+05
6,15,2,18,0,1,0,0,2,6,0,8,0.0039063,4.9603e-05,1.008e+05
6,15,4,16,0,1,0,0,2,6,1,7,0.0039063,0.0001403,1.008e+05
6,15,6,14,0,1,0,0,2,6,2,6,0.0039063,0.00026248,1.008e+05
6,15,8,12,0,1,0,0,2,6,3,5,0.0039063,0.0003712,1.008e+05
6,15,10,10,0,1,0,0,2,6,4,4,0.0039063,0.00041501,1.008e+05
6,15,12,8,0,1,0,0,2,6,5,3,0.0039063,0.0003712,1.008e+05
6,15,14,6,0,1,0,0,2,6,6,2,0.0039063,0.00026248,1.008e+05
6,15,16,4,0,1,0,0,2,6,7,1,0.0039063,0.0001403,1.008e+05
6,15,18,2,0,1,0,0,2,6,8,0,0.0039063,4.9603e-05,1.008e+05
7,2,2,6,1,0,0,0,2,0,0,2,0.25,0.28868,3
7,2,4,4,1,0,0,0,2,0,1,1,0.25,0.40825,3
7,2,6,2,1,0,0,0,2,0,2,0,0.25,0.28868,3
7,4,2,8,1,0,0,0,2,1,0,3,0.125,0.16667,6
7,4,4,6,1,0,0,0,2,1,1,2,0.125,0.28868,6
7,4,6,4,1,0,0,0,2,1,2,1,0.125,0.28868,6
7,4,8,2,1,0,0,0,2,1,3,0,0.125,0.16667,6
7,6,2,10,1,0,0,0,2,2,0,4,0.0625,0.058926,12
7,6,4,8,1,0,0,0,2,2,1,3,0.0625,0.11785,12
7,6,6,6,1,0,0,0,2,2,2,2,0.0625,0.14434,12
7,6,8,4,1,0,0,0,2,2,3,1,0.0625,0.11785,12
7,6,10,2,1,0,0,0,2,2,4,0,0.0625,0.058926,12
7,8,2,12,1,0,0,0,2,3,0,5,0.03125,0.015215,-1.4211e-14
7,8,4,10,1,0,0,0,2,3,1,4,0.03125,0.034021,-1.4211e-14
7,8,6,8,1,0,0,0,2,3,2,3,0.03125,0.048113,-1.4211e-14
7,8,8,6,1,0,0,0,2,3,3,2,0.03125,0.048113,-1.4211e-14
7,8,10,4,1,0,0,0,2,3,4,1,0.03125,0.034021,-1.4211e-14
7,8,12,2,1,0,0,0,2,3,5,0,0.03125,0.015215,-1.4211e-14
7,10,2,14,1,0,0,0,2,4,0,6,0.015625,0.0031056,-360
7,10,4,12,1,0,0,0,2,4,1,5,0.015625,0.0076073,-360
7,10,6,10,1,0,0,0,2,4,2,4,0.015625,0.012028,-360
7,10,8,8,1,0,0,0,2,4,3,3,0.015625,0.013889,-360
7,10,10,6,1,0,0,0,2,4,4,2,0.015625,0.012028,-360
7,10,12,4,1,0,0,0,2,4,5,1,0.015625,0.0076073,-360
7,10,14,2,1,0,0,0,2,4,6,0,0.015625,0.0031056,-360
7,12,2,16,1,0,0,0,2,5,0,7,0.0078125,0.00052495,-5040
7,12,4,14,1,0,0,0,2,5,1,6,0.0078125,0.0013889,-5040
7,12,6,12,1,0,0,0,2,5,2,5,0.0078125,0.0024056,-5040
7,12,8,10,1,0,0,0,2,5,3,4,0.0078125,0.0031056,-5040
7,12,10,8,1,0,0,0,2,5,4,3,0.0078125,0.0031056,-5040
7,12,12,6,1,0,0,0,2,5,5,2,0.0078125,0.0024056,-5040
7,12,14,4,1,0,0,0,2,5,6,1,0.0078125,0.0013889,-5040
7,12,16,2,1,0,0,0,2,5,7,0,0.0078125,0.00052495,-5040
7,14,2,18,1,0,0,0,2,6,0,8,0.0039063,7.577e-05,-60480
7,14,4,16,1,0,0,0,2,6,1,7,0.0039063,0.00021431,-60480
7,14,6,14,1,0,0,0,2,6,2,6,0.0039063,0.00040094,-60480
7,14,8,12,1,0,0,0,2,6,3,5,0.0039063,0.00056701,-60480
7,14,10,10,1,0,0,0,2,6,4,4,0.0039063,0.00063394,-60480
7,14,12,8,1,0,0,0,2,6,5,3,0.0039063,0.00056701,-60480
7,14,14,6,1,0,0,0,2,6,6,2,0.0039063,0.00040094,-60480
7,14,16,4,1,0,0,0,2,6,7,1,0.0039063,0.00021431,-60480
7,14,18,2,1,0,0,0,2,6,8,0,0.0039063,7.577e-05,-60480
8,1,2,6,0,0,0,0,3,-1,0,2,0.125,0.28868,6
8,1,4,4,0,0,0,0,3,-1,1,1,0.125,0.40825,6
8,1,6,2,0,0,0,0,3,-1,2,0,0.125,0.28868,6
8,2,1,10,0,0,0,0,3,0,-1,4,0.0625,0.083333,24
8,2,2,8,0,0,0,0,3,0,0,3,0.125,0.16667,6
8,2,2,9,0,0,0,1,3,0,0,3,0.125,0.083333,12
8,2,3,8,0,0,1,0,3,0,0,3,0.125,0.16667,-6
8,2,4,6,0,0,0,0,3,0,1,2,0.125,0.28868,6
8,2,4,7,0,0,0,1,3,0,1,2,0.125,0.16667,6
8,2,5,6,0,0,1,0,3,0,1,2,0.125,0.20412,0
8,2,6,4,0,0,0,0,3,0,2,1,0.125,0.28868,6
8,2,6,5,0,0,0,1,3,0,2,1,0.125,0.20412,0
8,2,7,4,0,0,1,0,3,0,2,1,0.125,0.16667,6
8,2,8,2,0,0,0,0,3,0,3,0,0.125,0.16667,6
8,2,8,3,0,0,0,1,3,0,3,0,0.125,0.16667,-6
8,2,9,2,0,0,1,0,3,0,3,0,0.125,0.083333,12
8,2,10,1,0,0,0,0,3,0,4,-1,0.0625,0.083333,24
8,3,2,8,0,1,0,0,3,0,0,3,0.125,0.16667,-6
8,3,4,6,0,1,0,0,3,0,1,2,0.125,0.28868,-6
8,3,6,4,0,1,0,0,3,0,2,1,0.125,0.28868,-6
8,3,8,2,0,1,0,0,3,0,3,0,0.125,0.16667,-6
8,4,1,12,0,0,0,0,3,1,-1,5,0.03125,0.037268,120
8,4,2,10,0,0,0,0,3,1,0,4,0.0625,0.083333,24
8,4,2,11,0,0,0,1,3,1,0,4,0.0625,0.037268,60
8,4,3,10,0,0,1,0,3,1,0,4,0.0625,0.083333,-36
8,4,4,8,0,0,0,0,3,1,1,3,0.0625,0.16667,24
8,4,4,9,0,0,0,1,3,1,1,3,0.0625,0.083333,36
8,4,5,8,0,0,1,0,3,1,1,3,0.0625,0.11785,-12
8,4,6,6,0,0,0,0,3,1,2,2,0.0625,0.20412,24
8,4,6,7,0,0,0,1,3,1,2,2,0.0625,0.11785,12
8,4,7,6,0,0,1,0,3,1,2,2,0.0625,0.11785,12
8,4,8,4,0,0,0,0,3,1,3,1,0.0625,0.16667,24
8,4,8,5,0,0,0,1,3,1,3,1,0.0625,0.11785,-12
8,4,9,4,0,0,1,0,3,1,3,1,0.0625,0.083333,36
8,4,10,2,0,0,0,0,3,1,4,0,0.0625,0.083333,24
8,4,10,3,0,0,0,1,3,1,4,0,0.0625,0.083333,-36
8,4,11,2,0,0,1,0,3,1,4,0,0.0625,0.037268,60
8,4,12,1,0,0,0,0,3,1,5,-1,0.03125,0.037268,120
8,5,2,10,0,1,0,0,3,1,0,4,0.0625,0.058926,-12
8,5,4,8,0,1,0,0,3,1,1,3,0.0625,0.11785,-12
8,5,6,6,0,1,0,0,3,1,2,2,0.0625,0.14434,-12
8,5,8,4,0,1,0,0,3,1,3,1,0.0625,0.11785,-12
8,5,10,2,0,1,0,0,3,1,4,0,0.0625,0.058926,-12
8,6,1,14,0,0,0,0,3,2,-1,6,0.015625,0.010758,720
8,6,2,12,0,0,0,0,3,2,0,5,0.03125,0.026352,120
8,6,2,13,0,0,0,1,3,2,0,5,0.03125,0.010758,360
8,6,3,12,0,0,1,0,3,2,0,5,0.03125,0.026352,-240
8,6,4,10,0,0,0,0,3,2,1,4,0.03125,0.058926,120
8,6,4,11,0,0,0,1,3,2,1,4,0.03125,0.026352,240
8,6,5,10,0,0,1,0,3,2,1,4,0.03125,0.041667,-120
8,6,6,8,0,0,0,0,3,2,2,3,0.03125,0.083333,120
8,6,6,9,0,0,0,1,3,2,2,3,0.03125,0.041667,120
8,6,7,8,0,0,1,0,3,2,2,3,0.03125,0.048113,-1.4211e-14
8,6,8,6,0,0,0,0,3,2,3,2,0.03125,0.083333,120
8,6,8,7,0,0,0,1,3,2,3,2,0.03125,0.048113,-1.4211e-14
8,6,9,6,0,0,1,0,3,2,3,2,0.03125,0.041667,120
8,6,10,4,0,0,0,0,3,2,4,1,0.03125,0.058926,120
8,6,10,5,0,0,0,1,3,2,4,1,0.03125,0.041667,-120
8,6,11,4,0,0,1,0,3,2,4,1,0.03125,0.026352,240
8,6,12,2,0,0,0,0,3,2,5,0,0.03125,0.026352,120
8,6,12,3,0,0,0,1,3,2,5,0,0.03125,0.026352,-240
8,6,13,2,0,0,1,0,3,2,5,0,0.03125,0.010758,360
8,6,14,1,0,0,0,0,3,2,6,-1,0.015625,0.010758,720
8,7,2,12,0,1,0,0,3,2,0,5,0.03125,0.015215,-1.4211e-14
8,7,4,10,0,1,0,0,3,2,1,4,0.03125,0.034021,-1.4211e-14
8,7,6,8,0,1,0,0,3,2,2,3,0.03125,0.048113,-1.4211e-14
8,7,8,6,0,1,0,0,3,2,3,2,0.03125,0.048113,-1.4211e-14
8,7,10,4,0,1,0,0,3,2,4,1,0.03125,0.034021,-1.4211e-14
8,7,12,2,0,1,0,0,3,2,5,0,0.03125,0.015215,-1.4211e-14
8,8,1,16,0,0,0,0,3,3,-1,7,0.0078125,0.0023477,5040
8,8,2,14,0,0,0,0,3,3,0,6,0.015625,0.0062113,720
8,8,2,15,0,0,0,1,3,3,0,6,0.015625,0.0023477,2520
8,8,3,14,0,0,1,0,3,3,0,6,0.015625,0.0062113,-1800
8,8,4,12,0,0,0,0,3,3,1,5,0.015625,0.015215,720
8,8,4,13,0,0,0,1,3,3,1,5,0.015625,0.0062113,1800
8,8,5,12,0,0,1,0,3,3,1,5,0.015625,0.010758,-1080
8,8,6,10,0,0,0,0,3,3,2,4,0.015625,0.024056,720
8,8,6,11,0,0,0,1,3,3,2,4,0.015625,0.010758,1080
8,8,7,10,0,0,1,0,3,3,2,4,0.015625,0.013889,-360
8,8,8,8,0,0,0,0,3,3,3,3,0.015625,0.027778,720
8,8,8,9,0,0,0,1,3,3,3,3,0.015625,0.013889,360
8,8,9,8,0,0,1,0,3,3,3,3,0.015625,0.013889,360
8,8,10,6,0,0,0,0,3,3,4,2,0.015625,0.024056,720
8,8,10,7,0,0,0,1,3,3,4,2,0.015625,0.013889,-360
8,8,11,6,0,0,1,0,3,3,4,2,0.015625,0.010758,1080
8,8,12,4,0,0,0,0,3,3,5,1,0.015625,0.015215,720
8,8,12,5,0,0,0,1,3,3,5,1,0.015625,0.010758,-1080
8,8,13,4,0,0,1,0,3,3,5,1,0.015625,0.0062113,1800
8,8,14,2,0,0,0,0,3,3,6,0,0.015625,0.0062113,720
8,8,14,3,0,0,0,1,3,3,6,0,0.015625,0.0062113,-1800
8,8,15,2,0,0,1,0,3,3,6,0,0.015625,0.0023477,2520
8,8,16,1,0,0,0,0,3,3,7,-1,0.0078125,0.0023477,5040
8,9,2,14,0,1,0,0,3,3,0,6,0.015625,0.0031056,360
8,9,4,12,0,1,0,0,3,3,1,5,0.015625,0.0076073,360
8,9,6,10,0,1,0,0,3,3,2,4,0.015625,0.012028,360
8,9,8,8,0,1,0,0,3,3,3,3,0.015625,0.013889,360
8,9,10,6,0,1,0,0,3,3,4,2,0.015625,0.012028,360
8,9,12,4,0,1,0,0,3,3,5,1,0.015625,0.0076073,360
8,9,14,2,0,1,0,0,3,3,6,0,0.015625,0.0031056,360
8,10,1,18,0,0,0,0,3,4,-1,8,0.0039063,0.00041501,40320
8,10,2,16,0,0,0,0,3,4,0,7,0.0078125,0.0011738,5040
8,10,2,17,0,0,0,1,3,4,0,7,0.0078125,0.00041501,20160
8,10,3,16,0,0,1,0,3,4,0,7,0.0078125,0.0011738,-15120
8,10,4,14,0,0,0,0,3,4,1,6,0.0078125,0.0031056,5040
8,10,4,15,0,0,0,1,3,4,1,6,0.0078125,0.0011738,15120
8,10,5,14,0,0,1,0,3,4,1,6,0.0078125,0.002196,-10080
8,10,6,12,0,0,0,0,3,4,2,5,0.0078125,0.0053791,5040
8,10,6,13,0,0,0,1,3,4,2,5,0.0078125,0.002196,10080
8,10,7,12,0,0,1,0,3,4,2,5,0.0078125,0.0031056,-5040
8,10,8,10,0,0,0,0,3,4,3,4,0.0078125,0.0069444,5040
8,10,8,11,0,0,0,1,3,4,3,4,0.0078125,0.0031056,5040
8,10,9,10,0,0,1,0,3,4,3,4,0.0078125,0.0034722,-3.1832e-12
8,10,10,8,0,0,0,0,3,4,4,3,0.0078125,0.0069444,5040
8,10,10,9,0,0,0,1,3,4,4,3,0.0078125,0.0034722,-3.1832e-12
8,10,11,8,0,0,1,0,3,4,4,3,0.0078125,0.0031056,5040
8,10,12,6,0,0,0,0,3,4,5,2,0.0078125,0.0053791,5040
8,10,12,7,0,0,0,1,3,4,5,2,0.0078125,0.0031056,-5040
8,10,13,6,0,0,1,0,3,4,5,2,0.0078125,0.002196,10080
8,10,14,4,0,0,0,0,3,4,6,1,0.0078125,0.0031056,5040
8,10,14,5,0,0,0,1,3,4,6,1,0.0078125,0.002196,-10080
8,10,15,4,0,0,1,0,3,4,6,1,0.0078125,0.0011738,15120
8,10,16,2,0,0,0,0,3,4,7,0,0.0078125,0.0011738,5040
8,10,16,3,0,0,0,1,3,4,7,0,0.0078125,0.0011738,-15120
8,10,17,2,0,0,1,0,3,4,7,0,0.0078125,0.00041501,20160
8,10,18,1,0,0,0,0,3,4,8,-1,0.0039063,0.00041501,40320
8,11,2,16,0,1,0,0,3,4,0,7,0.0078125,0.00052495,5040
8,11,4,14,0,1,0,0,3,4,1,6,0.0078125,0.0013889,5040
8,11,6,12,0,1,0,0,3,4,2,5,0.0078125,0.0024056,5040
8,11,8,10,0,1,0,0,3,4,3,4,0.0078125,0.0031056,5040
8,11,10,8,0,1,0,0,3,4,4,3,0.0078125,0.0031056,5040
8,11,12,6,0,1,0,0,3,4,5,2,0.0078125,0.0024056,5040
8,11,14,4,0,1,0,0,3,4,6,1,0.0078125,0.0013889,5040
8,11,16,2,0,1,0,0,3,4,7,0,0.0078125,0.00052495,5040
8,12,2,18,0,0,0,0,3,5,0,8,0.0039063,0.0001856,40320
8,12,2,19,0,0,0,1,3,5,0,8,0.0039063,6.1866e-05,1.8144e+05
8,12,3,18,0,0,1,0,3,5,0,8,0.0039063,0.0001856,-1.4112e+05
8,12,4,16,0,0,0,0,3,5,1,7,0.0039063,0.00052495,40320
8,12,4,17,0,0,0,1,3,5,1,7,0.0039063,0.0001856,1.4112e+05
8,12,5,16,0,0,1,0,3,5,1,7,0.0039063,0.0003712,-1.008e+05
8,12,6,14,0,0,0,0,3,5,2,6,0.0039063,0.00098209,40320
8,12,6,15,0,0,0,1,3,5,2,6,0.0039063,0.0003712,1.008e+05
8,12,7,14,0,0,1,0,3,5,2,6,0.0039063,0.00056701,-60480
8,12,8,12,0,0,0,0,3,5,3,5,0.0039063,0.0013889,40320
8,12,8,13,0,0,0,1,3,5,3,5,0.0039063,0.00056701,60480
8,12,9,12,0,0,1,0,3,5,3,5,0.0039063,0.00069444,-20160
8,12,10,10,0,0,0,0,3,5,4,4,0.0039063,0.0015528,40320
8,12,10,11,0,0,0,1,3,5,4,4,0.0039063,0.00069444,20160
8,12,11,10,0,0,1,0,3,5,4,4,0.0039063,0.00069444,20160
8,12,12,8,0,0,0,0,3,5,5,3,0.0039063,0.0013889,40320
8,12,12,9,0,0,0,1,3,5,5,3,0.0039063,0.00069444,-20160
8,12,13,8,0,0,1,0,3,5,5,3,0.0039063,0.00056701,60480
8,12,14,6,0,0,0,0,3,5,6,2,0.0039063,0.00098209,40320
8,12,14,7,0,0,0,1,3,5,6,2,0.0039063,0.00056701,-60480
8,12,15,6,0,0,1,0,3,5,6,2,0.0039063,0.0003712,1.008e+05
8,12,16,4,0,0,0,0,3,5,7,1,0.0039063,0.00052495,40320
8,12,16,5,0,0,0,1,3,5,7,1,0.0039063,0.0003712,-1.008e+05
8,12,17,4,0,0,1,0,3,5,7,1,0.0039063,0.0001856,1.4112e+05
8,12,18,2,0,0,0,0,3,5,8,0,0.0039063,0.0001856,40320
8,12,18,3,0,0,0,1,3,5,8,0,0.0039063,0.0001856,-1.4112e+05
8,12,19,2,0,0,1,0,3,5,8,0,0.0039063,6.1866e-05,1.8144e+05
8,13,2,18,0,1,0,0,3,5,0,8,0.0039063,7.577e-05,60480
8,13,4,16,0,1,0,0,3,5,1,7,0.0039063,0.00021431,60480
8,13,6,14,0,1,0,0,3,5,2,6,0.0039063,0.00040094,60480
8,13,8,12,0,1,0,0,3,5,3,5,0.0039063,0.00056701,60480
8,13,10,10,0,1,0,0,3,5,4,4,0.0039063,0.00063394,60480
8,13,12,8,0,1,0,0,3,5,5,3,0.0039063,0.00056701,60480
8,13,14,6,0,1,0,0,3,5,6,2,0.0039063,0.00040094,60480
8,13,16,4,0,1,0,0,3,5,7,1,0.0039063,0.00021431,60480
8,13,18,2,0,1,0,0,3,5,8,0,0.0039063,7.577e-05,60480
9,2,2,8,1,0,0,0,3,0,0,3,0.125,0.083333,12
9,2,4,6,1,0,0,0,3,0,1,2,0.125,0.14434,12
9,2,6,4,1,0,0,0,3,0,2,1,0.125,0.14434,12
9,2,8,2,1,0,0,0,3,0,3,0,0.125,0.083333,12
9,4,2,10,1,0,0,0,3,1,0,4,0.0625,0.041667,36
9,4,4,8,1,0,0,0,3,1,1,3,0.0625,0.083333,36
9,4,6,6,1,0,0,0,3,1,2,2,0.0625,0.10206,36
9,4,8,4,1,0,0,0,3,1,3,1,0.0625,0.083333,36
9,4,10,2,1,0,0,0,3,1,4,0,0.0625,0.041667,36
9,6,2,12,1,0,0,0,3,2,0,5,0.03125,0.013176,120
9,6,4,10,1,0,0,0,3,2,1,4,0.03125,0.029463,120
9,6,6,8,1,0,0,0,3,2,2,3,0.03125,0.041667,120
9,6,8,6,1,0,0,0,3,2,3,2,0.03125,0.041667,120
9,6,10,4,1,0,0,0,3,2,4,1,0.03125,0.029463,120
9,6,12,2,1,0,0,0,3,2,5,0,0.03125,0.013176,120
9,8,2,14,1,0,0,0,3,3,0,6,0.015625,0.0031056,360
9,8,4,12,1,0,0,0,3,3,1,5,0.015625,0.0076073,360
9,8,6,10,1,0,0,0,3,3,2,4,0.015625,0.012028,360
9,8,8,8,1,0,0,0,3,3,3,3,0.015625,0.013889,360
9,8,10,6,1,0,0,0,3,3,4,2,0.015625,0.012028,360
9,8,12,4,1,0,0,0,3,3,5,1,0.015625,0.0076073,360
9,8,14,2,1,0,0,0,3,3,6,0,0.015625,0.0031056,360
9,10,2,16,1,0,0,0,3,4,0,7,0.0078125,0.00058691,-3.1832e-12
9,10,4,14,1,0,0,0,3,4,1,6,0.0078125,0.0015528,-3.1832e-12
9,10,6,12,1,0,0,0,3,4,2,5,0.0078125,0.0026896,-3.1832e-12
9,10,8,10,1,0,0,0,3,4,3,4,0.0078125,0.0034722,-3.1832e-12
9,10,10,8,1,0,0,0,3,4,4,3,0.0078125,0.0034722,-3.1832e-12
9,10,12,6,1,0,0,0,3,4,5,2,0.0078125,0.0026896,-3.1832e-12
9,10,14,4,1,0,0,0,3,4,6,1,0.0078125,0.0015528,-3.1832e-12
9,10,16,2,1,0,0,0,3,4,7,0,0.0078125,0.00058691,-3.1832e-12
9,12,2,18,1,0,0,0,3,5,0,8,0.0039063,9.2799e-05,-20160
9,12,4,16,1,0,0,0,3,5,1,7,0.0039063,0.00026248,-20160
9,12,6,14,1,0,0,0,3,5,2,6,0.0039063,0.00049105,-20160
9,12,8,12,1,0,0,0,3,5,3,5,0.0039063,0.00069444,-20160
9,12,10,10,1,0,0,0,3,5,4,4,0.0039063,0.00077641,-20160
9,12,12,8,1,0,0,0,3,5,5,3,0.0039063,0.00069444,-20160
9,12,14,6,1,0,0,0,3,5,6,2,0.0039063,0.00049105,-20160
9,12,16,4,1,0,0,0,3,5,7,1,0.0039063,0.00026248,-20160
9,12,18,2,1,0,0,0,3,5,8,0,0.0039063,9.2799e-05,-20160
10,1,2,8,0,0,0,0,4,-1,0,3,0.0625,0.083333,24
10,1,4,6,0,0,0,0,4,-1,1,2,0.0625,0.14434,24
10,1,6,4,0,0,0,0,4,-1,2,1,0.0625,0.14434,24
10,1,8,2,0,0,0,0,4,-1,3,0,0.0625,0.083333,24
10,2,1,12,0,0,0,0,4,0,-1,5,0.03125,0.018634,120
10,2,2,10,0,0,0,0,4,0,0,4,0.0625,0.041667,24
10,2,2,11,0,0,0,1,4,0,0,4,0.0625,0.018634,60
10,2,3,10,0,0,1,0,4,0,0,4,0.0625,0.041667,-36
10,2,4,8,0,0,0,0,4,0,1,3,0.0625,0.083333,24
10,2,4,9,0,0,0,1,4,0,1,3,0.0625,0.041667,36
10,2,5,8,0,0,1,0,4,0,1,3,0.0625,0.058926,-12
10,2,6,6,0,0,0,0,4,0,2,2,0.0625,0.10206,24
10,2,6,7,0,0,0,1,4,0,2,2,0.0625,0.058926,12
10,2,7,6,0,0,1,0,4,0,2,2,0.0625,0.058926,12
10,2,8,4,0,0,0,0,4,0,3,1,0.0625,0.083333,24
10,2,8,5,0,0,0,1,4,0,3,1,0.0625,0.058926,-12
10,2,9,4,0,0,1,0,4,0,3,1,0.0625,0.041667,36
10,2,10,2,0,0,0,0,4,0,4,0,0.0625,0.041667,24
10,2,10,3,0,0,0,1,4,0,4,0,0.0625,0.041667,-36
10,2,11,2,0,0,1,0,4,0,4,0,0.0625,0.018634,60
10,2,12,1,0,0,0,0,4,0,5,-1,0.03125,0.018634,120
10,3,2,10,0,1,0,0,4,0,0,4,0.0625,0.041667,-36
10,3,4,8,0,1,0,0,4,0,1,3,0.0625,0.083333,-36
10,3,6,6,0,1,0,0,4,0,2,2,0.0625,0.10206,-36
10,3,8,4,0,1,0,0,4,0,3,1,0.0625,0.083333,-36
10,3,10,2,0,1,0,0,4,0,4,0,0.0625,0.041667,-36
10,4,1,14,0,0,0,0,4,1,-1,6,0.015625,0.0076073,720
10,4,2,12,0,0,0,0,4,1,0,5,0.03125,0.018634,120
10,4,2,13,0,0,0,1,4,1,0,5,0.03125,0.0076073,360
10,4,3,12,0,0,1,0,4,1,0,5,0.03125,0.018634,-240
10,4,4,10,0,0,0,0,4,1,1,4,0.03125,0.041667,120
10,4,4,11,0,0,0,1,4,1,1,4,0.03125,0.018634,240
10,4,5,10,0,0,1,0,4,1,1,4,0.03125,0.029463,-120
10,4,6,8,0,0,0,0,4,1,2,3,0.03125,0.058926,120
10,4,6,9,0,0,0,1,4,1,2,3,0.03125,0.029463,120
10,4,7,8,0,0,1,0,4,1,2,3,0.03125,0.034021,-1.4211e-14
10,4,8,6,0,0,0,0,4,1,3,2,0.03125,0.058926,120
10,4,8,7,0,0,0,1,4,1,3,2,0.03125,0.034021,-1.4211e-14
10,4,9,6,0,0,1,0,4,1,3,2,0.03125,0.029463,120
10,4,10,4,0,0,0,0,4,1,4,1,0.03125,0.041667,120
10,4,10,5,0,0,0,1,4,1,4,1,0.03125,0.029463,-120
10,4,11,4,0,0,1,0,4,1,4,1,0.03125,0.018634,240
10,4,12,2,0,0,0,0,4,1,5,0,0.03125,0.018634,120
10,4,12,3,0,0,0,1,4,1,5,0,0.03125,0.018634,-240
10,4,13,2,0,0,1,0,4,1,5,0,0.03125,0.0076073,360
10,4,14,1,0,0,0,0,4,1,6,-1,0.015625,0.0076073,720
10,5,2,12,0,1,0,0,4,1,0,5,0.03125,0.013176,-120
10,5,4,10,0,1,0,0,4,1,1,4,0.03125,0.029463,-120
10,5,6,8,0,1,0,0,4,1,2,3,0.03125,0.041667,-120
10,5,8,6,0,1,0,0,4,1,3,2,0.03125,0.041667,-120
10,5,10,4,0,1,0,0,4,1,4,1,0.03125,0.029463,-120
10,5,12,2,0,1,0,0,4,1,5,0,0.03125,0.013176,-120
10,6,1,16,0,0,0,0,4,2,-1,7,0.0078125,0.0020331,5040
10,6,2,14,0,0,0,0,4,2,0,6,0.015625,0.0053791,720
10,6,2,15,0,0,0,1,4,2,0,6,0.015625,0.0020331,2520
10,6,3,14,0,0,1,0,4,2,0,6,0.015625,0.0053791,-1800
10,6,4,12,0,0,0,0,4,2,1,5,0.015625,0.013176,720
10,6,4,13,0,0,0,1,4,2,1,5,0.015625,0.0053791,1800
10,6,5,12,0,0,1,0,4,2,1,5,0.015625,0.0093169,-1080
10,6,6,10,0,0,0,0,4,2,2,4,0.015625,0.020833,720
10,6,6,11,0,0,0,1,4,2,2,4,0.015625,0.0093169,1080
10,6,7,10,0,0,1,0,4,2,2,4,0.015625,0.012028,-360
10,6,8,8,0,0,0,0,4,2,3,3,0.015625,0.024056,720
10,6,8,9,0,0,0,1,4,2,3,3,0.015625,0.012028,360
10,6,9,8,0,0,1,0,4,2,3,3,0.015625,0.012028,360
10,6,10,6,0,0,0,0,4,2,4,2,0.015625,0.020833,720
10,6,10,7,0,0,0,1,4,2,4,2,0.015625,0.012028,-360
10,6,11,6,0,0,1,0,4,2,4,2,0.015625,0.0093169,1080
10,6,12,4,0,0,0,0,4,2,5,1,0.015625,0.013176,720
10,6,12,5,0,0,0,1,4,2,5,1,0.015625,0.0093169,-1080
10,6,13,4,0,0,1,0,4,2,5,1,0.015625,0.0053791,1800
10,6,14,2,0,0,0,0,4,2,6,0,0.015625,0.0053791,720
10,6,14,3,0,0,0,1,4,2,6,0,0.015625,0.0053791,-1800
10,6,15,2,0,0,1,0,4,2,6,0,0.015625,0.0020331,2520
10,6,16,1,0,0,0,0,4,2,7,-1,0.0078125,0.0020331,5040
10,7,2,14,0,1,0,0,4,2,0,6,0.015625,0.0031056,-360
10,7,4,12,0,1,0,0,4,2,1,5,0.015625,0.0076073,-360
10,7,6,10,0,1,0,0,4,2,2,4,0.015625,0.012028,-360
10,7,8,8,0,1,0,0,4,2,3,3,0.015625,0.013889,-360
10,7,10,6,0,1,0,0,4,2,4,2,0.015625,0.012028,-360
10,7,12,4,0,1,0,0,4,2,5,1,0.015625,0.0076073,-360
10,7,14,2,0,1,0,0,4,2,6,0,0.015625,0.0031056,-360
10,8,1,18,0,0,0,0,4,3,-1,8,0.0039063,0.00041501,40320
10,8,2,16,0,0,0,0,4,3,0,7,0.0078125,0.0011738,5040
10,8,2,17,0,0,0,1,4,3,0,7,0.0078125,0.00041501,20160
10,8,3,16,0,0,1,0,4,3,0,7,0.0078125,0.0011738,-15120
10,8,4,14,0,0,0,0,4,3,1,6,0.0078125,0.0031056,5040
10,8,4,15,0,0,0,1,4,3,1,6,0.0078125,0.0011738,15120
10,8,5,14,0,0,1,0,4,3,1,6,0.0078125,0.002196,-10080
10,8,6,12,0,0,0,0,4,3,2,5,0.0078125,0.0053791,5040
10,8,6,13,0,0,0,1,4,3,2,5,0.0078125,0.002196,10080
10,8,7,12,0,0,1,0,4,3,2,5,0.0078125,0.0031056,-5040
10,8,8,10,0,0,0,0,4,3,3,4,0.0078125,0.0069444,5040
10,8,8,11,0,0,0,1,4,3,3,4,0.0078125,0.0031056,5040
10,8,9,10,0,0,1,0,4,3,3,4,0.0078125,0.0034722,-3.1832e-12
10,8,10,8,0,0,0,0,4,3,4,3,0.0078125,0.0069444,5040
10,8,10,9,0,0,0,1,4,3,4,3,0.0078125,0.0034722,-3.1832e-12
10,8,11,8,0,0,1,0,4,3,4,3,0.0078125,0.0031056,5040
10,8,12,6,0,0,0,0,4,3,5,2,0.0078125,0.0053791,5040
10,8,12,7,0,0,0,1,4,3,5,2,0.0078125,0.0031056,-5040
10,8,13,6,0,0,1,0,4,3,5,2,0.0078125,0.002196,10080
10,8,14,4,0,0,0,0,4,3,6,1,0.0078125,0.0031056,5040
10,8,14,5,0,0,0,1,4,3,6,1,0.0078125,0.002196,-10080
10,8,15,4,0,0,1,0,4,3,6,1,0.0078125,0.0011738,15120
10,8,16,2,0,0,0,0,4,3,7,0,0.0078125,0.0011738,5040
10,8,16,3,0,0,0,1,4,3,7,0,0.0078125,0.0011738,-15120
10,8,17,2,0,0,1,0,4,3,7,0,0.0078125,0.00041501,20160
10,8,18,1,0,0,0,0,4,3,8,-1,0.0039063,0.00041501,40320
10,9,2,16,0,1,0,0,4,3,0,7,0.0078125,0.00058691,-3.1832e-12
10,9,4,14,0,1,0,0,4,3,1,6,0.0078125,0.0015528,-3.1832e-12
10,9,6,12,0,1,0,0,4,3,2,5,0.0078125,0.0026896,-3.1832e-12
10,9,8,10,0,1,0,0,4,3,3,4,0.0078125,0.0034722,-3.1832e-12
10,9,10,8,0,1,0,0,4,3,4,3,0.0078125,0.0034722,-3.1832e-12
10,9,12,6,0,1,0,0,4,3,5,2,0.0078125,0.0026896,-3.1832e-12
10,9,14,4,0,1,0,0,4,3,6,1,0.0078125,0.0015528,-3.1832e-12
10,9,16,2,0,1,0,0,4,3,7,0,0.0078125,0.00058691,-3.1832e-12
10,10,2,18,0,0,0,0,4,4,0,8,0.0039063,0.0002075,40320
10,10,2,19,0,0,0,1,4,4,0,8,0.0039063,6.9168e-05,1.8144e+05
10,10,3,18,0,0,1,0,4,4,0,8,0.0039063,0.0002075,-1.4112e+05
10,10,4,16,0,0,0,0,4,4,1,7,0.0039063,0.00058691,40320
10,10,4,17,0,0,0,1,4,4,1,7,0.0039063,0.0002075,1.4112e+05
10,10,5,16,0,0,1,0,4,4,1,7,0.0039063,0.00041501,-1.008e+05
10,10,6,14,0,0,0,0,4,4,2,6,0.0039063,0.001098,40320
10,10,6,15,0,0,0,1,4,4,2,6,0.0039063,0.00041501,1.008e+05
10,10,7,14,0,0,1,0,4,4,2,6,0.0039063,0.00063394,-60480
10,10,8,12,0,0,0,0,4,4,3,5,0.0039063,0.0015528,40320
10,10,8,13,0,0,0,1,4,4,3,5,0.0039063,0.00063394,60480
10,10,9,12,0,0,1,0,4,4,3,5,0.0039063,0.00077641,-20160
10,10,10,10,0,0,0,0,4,4,4,4,0.0039063,0.0017361,40320
10,10,10,11,0,0,0,1,4,4,4,4,0.0039063,0.00077641,20160
10,10,11,10,0,0,1,0,4,4,4,4,0.0039063,0.00077641,20160
10,10,12,8,0,0,0,0,4,4,5,3,0.0039063,0.0015528,40320
10,10,12,9,0,0,0,1,4,4,5,3,0.0039063,0.00077641,-20160
10,10,13,8,0,0,1,0,4,4,5,3,0.0039063,0.00063394,60480
10,10,14,6,0,0,0,0,4,4,6,2,0.0039063,0.001098,40320
10,10,14,7,0,0,0,1,4,4,6,2,0.0039063,0.00063394,-60480
10,10,15,6,0,0,1,0,4,4,6,2,0.0039063,0.00041501,1.008e+05
10,10,16,4,0,0,0,0,4,4,7,1,0.0039063,0.00058691,40320
10,10,16,5,0,0,0,1,4,4,7,1,0.0039063,0.00041501,-1.008e+05
10,10,17,4,0,0,1,0,4,4,7,1,0.0039063,0.0002075,1.4112e+05
10,10,18,2,0,0,0,0,4,4,8,0,0.0039063,0.0002075,40320
10,10,18,3,0,0,0,1,4,4,8,0,0.0039063,0.0002075,-1.4112e+05
10,10,19,2,0,0,1,0,4,4,8,0,0.0039063,6.9168e-05,1.8144e+05
10,11,2,18,0,1,0,0,4,4,0,8,0.0039063,9.2799e-05,20160
10,11,4,16,0,1,0,0,4,4,1,7,0.0039063,0.00026248,20160
10,11,6,14,0,1,0,0,4,4,2,6,0.0039063,0.00049105,20160
10,11,8,12,0,1,0,0,4,4,3,5,0.0039063,0.00069444,20160
10,11,10,10,0,1,0,0,4,4,4,4,0.0039063,0.00077641,20160
10,11,12,8,0,1,0,0,4,4,5,3,0.0039063,0.00069444,20160
10,11,14,6,0,1,0,0,4,4,6,2,0.0039063,0.00049105,20160
10,11,16,4,0,1,0,0,4,4,7,1,0.0039063,0.00026248,20160
10,11,18,2,0,1,0,0,4,4,8,0,0.0039063,9.2799e-05,20160
11,2,2,10,1,0,0,0,4,0,0,4,0.0625,0.018634,60
11,2,4,8,1,0,0,0,4,0,1,3,0.0625,0.037268,60
11,2,6,6,1,0,0,0,4,0,2,2,0.0625,0.045644,60
11,2,8,4,1,0,0,0,4,0,3,1,0.0625,0.037268,60
11,2,10,2,1,0,0,0,4,0,4,0,0.0625,0.018634,60
11,4,2,12,1,0,0,0,4,1,0,5,0.03125,0.0083333,240
11,4,4,10,1,0,0,0,4,1,1,4,0.03125,0.018634,240
11,4,6,8,1,0,0,0,4,1,2,3,0.03125,0.026352,240
11,4,8,6,1,0,0,0,4,1,3,2,0.03125,0.026352,240
11,4,10,4,1,0,0,0,4,1,4,1,0.03125,0.018634,240
11,4,12,2,1,0,0,0,4,1,5,0,0.03125,0.0083333,240
11,6,2,14,1,0,0,0,4,2,0,6,0.015625,0.0024056,1080
11,6,4,12,1,0,0,0,4,2,1,5,0.015625,0.0058926,1080
11,6,6,10,1,0,0,0,4,2,2,4,0.015625,0.0093169,1080
11,6,8,8,1,0,0,0,4,2,3,3,0.015625,0.010758,1080
11,6,10,6,1,0,0,0,4,2,4,2,0.015625,0.0093169,1080
11,6,12,4,1,0,0,0,4,2,5,1,0.015625,0.0058926,1080
11,6,14,2,1,0,0,0,4,2,6,0,0.015625,0.0024056,1080
11,8,2,16,1,0,0,0,4,3,0,7,0.0078125,0.00052495,5040
11,8,4,14,1,0,0,0,4,3,1,6,0.0078125,0.0013889,5040
11,8,6,12,1,0,0,0,4,3,2,5,0.0078125,0.0024056,5040
11,8,8,10,1,0,0,0,4,3,3,4,0.0078125,0.0031056,5040
11,8,10,8,1,0,0,0,4,3,4,3,0.0078125,0.0031056,5040
11,8,12,6,1,0,0,0,4,3,5,2,0.0078125,0.0024056,5040
11,8,14,4,1,0,0,0,4,3,6,1,0.0078125,0.0013889,5040
11,8,16,2,1,0,0,0,4,3,7,0,0.0078125,0.00052495,5040
11,10,2,18,1,0,0,0,4,4,0,8,0.0039063,9.2799e-05,20160
11,10,4,16,1,0,0,0,4,4,1,7,0.0039063,0.00026248,20160
11,10,6,14,1,0,0,0,4,4,2,6,0.0039063,0.00049105,20160
11,10,8,12,1,0,0,0,4,4,3,5,0.0039063,0.00069444,20160
11,10,10,10,1,0,0,0,4,4,4,4,0.0039063,0.00077641,20160
11,10,12,8,1,0,0,0,4,4,5,3,0.0039063,0.00069444,20160
11,10,14,6,1,0,0,0,4,4,6,2,0.0039063,0.00049105,20160
11,10,16,4,1,0,0,0,4,4,7,1,0.0039063,0.00026248,20160
11,10,18,2,1,0,0,0,4,4,8,0,0.0039063,9.2799e-05,20160
12,1,2,10,0,0,0,0,5,-1,0,4,0.03125,0.018634,120
12,1,4,8,0,0,0,0,5,-1,1,3,0.03125,0.037268,120
12,1,6,6,0,0,0,0,5,-1,2,2,0.03125,0.045644,120
12,1,8,4,0,0,0,0,5,-1,3,1,0.03125,0.037268,120
12,1,10,2,0,0,0,0,5,-1,4,0,0.03125,0.018634,120
12,2,1,14,0,0,0,0,5,0,-1,6,0.015625,0.0034021,720
12,2,2,12,0,0,0,0,5,0,0,5,0.03125,0.0083333,120
12,2,2,13,0,0,0,1,5,0,0,5,0.03125,0.0034021,360
12,2,3,12,0,0,1,0,5,0,0,5,0.03125,0.0083333,-240
12,2,4,10,0,0,0,0,5,0,1,4,0.03125,0.018634,120
12,2,4,11,0,0,0,1,5,0,1,4,0.03125,0.0083333,240
12,2,5,10,0,0,1,0,5,0,1,4,0.03125,0.013176,-120
12,2,6,8,0,0,0,0,5,0,2,3,0.03125,0.026352,120
12,2,6,9,0,0,0,1,5,0,2,3,0.03125,0.013176,120
12,2,7,8,0,0,1,0,5,0,2,3,0.03125,0.015215,-1.4211e-14
12,2,8,6,0,0,0,0,5,0,3,2,0.03125,0.026352,120
12,2,8,7,0,0,0,1,5,0,3,2,0.03125,0.015215,-1.4211e-14
12,2,9,6,0,0,1,0,5,0,3,2,0.03125,0.013176,120
12,2,10,4,0,0,0,0,5,0,4,1,0.03125,0.018634,120
12,2,10,5,0,0,0,1,5,0,4,1,0.03125,0.013176,-120
12,2,11,4,0,0,1,0,5,0,4,1,0.03125,0.0083333,240
12,2,12,2,0,0,0,0,5,0,5,0,0.03125,0.0083333,120
12,2,12,3,0,0,0,1,5,0,5,0,0.03125,0.0083333,-240
12,2,13,2,0,0,1,0,5,0,5,0,0.03125,0.0034021,360
12,2,14,1,0,0,0,0,5,0,6,-1,0.015625,0.0034021,720
12,3,2,12,0,1,0,0,5,0,0,5,0.03125,0.0083333,-240
12,3,4,10,0,1,0,0,5,0,1,4,0.03125,0.018634,-240
12,3,6,8,0,1,0,0,5,0,2,3,0.03125,0.026352,-240
12,3,8,6,0,1,0,0,5,0,3,2,0.03125,0.026352,-240
12,3,10,4,0,1,0,0,5,0,4,1,0.03125,0.018634,-240
12,3,12,2,0,1,0,0,5,0,5,0,0.03125,0.0083333,-240
12,4,1,16,0,0,0,0,5,1,-1,7,0.0078125,0.0012859,5040
12,4,2,14,0,0,0,0,5,1,0,6,0.015625,0.0034021,720
12,4,2,15,0,0,0,1,5,1,0,6,0.015625,0.0012859,2520
12,4,3,14,0,0,1,0,5,1,0,6,0.015625,0.0034021,-1800
12,4,4,12,0,0,0,0,5,1,1,5,0.015625,0.0083333,720
12,4,4,13,0,0,0,1,5,1,1,5,0.015625,0.0034021,1800
12,4,5,12,0,0,1,0,5,1,1,5,0.015625,0.0058926,-1080
12,4,6,10,0,0,0,0,5,1,2,4,0.015625,0.013176,720
12,4,6,11,0,0,0,1,5,1,2,4,0.015625,0.0058926,1080
12,4,7,10,0,0,1,0,5,1,2,4,0.015625,0.0076073,-360
12,4,8,8,0,0,0,0,5,1,3,3,0.015625,0.015215,720
12,4,8,9,0,0,0,1,5,1,3,3,0.015625,0.0076073,360
12,4,9,8,0,0,1,0,5,1,3,3,0.015625,0.0076073,360
12,4,10,6,0,0,0,0,5,1,4,2,0.015625,0.013176,720
12,4,10,7,0,0,0,1,5,1,4,2,0.015625,0.0076073,-360
12,4,11,6,0,0,1,0,5,1,4,2,0.015625,0.0058926,1080
12,4,12,4,0,0,0,0,5,1,5,1,0.015625,0.0083333,720
12,4,12,5,0,0,0,1,5,1,5,1,0.015625,0.0058926,-1080
12,4,13,4,0,0,1,0,5,1,5,1,0.015625,0.0034021,1800
12,4,14,2,0,0,0,0,5,1,6,0,0.015625,0.0034021,720
12,4,14,3,0,0,0,1,5,1,6,0,0.015625,0.0034021,-1800
12,4,15,2,0,0,1,0,5,1,6,0,0.015625,0.0012859,2520
12,4,16,1,0,0,0,0,5,1,7,-1,0.0078125,0.0012859,5040
12,5,2,14,0,1,0,0,5,1,0,6,0.015625,0.0024056,-1080
12,5,4,12,0,1,0,0,5,1,1,5,0.015625,0.0058926,-1080
12,5,6,10,0,1,0,0,5,1,2,4,0.015625,0.0093169,-1080
12,5,8,8,0,1,0,0,5,1,3,3,0.015625,0.010758,-1080
12,5,10,6,0,1,0,0,5,1,4,2,0.015625,0.0093169,-1080
12,5,12,4,0,1,0,0,5,1,5,1,0.015625,0.0058926,-1080
12,5,14,2,0,1,0,0,5,1,6,0,0.015625,0.0024056,-1080
12,6,1,18,0,0,0,0,5,2,-1,8,0.0039063,0.00032147,40320
12,6,2,16,0,0,0,0,5,2,0,7,0.0078125,0.00090924,5040
12,6,2,17,0,0,0,1,5,2,0,7,0.0078125,0.00032147,20160
12,6,3,16,0,0,1,0,5,2,0,7,0.0078125,0.00090924,-15120
12,6,4,14,0,0,0,0,5,2,1,6,0.0078125,0.0024056,5040
12,6,4,15,0,0,0,1,5,2,1,6,0.0078125,0.00090924,15120
12,6,5,14,0,0,1,0,5,2,1,6,0.0078125,0.001701,-10080
12,6,6,12,0,0,0,0,5,2,2,5,0.0078125,0.0041667,5040
12,6,6,13,0,0,0,1,5,2,2,5,0.0078125,0.001701,10080
12,6,7,12,0,0,1,0,5,2,2,5,0.0078125,0.0024056,-5040
12,6,8,10,0,0,0,0,5,2,3,4,0.0078125,0.0053791,5040
12,6,8,11,0,0,0,1,5,2,3,4,0.0078125,0.0024056,5040
12,6,9,10,0,0,1,0,5,2,3,4,0.0078125,0.0026896,-3.1832e-12
12,6,10,8,0,0,0,0,5,2,4,3,0.0078125,0.0053791,5040
12,6,10,9,0,0,0,1,5,2,4,3,0.0078125,0.0026896,-3.1832e-12
12,6,11,8,0,0,1,0,5,2,4,3,0.0078125,0.0024056,5040
12,6,12,6,0,0,0,0,5,2,5,2,0.0078125,0.0041667,5040
12,6,12,7,0,0,0,1,5,2,5,2,0.0078125,0.0024056,-5040
12,6,13,6,0,0,1,0,5,2,5,2,0.0078125,0.001701,10080
12,6,14,4,0,0,0,0,5,2,6,1,0.0078125,0.0024056,5040
12,6,14,5,0,0,0,1,5,2,6,1,0.0078125,0.001701,-10080
12,6,15,4,0,0,1,0,5,2,6,1,0.0078125,0.00090924,15120
12,6,16,2,0,0,0,0,5,2,7,0,0.0078125,0.00090924,5040
12,6,16,3,0,0,0,1,5,2,7,0,0.0078125,0.00090924,-15120
12,6,17,2,0,0,1,0,5,2,7,0,0.0078125,0.00032147,20160
12,6,18,1,0,0,0,0,5,2,8,-1,0.0039063,0.00032147,40320
12,7,2,16,0,1,0,0,5,2,0,7,0.0078125,0.00052495,-5040
12,7,4,14,0,1,0,0,5,2,1,6,0.0078125,0.0013889,-5040
12,7,6,12,0,1,0,0,5,2,2,5,0.0078125,0.0024056,-5040
12,7,8,10,0,1,0,0,5,2,3,4,0.0078125,0.0031056,-5040
12,7,10,8,0,1,0,0,5,2,4,3,0.0078125,0.0031056,-5040
12,7,12,6,0,1,0,0,5,2,5,2,0.0078125,0.0024056,-5040
12,7,14,4,0,1,0,0,5,2,6,1,0.0078125,0.0013889,-5040
12,7,16,2,0,1,0,0,5,2,7,0,0.0078125,0.00052495,-5040
12,8,2,18,0,0,0,0,5,3,0,8,0.0039063,0.0001856,40320
12,8,2,19,0,0,0,1,5,3,0,8,0.0039063,6.1866e-05,1.8144e+05
12,8,3,18,0,0,1,0,5,3,0,8,0.0039063,0.0001856,-1.4112e+05
12,8,4,16,0,0,0,0,5,3,1,7,0.0039063,0.00052495,40320
12,8,4,17,0,0,0,1,5,3,1,7,0.0039063,0.0001856,1.4112e+05
12,8,5,16,0,0,1,0,5,3,1,7,0.0039063,0.0003712,-1.008e+05
12,8,6,14,0,0,0,0,5,3,2,6,0.0039063,0.00098209,40320
12,8,6,15,0,0,0,1,5,3,2,6,0.0039063,0.0003712,1.008e+05
12,8,7,14,0,0,1,0,5,3,2,6,0.0039063,0.00056701,-60480
12,8,8,12,0,0,0,0,5,3,3,5,0.0039063,0.0013889,40320
12,8,8,13,0,0,0,1,5,3,3,5,0.0039063,0.00056701,60480
12,8,9,12,0,0,1,0,5,3,3,5,0.0039063,0.00069444,-20160
12,8,10,10,0,0,0,0,5,3,4,4,0.0039063,0.0015528,40320
12,8,10,11,0,0,0,1,5,3,4,4,0.0039063,0.00069444,20160
12,8,11,10,0,0,1,0,5,3,4,4,0.0039063,0.00069444,20160
12,8,12,8,0,0,0,0,5,3,5,3,0.0039063,0.0013889,40320
12,8,12,9,0,0,0,1,5,3,5,3,0.0039063,0.00069444,-20160
12,8,13,8,0,0,1,0,5,3,5,3,0.0039063,0.00056701,60480
12,8,14,6,0,0,0,0,5,3,6,2,0.0039063,0.00098209,40320
12,8,14,7,0,0,0,1,5,3,6,2,0.0039063,0.00056701,-60480
12,8,15,6,0,0,1,0,5,3,6,2,0.0039063,0.0003712,1.008e+05
12,8,16,4,0,0,0,0,5,3,7,1,0.0039063,0.00052495,40320
12,8,16,5,0,0,0,1,5,3,7,1,0.0039063,0.0003712,-1.008e+05
12,8,17,4,0,0,1,0,5,3,7,1,0.0039063,0.0001856,1.4112e+05
12,8,18,2,0,0,0,0,5,3,8,0,0.0039063,0.0001856,40320
12,8,18,3,0,0,0,1,5,3,8,0,0.0039063,0.0001856,-1.4112e+05
12,8,19,2,0,0,1,0,5,3,8,0,0.0039063,6.1866e-05,1.8144e+05
12,9,2,18,0,1,0,0,5,3,0,8,0.0039063,9.2799e-05,-20160
12,9,4,16,0,1,0,0,5,3,1,7,0.0039063,0.00026248,-20160
12,9,6,14,0,1,0,0,5,3,2,6,0.0039063,0.00049105,-20160
12,9,8,12,0,1,0,0,5,3,3,5,0.0039063,0.00069444,-20160
12,9,10,10,0,1,0,0,5,3,4,4,0.0039063,0.00077641,-20160
12,9,12,8,0,1,0,0,5,3,5,3,0.0039063,0.00069444,-20160
12,9,14,6,0,1,0,0,5,3,6,2,0.0039063,0.00049105,-20160
12,9,16,4,0,1,0,0,5,3,7,1,0.0039063,0.00026248,-20160
12,9,18,2,0,1,0,0,5,3,8,0,0.0039063,9.2799e-05,-20160
13,2,2,12,1,0,0,0,5,0,0,5,0.03125,0.0034021,360
13,2,4,10,1,0,0,0,5,0,1,4,0.03125,0.0076073,360
13,2,6,8,1,0,0,0,5,0,2,3,0.03125,0.010758,360
13,2,8,6,1,0,0,0,5,0,3,2,0.03125,0.010758,360
13,2,10,4,1,0,0,0,5,0,4,1,0.03125,0.0076073,360
13,2,12,2,1,0,0,0,5,0,5,0,0.03125,0.0034021,360
13,4,2,14,1,0,0,0,5,1,0,6,0.015625,0.0013889,1800
13,4,4,12,1,0,0,0,5,1,1,5,0.015625,0.0034021,1800
13,4,6,10,1,0,0,0,5,1,2,4,0.015625,0.0053791,1800
13,4,8,8,1,0,0,0,5,1,3,3,0.015625,0.0062113,1800
13,4,10,6,1,0,0,0,5,1,4,2,0.015625,0.0053791,1800
13,4,12,4,1,0,0,0,5,1,5,1,0.015625,0.0034021,1800
13,4,14,2,1,0,0,0,5,1,6,0,0.015625,0.0013889,1800
13,6,2,16,1,0,0,0,5,2,0,7,0.0078125,0.0003712,10080
13,6,4,14,1,0,0,0,5,2,1,6,0.0078125,0.00098209,10080
13,6,6,12,1,0,0,0,5,2,2,5,0.0078125,0.001701,10080
13,6,8,10,1,0,0,0,5,2,3,4,0.0078125,0.002196,10080
13,6,10,8,1,0,0,0,5,2,4,3,0.0078125,0.002196,10080
13,6,12,6,1,0,0,0,5,2,5,2,0.0078125,0.001701,10080
13,6,14,4,1,0,0,0,5,2,6,1,0.0078125,0.00098209,10080
13,6,16,2,1,0,0,0,5,2,7,0,0.0078125,0.0003712,10080
13,8,2,18,1,0,0,0,5,3,0,8,0.0039063,7.577e-05,60480
13,8,4,16,1,0,0,0,5,3,1,7,0.0039063,0.00021431,60480
13,8,6,14,1,0,0,0,5,3,2,6,0.0039063,0.00040094,60480
13,8,8,12,1,0,0,0,5,3,3,5,0.0039063,0.00056701,60480
13,8,10,10,1,0,0,0,5,3,4,4,0.0039063,0.00063394,60480
13,8,12,8,1,0,0,0,5,3,5,3,0.0039063,0.00056701,60480
13,8,14,6,1,0,0,0,5,3,6,2,0.0039063,0.00040094,60480
13,8,16,4,1,0,0,0,5,3,7,1,0.0039063,0.00021431,60480
13,8,18,2,1,0,0,0,5,3,8,0,0.0039063,7.577e-05,60480
14,1,2,12,0,0,0,0,6,-1,0,5,0.015625,0.0034021,720
14,1,4,10,0,0,0,0,6,-1,1,4,0.015625,0.0076073,720
14,1,6,8,0,0,0,0,6,-1,2,3,0.015625,0.010758,720
14,1,8,6,0,0,0,0,6,-1,3,2,0.015625,0.010758,720
14,1,10,4,0,0,0,0,6,-1,4,1,0.015625,0.0076073,720
14,1,12,2,0,0,0,0,6,-1,5,0,0.015625,0.0034021,720
14,2,1,16,0,0,0,0,6,0,-1,7,0.0078125,0.00052495,5040
14,2,2,14,0,0,0,0,6,0,0,6,0.015625,0.0013889,720
14,2,2,15,0,0,0,1,6,0,0,6,0.015625,0.00052495,2520
14,2,3,14,0,0,1,0,6,0,0,6,0.015625,0.0013889,-1800
14,2,4,12,0,0,0,0,6,0,1,5,0.015625,0.0034021,720
14,2,4,13,0,0,0,1,6,0,1,5,0.015625,0.0013889,1800
14,2,5,12,0,0,1,0,6,0,1,5,0.015625,0.0024056,-1080
14,2,6,10,0,0,0,0,6,0,2,4,0.015625,0.0053791,720
14,2,6,11,0,0,0,1,6,0,2,4,0.015625,0.0024056,1080
14,2,7,10,0,0,1,0,6,0,2,4,0.015625,0.0031056,-360
14,2,8,8,0,0,0,0,6,0,3,3,0.015625,0.0062113,720
14,2,8,9,0,0,0,1,6,0,3,3,0.015625,0.0031056,360
14,2,9,8,0,0,1,0,6,0,3,3,0.015625,0.0031056,360
14,2,10,6,0,0,0,0,6,0,4,2,0.015625,0.0053791,720
14,2,10,7,0,0,0,1,6,0,4,2,0.015625,0.0031056,-360
14,2,11,6,0,0,1,0,6,0,4,2,0.015625,0.0024056,1080
14,2,12,4,0,0,0,0,6,0,5,1,0.015625,0.0034021,720
14,2,12,5,0,0,0,1,6,0,5,1,0.015625,0.0024056,-1080
14,2,13,4,0,0,1,0,6,0,5,1,0.015625,0.0013889,1800
14,2,14,2,0,0,0,0,6,0,6,0,0.015625,0.0013889,720
14,2,14,3,0,0,0,1,6,0,6,0,0.015625,0.0013889,-1800
14,2,15,2,0,0,1,0,6,0,6,0,0.015625,0.00052495,2520
14,2,16,1,0,0,0,0,6,0,7,-1,0.0078125,0.00052495,5040
14,3,2,14,0,1,0,0,6,0,0,6,0.015625,0.0013889,-1800
14,3,4,12,0,1,0,0,6,0,1,5,0.015625,0.0034021,-1800
14,3,6,10,0,1,0,0,6,0,2,4,0.015625,0.0053791,-1800
14,3,8,8,0,1,0,0,6,0,3,3,0.015625,0.0062113,-1800
14,3,10,6,0,1,0,0,6,0,4,2,0.015625,0.0053791,-1800
14,3,12,4,0,1,0,0,6,0,5,1,0.015625,0.0034021,-1800
14,3,14,2,0,1,0,0,6,0,6,0,0.015625,0.0013889,-1800
14,4,1,18,0,0,0,0,6,1,-1,8,0.0039063,0.0001856,40320
14,4,2,16,0,0,0,0,6,1,0,7,0.0078125,0.00052495,5040
14,4,2,17,0,0,0,1,6,1,0,7,0.0078125,0.0001856,20160
14,4,3,16,0,0,1,0,6,1,0,7,0.0078125,0.00052495,-15120
14,4,4,14,0,0,0,0,6,1,1,6,0.0078125,0.0013889,5040
14,4,4,15,0,0,0,1,6,1,1,6,0.0078125,0.00052495,15120
14,4,5,14,0,0,1,0,6,1,1,6,0.0078125,0.00098209,-10080
14,4,6,12,0,0,0,0,6,1,2,5,0.0078125,0.0024056,5040
14,4,6,13,0,0,0,1,6,1,2,5,0.0078125,0.00098209,10080
14,4,7,12,0,0,1,0,6,1,2,5,0.0078125,0.0013889,-5040
14,4,8,10,0,0,0,0,6,1,3,4,0.0078125,0.0031056,5040
14,4,8,11,0,0,0,1,6,1,3,4,0.0078125,0.0013889,5040
14,4,9,10,0,0,1,0,6,1,3,4,0.0078125,0.0015528,-3.1832e-12
14,4,10,8,0,0,0,0,6,1,4,3,0.0078125,0.0031056,5040
14,4,10,9,0,0,0,1,6,1,4,3,0.0078125,0.0015528,-3.1832e-12
14,4,11,8,0,0,1,0,6,1,4,3,0.0078125,0.0013889,5040
14,4,12,6,0,0,0,0,6,1,5,2,0.0078125,0.0024056,5040
14,4,12,7,0,0,0,1,6,1,5,2,0.0078125,0.0013889,-5040
14,4,13,6,0,0,1,0,6,1,5,2,0.0078125,0.00098209,10080
14,4,14,4,0,0,0,0,6,1,6,1,0.0078125,0.0013889,5040
14,4,14,5,0,0,0,1,6,1,6,1,0.0078125,0.00098209,-10080
14,4,15,4,0,0,1,0,6,1,6,1,0.0078125,0.00052495,15120
14,4,16,2,0,0,0,0,6,1,7,0,0.0078125,0.00052495,5040
14,4,16,3,0,0,0,1,6,1,7,0,0.0078125,0.00052495,-15120
14,4,17,2,0,0,1,0,6,1,7,0,0.0078125,0.0001856,20160
14,4,18,1,0,0,0,0,6,1,8,-1,0.0039063,0.0001856,40320
14,5,2,16,0,1,0,0,6,1,0,7,0.0078125,0.0003712,-10080
14,5,4,14,0,1,0,0,6,1,1,6,0.0078125,0.00098209,-10080
14,5,6,12,0,1,0,0,6,1,2,5,0.0078125,0.001701,-10080
14,5,8,10,0,1,0,0,6,1,3,4,0.0078125,0.002196,-10080
14,5,10,8,0,1,0,0,6,1,4,3,0.0078125,0.002196,-10080
14,5,12,6,0,1,0,0,6,1,5,2,0.0078125,0.001701,-10080
14,5,14,4,0,1,0,0,6,1,6,1,0.0078125,0.00098209,-10080
14,5,16,2,0,1,0,0,6,1,7,0,0.0078125,0.0003712,-10080
14,6,2,18,0,0,0,0,6,2,0,8,0.0039063,0.00013124,40320
14,6,2,19,0,0,0,1,6,2,0,8,0.0039063,4.3746e-05,1.8144e+05
14,6,3,18,0,0,1,0,6,2,0,8,0.0039063,0.00013124,-1.4112e+05
14,6,4,16,0,0,0,0,6,2,1,7,0.0039063,0.0003712,40320
14,6,4,17,0,0,0,1,6,2,1,7,0.0039063,0.00013124,1.4112e+05
14,6,5,16,0,0,1,0,6,2,1,7,0.0039063,0.00026248,-1.008e+05
14,6,6,14,0,0,0,0,6,2,2,6,0.0039063,0.00069444,40320
14,6,6,15,0,0,0,1,6,2,2,6,0.0039063,0.00026248,1.008e+05
14,6,7,14,0,0,1,0,6,2,2,6,0.0039063,0.00040094,-60480
14,6,8,12,0,0,0,0,6,2,3,5,0.0039063,0.00098209,40320
14,6,8,13,0,0,0,1,6,2,3,5,0.0039063,0.00040094,60480
14,6,9,12,0,0,1,0,6,2,3,5,0.0039063,0.00049105,-20160
14,6,10,10,0,0,0,0,6,2,4,4,0.0039063,0.001098,40320
14,6,10,11,0,0,0,1,6,2,4,4,0.0039063,0.00049105,20160
14,6,11,10,0,0,1,0,6,2,4,4,0.0039063,0.00049105,20160
14,6,12,8,0,0,0,0,6,2,5,3,0.0039063,0.00098209,40320
14,6,12,9,0,0,0,1,6,2,5,3,0.0039063,0.00049105,-20160
14,6,13,8,0,0,1,0,6,2,5,3,0.0039063,0.00040094,60480
14,6,14,6,0,0,0,0,6,2,6,2,0.0039063,0.00069444,40320
14,6,14,7,0,0,0,1,6,2,6,2,0.0039063,0.00040094,-60480
14,6,15,6,0,0,1,0,6,2,6,2,0.0039063,0.00026248,1.008e+05
14,6,16,4,0,0,0,0,6,2,7,1,0.0039063,0.0003712,40320
14,6,16,5,0,0,0,1,6,2,7,1,0.0039063,0.00026248,-1.008e+05
14,6,17,4,0,0,1,0,6,2,7,1,0.0039063,0.00013124,1.4112e+05
14,6,18,2,0,0,0,0,6,2,8,0,0.0039063,0.00013124,40320
14,6,18,3,0,0,0,1,6,2,8,0,0.0039063,0.00013124,-1.4112e+05
14,6,19,2,0,0,1,0,6,2,8,0,0.0039063,4.3746e-05,1.8144e+05
14,7,2,18,0,1,0,0,6,2,0,8,0.0039063,7.577e-05,-60480
14,7,4,16,0,1,0,0,6,2,1,7,0.0039063,0.00021431,-60480
14,7,6,14,0,1,0,0,6,2,2,6,0.0039063,0.00040094,-60480
14,7,8,12,0,1,0,0,6,2,3,5,0.0039063,0.00056701,-60480
14,7,10,10,0,1,0,0,6,2,4,4,0.0039063,0.00063394,-60480
14,7,12,8,0,1,0,0,6,2,5,3,0.0039063,0.00056701,-60480
14,7,14,6,0,1,0,0,6,2,6,2,0.0039063,0.00040094,-60480
14,7,16,4,0,1,0,0,6,2,7,1,0.0039063,0.00021431,-60480
14,7,18,2,0,1,0,0,6,2,8,0,0.0039063,7.577e-05,-60480
15,2,2,14,1,0,0,0,6,0,0,6,0.015625,0.00052495,2520
15,2,4,12,1,0,0,0,6,0,1,5,0.015625,0.0012859,2520
15,2,6,10,1,0,0,0,6,0,2,4,0.015625,0.0020331,2520
15,2,8,8,1,0,0,0,6,0,3,3,0.015625,0.0023477,2520
15,2,10,6,1,0,0,0,6,0,4,2,0.015625,0.0020331,2520
15,2,12,4,1,0,0,0,6,0,5,1,0.015625,0.0012859,2520
15,2,14,2,1,0,0,0,6,0,6,0,0.015625,0.00052495,2520
15,4,2,16,1,0,0,0,6,1,0,7,0.0078125,0.00019841,15120
15,4,4,14,1,0,0,0,6,1,1,6,0.0078125,0.00052495,15120
15,4,6,12,1,0,0,0,6,1,2,5,0.0078125,0.00090924,15120
15,4,8,10,1,0,0,0,6,1,3,4,0.0078125,0.0011738,15120
15,4,10,8,1,0,0,0,6,1,4,3,0.0078125,0.0011738,15120
15,4,12,6,1,0,0,0,6,1,5,2,0.0078125,0.00090924,15120
15,4,14,4,1,0,0,0,6,1,6,1,0.0078125,0.00052495,15120
15,4,16,2,1,0,0,0,6,1,7,0,0.0078125,0.00019841,15120
15,6,2,18,1,0,0,0,6,2,0,8,0.0039063,4.9603e-05,1.008e+05
15,6,4,16,1,0,0,0,6,2,1,7,0.0039063,0.0001403,1.008e+05
15,6,6,14,1,0,0,0,6,2,2,6,0.0039063,0.00026248,1.008e+05
15,6,8,12,1,0,0,0,6,2,3,5,0.0039063,0.0003712,1.008e+05
15,6,10,10,1,0,0,0,6,2,4,4,0.0039063,0.00041501,1.008e+05
15,6,12,8,1,0,0,0,6,2,5,3,0.0039063,0.0003712,1.008e+05
15,6,14,6,1,0,0,0,6,2,6,2,0.0039063,0.00026248,1.008e+05
15,6,16,4,1,0,0,0,6,2,7,1,0.0039063,0.0001403,1.008e+05
15,6,18,2,1,0,0,0,6,2,8,0,0.0039063,4.9603e-05,1.008e+05
16,1,2,14,0,0,0,0,7,-1,0,6,0.0078125,0.00052495,5040
16,1,4,12,0,0,0,0,7,-1,1,5,0.0078125,0.0012859,5040
16,1,6,10,0,0,0,0,7,-1,2,4,0.0078125,0.0020331,5040
16,1,8,8,0,0,0,0,7,-1,3,3,0.0078125,0.0023477,5040
16,1,10,6,0,0,0,0,7,-1,4,2,0.0078125,0.0020331,5040
16,1,12,4,0,0,0,0,7,-1,5,1,0.0078125,0.0012859,5040
16,1,14,2,0,0,0,0,7,-1,6,0,0.0078125,0.00052495,5040
16,2,1,18,0,0,0,0,7,0,-1,8,0.0039063,7.0149e-05,40320
16,2,2,16,0,0,0,0,7,0,0,7,0.0078125,0.00019841,5040
16,2,2,17,0,0,0,1,7,0,0,7,0.0078125,7.0149e-05,20160
16,2,3,16,0,0,1,0,7,0,0,7,0.0078125,0.00019841,-15120
16,2,4,14,0,0,0,0,7,0,1,6,0.0078125,0.00052495,5040
16,2,4,15,0,0,0,1,7,0,1,6,0.0078125,0.00019841,15120
16,2,5,14,0,0,1,0,7,0,1,6,0.0078125,0.0003712,-10080
16,2,6,12,0,0,0,0,7,0,2,5,0.0078125,0.00090924,5040
16,2,6,13,0,0,0,1,7,0,2,5,0.0078125,0.0003712,10080
16,2,7,12,0,0,1,0,7,0,2,5,0.0078125,0.00052495,-5040
16,2,8,10,0,0,0,0,7,0,3,4,0.0078125,0.0011738,5040
16,2,8,11,0,0,0,1,7,0,3,4,0.0078125,0.00052495,5040
16,2,9,10,0,0,1,0,7,0,3,4,0.0078125,0.00058691,-3.1832e-12
16,2,10,8,0,0,0,0,7,0,4,3,0.0078125,0.0011738,5040
16,2,10,9,0,0,0,1,7,0,4,3,0.0078125,0.00058691,-3.1832e-12
16,2,11,8,0,0,1,0,7,0,4,3,0.0078125,0.00052495,5040
16,2,12,6,0,0,0,0,7,0,5,2,0.0078125,0.00090924,5040
16,2,12,7,0,0,0,1,7,0,5,2,0.0078125,0.00052495,-5040
16,2,13,6,0,0,1,0,7,0,5,2,0.0078125,0.0003712,10080
16,2,14,4,0,0,0,0,7,0,6,1,0.0078125,0.00052495,5040
16,2,14,5,0,0,0,1,7,0,6,1,0.0078125,0.0003712,-10080
16,2,15,4,0,0,1,0,7,0,6,1,0.0078125,0.00019841,15120
16,2,16,2,0,0,0,0,7,0,7,0,0.0078125,0.00019841,5040
16,2,16,3,0,0,0,1,7,0,7,0,0.0078125,0.00019841,-15120
16,2,17,2,0,0,1,0,7,0,7,0,0.0078125,7.0149e-05,20160
16,2,18,1,0,0,0,0,7,0,8,-1,0.0039063,7.0149e-05,40320
16,3,2,16,0,1,0,0,7,0,0,7,0.0078125,0.00019841,-15120
16,3,4,14,0,1,0,0,7,0,1,6,0.0078125,0.00052495,-15120
16,3,6,12,0,1,0,0,7,0,2,5,0.0078125,0.00090924,-15120
16,3,8,10,0,1,0,0,7,0,3,4,0.0078125,0.0011738,-15120
16,3,10,8,0,1,0,0,7,0,4,3,0.0078125,0.0011738,-15120
16,3,12,6,0,1,0,0,7,0,5,2,0.0078125,0.00090924,-15120
16,3,14,4,0,1,0,0,7,0,6,1,0.0078125,0.00052495,-15120
16,3,16,2,0,1,0,0,7,0,7,0,0.0078125,0.00019841,-15120
16,4,2,18,0,0,0,0,7,1,0,8,0.0039063,7.0149e-05,40320
16,4,2,19,0,0,0,1,7,1,0,8,0.0039063,2.3383e-05,1.8144e+05
16,4,3,18,0,0,1,0,7,1,0,8,0.0039063,7.0149e-05,-1.4112e+05
16,4,4,16,0,0,0,0,7,1,1,7,0.0039063,0.00019841,40320
16,4,4,17,0,0,0,1,7,1,1,7,0.0039063,7.0149e-05,1.4112e+05
16,4,5,16,0,0,1,0,7,1,1,7,0.0039063,0.0001403,-1.008e+05
16,4,6,14,0,0,0,0,7,1,2,6,0.0039063,0.0003712,40320
16,4,6,15,0,0,0,1,7,1,2,6,0.0039063,0.0001403,1.008e+05
16,4,7,14,0,0,1,0,7,1,2,6,0.0039063,0.00021431,-60480
16,4,8,12,0,0,0,0,7,1,3,5,0.0039063,0.00052495,40320
16,4,8,13,0,0,0,1,7,1,3,5,0.0039063,0.00021431,60480
16,4,9,12,0,0,1,0,7,1,3,5,0.0039063,0.00026248,-20160
16,4,10,10,0,0,0,0,7,1,4,4,0.0039063,0.00058691,40320
16,4,10,11,0,0,0,1,7,1,4,4,0.0039063,0.00026248,20160
16,4,11,10,0,0,1,0,7,1,4,4,0.0039063,0.00026248,20160
16,4,12,8,0,0,0,0,7,1,5,3,0.0039063,0.00052495,40320
16,4,12,9,0,0,0,1,7,1,5,3,0.0039063,0.00026248,-20160
16,4,13,8,0,0,1,0,7,1,5,3,0.0039063,0.00021431,60480
16,4,14,6,0,0,0,0,7,1,6,2,0.0039063,0.0003712,40320
16,4,14,7,0,0,0,1,7,1,6,2,0.0039063,0.00021431,-60480
16,4,15,6,0,0,1,0,7,1,6,2,0.0039063,0.0001403,1.008e+05
16,4,16,4,0,0,0,0,7,1,7,1,0.0039063,0.00019841,40320
16,4,16,5,0,0,0,1,7,1,7,1,0.0039063,0.0001403,-1.008e+05
16,4,17,4,0,0,1,0,7,1,7,1,0.0039063,7.0149e-05,1.4112e+05
16,4,18,2,0,0,0,0,7,1,8,0,0.0039063,7.0149e-05,40320
16,4,18,3,0,0,0,1,7,1,8,0,0.0039063,7.0149e-05,-1.4112e+05
16,4,19,2,0,0,1,0,7,1,8,0,0.0039063,2.3383e-05,1.8144e+05
16,5,2,18,0,1,0,0,7,1,0,8,0.0039063,4.9603e-05,-1.008e+05
16,5,4,16,0,1,0,0,7,1,1,7,0.0039063,0.0001403,-1.008e+05
16,5,6,14,0,1,0,0,7,1,2,6,0.0039063,0.00026248,-1.008e+05
16,5,8,12,0,1,0,0,7,1,3,5,0.0039063,0.0003712,-1.008e+05
16,5,10,10,0,1,0,0,7,1,4,4,0.0039063,0.00041501,-1.008e+05
16,5,12,8,0,1,0,0,7,1,5,3,0.0039063,0.0003712,-1.008e+05
16,5,14,6,0,1,0,0,7,1,6,2,0.0039063,0.00026248,-1.008e+05
16,5,16,4,0,1,0,0,7,1,7,1,0.0039063,0.0001403,-1.008e+05
16,5,18,2,0,1,0,0,7,1,8,0,0.0039063,4.9603e-05,-1.008e+05
17,2,2,16,1,0,0,0,7,0,0,7,0.0078125,7.0149e-05,20160
17,2,4,14,1,0,0,0,7,0,1,6,0.0078125,0.0001856,20160
17,2,6,12,1,0,0,0,7,0,2,5,0.0078125,0.00032147,20160
17,2,8,10,1,0,0,0,7,0,3,4,0.0078125,0.00041501,20160
17,2,10,8,1,0,0,0,7,0,4,3,0.0078125,0.00041501,20160
17,2,12,6,1,0,0,0,7,0,5,2,0.0078125,0.00032147,20160
17,2,14,4,1,0,0,0,7,0,6,1,0.0078125,0.0001856,20160
17,2,16,2,1,0,0,0,7,0,7,0,0.0078125,7.0149e-05,20160
17,4,2,18,1,0,0,0,7,1,0,8,0.0039063,2.4802e-05,1.4112e+05
17,4,4,16,1,0,0,0,7,1,1,7,0.0039063,7.0149e-05,1.4112e+05
17,4,6,14,1,0,0,0,7,1,2,6,0.0039063,0.00013124,1.4112e+05
17,4,8,12,1,0,0,0,7,1,3,5,0.0039063,0.0001856,1.4112e+05
17,4,10,10,1,0,0,0,7,1,4,4,0.0039063,0.0002075,1.4112e+05
17,4,12,8,1,0,0,0,7,1,5,3,0.0039063,0.0001856,1.4112e+05
17,4,14,6,1,0,0,0,7,1,6,2,0.0039063,0.00013124,1.4112e+05
17,4,16,4,1,0,0,0,7,1,7,1,0.0039063,7.0149e-05,1.4112e+05
17,4,18,2,1,0,0,0,7,1,8,0,0.0039063,2.4802e-05,1.4112e+05
18,1,2,16,0,0,0,0,8,-1,0,7,0.0039063,7.0149e-05,40320
18,1,4,14,0,0,0,0,8,-1,1,6,0.0039063,0.0001856,40320
18,1,6,12,0,0,0,0,8,-1,2,5,0.0039063,0.00032147,40320
18,1,8,10,0,0,0,0,8,-1,3,4,0.0039063,0.00041501,40320
18,1,10,8,0,0,0,0,8,-1,4,3,0.0039063,0.00041501,40320
18,1,12,6,0,0,0,0,8,-1,5,2,0.0039063,0.00032147,40320
18,1,14,4,0,0,0,0,8,-1,6,1,0.0039063,0.0001856,40320
18,1,16,2,0,0,0,0,8,-1,7,0,0.0039063,7.0149e-05,40320
18,2,2,18,0,0,0,0,8,0,0,8,0.0039063,2.4802e-05,40320
18,2,2,19,0,0,0,1,8,0,0,8,0.0039063,8.2672e-06,1.8144e+05
18,2,3,18,0,0,1,0,8,0,0,8,0.0039063,2.4802e-05,-1.4112e+05
18,2,4,16,0,0,0,0,8,0,1,7,0.0039063,7.0149e-05,40320
18,2,4,17,0,0,0,1,8,0,1,7,0.0039063,2.4802e-05,1.4112e+05
18,2,5,16,0,0,1,0,8,0,1,7,0.0039063,4.9603e-05,-1.008e+05
18,2,6,14,0,0,0,0,8,0,2,6,0.0039063,0.00013124,40320
18,2,6,15,0,0,0,1,8,0,2,6,0.0039063,4.9603e-05,1.008e+05
18,2,7,14,0,0,1,0,8,0,2,6,0.0039063,7.577e-05,-60480
18,2,8,12,0,0,0,0,8,0,3,5,0.0039063,0.0001856,40320
18,2,8,13,0,0,0,1,8,0,3,5,0.0039063,7.577e-05,60480
18,2,9,12,0,0,1,0,8,0,3,5,0.0039063,9.2799e-05,-20160
18,2,10,10,0,0,0,0,8,0,4,4,0.0039063,0.0002075,40320
18,2,10,11,0,0,0,1,8,0,4,4,0.0039063,9.2799e-05,20160
18,2,11,10,0,0,1,0,8,0,4,4,0.0039063,9.2799e-05,20160
18,2,12,8,0,0,0,0,8,0,5,3,0.0039063,0.0001856,40320
18,2,12,9,0,0,0,1,8,0,5,3,0.0039063,9.2799e-05,-20160
18,2,13,8,0,0,1,0,8,0,5,3,0.0039063,7.577e-05,60480
18,2,14,6,0,0,0,0,8,0,6,2,0.0039063,0.00013124,40320
18,2,14,7,0,0,0,1,8,0,6,2,0.0039063,7.577e-05,-60480
18,2,15,6,0,0,1,0,8,0,6,2,0.0039063,4.9603e-05,1.008e+05
18,2,16,4,0,0,0,0,8,0,7,1,0.0039063,7.0149e-05,40320
18,2,16,5,0,0,0,1,8,0,7,1,0.0039063,4.9603e-05,-1.008e+05
18,2,17,4,0,0,1,0,8,0,7,1,0.0039063,2.4802e-05,1.4112e+05
18,2,18,2,0,0,0,0,8,0,8,0,0.0039063,2.4802e-05,40320
18,2,18,3,0,0,0,1,8,0,8,0,0.0039063,2.4802e-05,-1.4112e+05
18,2,19,2,0,0,1,0,8,0,8,0,0.0039063,8.2672e-06,1.8144e+05
18,3,2,18,0,1,0,0,8,0,0,8,0.0039063,2.4802e-05,-1.4112e+05
18,3,4,16,0,1,0,0,8,0,1,7,0.0039063,7.0149e-05,-1.4112e+05
18,3,6,14,0,1,0,0,8,0,2,6,0.0039063,0.00013124,-1.4112e+05
18,3,8,12,0,1,0,0,8,0,3,5,0.0039063,0.0001856,-1.4112e+05
18,3,10,10,0,1,0,0,8,0,4,4,0.0039063,0.0002075,-1.4112e+05
18,3,12,8,0,1,0,0,8,0,5,3,0.0039063,0.0001856,-1.4112e+05
18,3,14,6,0,1,0,0,8,0,6,2,0.0039063,0.00013124,-1.4112e+05
18,3,16,4,0,1,0,0,8,0,7,1,0.0039063,7.0149e-05,-1.4112e+05
18,3,18,2,0,1,0,0,8,0,8,0,0.0039063,2.4802e-05,-1.4112e+05
19,2,2,18,1,0,0,0,8,0,0,8,0.0039063,8.2672e-06,1.8144e+05
19,2,4,16,1,0,0,0,8,0,1,7,0.0039063,2.3383e-05,1.8144e+05
19,2,6,14,1,0,0,0,8,0,2,6,0.0039063,4.3746e-05,1.8144e+05
19,2,8,12,1,0,0,0,8,0,3,5,0.0039063,6.1866e-05,1.8144e+05
19,2,10,10,1,0,0,0,8,0,4,4,0.0039063,6.9168e-05,1.8144e+05
19,2,12,8,1,0,0,0,8,0,5,3,0.0039063,6.1866e-05,1.8144e+05
19,2,14,6,1,0,0,0,8,0,6,2,0.0039063,4.3746e-05,1.8144e+05
19,2,16,4,1,0,0,0,8,0,7,1,0.0039063,2.3383e-05,1.8144e+05
19,2,18,2,1,0,0,0,8,0,8,0,0.0039063,8.2672e-06,1.8144e+05
