1,4,2,2,0,0,0,0,-1,1,0,0,0.5,1,1,0.5
1,6,2,4,0,0,0,0,-1,2,0,1,0.35355,2,0.70711,0.25
1,6,4,2,0,0,0,0,-1,2,1,0,0.35355,2,0.70711,0.25
1,8,2,6,0,0,0,0,-1,3,0,2,0.21651,6,0.28868,0.125
1,8,4,4,0,0,0,0,-1,3,1,1,0.30619,6,0.40825,0.125
1,8,6,2,0,0,0,0,-1,3,2,0,0.21651,6,0.28868,0.125
1,10,2,8,0,0,0,0,-1,4,0,3,0.125,24,0.083333,0.0625
1,10,4,6,0,0,0,0,-1,4,1,2,0.21651,24,0.14434,0.0625
1,10,6,4,0,0,0,0,-1,4,2,1,0.21651,24,0.14434,0.0625
1,10,8,2,0,0,0,0,-1,4,3,0,0.125,24,0.083333,0.0625
1,12,2,10,0,0,0,0,-1,5,0,4,0.069877,120,0.018634,0.03125
1,12,4,8,0,0,0,0,-1,5,1,3,0.13975,120,0.037268,0.03125
1,12,6,6,0,0,0,0,-1,5,2,2,0.17116,120,0.045644,0.03125
1,12,8,4,0,0,0,0,-1,5,3,1,0.13975,120,0.037268,0.03125
1,12,10,2,0,0,0,0,-1,5,4,0,0.069877,120,0.018634,0.03125
1,14,2,12,0,0,0,0,-1,6,0,5,0.038273,720,0.0034021,0.015625
1,14,4,10,0,0,0,0,-1,6,1,4,0.085582,720,0.0076073,0.015625
1,14,6,8,0,0,0,0,-1,6,2,3,0.12103,720,0.010758,0.015625
1,14,8,6,0,0,0,0,-1,6,3,2,0.12103,720,0.010758,0.015625
1,14,10,4,0,0,0,0,-1,6,4,1,0.085582,720,0.0076073,0.015625
1,14,12,2,0,0,0,0,-1,6,5,0,0.038273,720,0.0034021,0.015625
1,16,2,14,0,0,0,0,-1,7,0,6,0.02067,5040,0.00052495,0.0078125
1,16,4,12,0,0,0,0,-1,7,1,5,0.050631,5040,0.0012859,0.0078125
1,16,6,10,0,0,0,0,-1,7,2,4,0.080054,5040,0.0020331,0.0078125
1,16,8,8,0,0,0,0,-1,7,3,3,0.092439,5040,0.0023477,0.0078125
1,16,10,6,0,0,0,0,-1,7,4,2,0.080054,5040,0.0020331,0.0078125
1,16,12,4,0,0,0,0,-1,7,5,1,0.050631,5040,0.0012859,0.0078125
1,16,14,2,0,0,0,0,-1,7,6,0,0.02067,5040,0.00052495,0.0078125
1,18,2,16,0,0,0,0,-1,8,0,7,0.011049,40320,7.0149e-05,0.0039063
1,18,4,14,0,0,0,0,-1,8,1,6,0.029232,40320,0.0001856,0.0039063
1,18,6,12,0,0,0,0,-1,8,2,5,0.050631,40320,0.00032147,0.0039063
1,18,8,10,0,0,0,0,-1,8,3,4,0.065364,40320,0.00041501,0.0039063
1,18,10,8,0,0,0,0,-1,8,4,3,0.065364,40320,0.00041501,0.0039063
1,18,12,6,0,0,0,0,-1,8,5,2,0.050631,40320,0.00032147,0.0039063
1,18,14,4,0,0,0,0,-1,8,6,1,0.029232,40320,0.0001856,0.0039063
1,18,16,2,0,0,0,0,-1,8,7,0,0.011049,40320,7.0149e-05,0.0039063
2,2,1,4,0,0,0,0,0,0,-1,1,0.5,1,1,0.5
2,2,2,2,0,0,0,0,0,0,0,0,1,1,1,1
2,2,2,3,0,0,0,1,0,0,0,0,0.5,0.5,1,1
2,2,3,2,0,0,1,0,0,0,0,0,0.5,0.5,1,1
2,2,4,1,0,0,0,0,0,0,1,-1,0.5,1,1,0.5
2,3,2,2,0,1,0,0,0,0,0,0,0.5,0.5,1,1
2,4,1,6,0,0,0,0,0,1,-1,2,0.35355,2,0.70711,0.25
2,4,2,4,0,0,0,0,0,1,0,1,0.5,1,1,0.5
2,4,2,5,0,0,0,1,0,1,0,1,0.35355,1,0.70711,0.5
2,4,3,4,0,0,1,0,0,1,0,1,-8.3267e-17,-1.6653e-16,1,0.5
2,4,4,2,0,0,0,0,0,1,1,0,0.5,1,1,0.5
2,4,4,3,0,0,0,1,0,1,1,0,-8.3267e-17,-1.6653e-16,1,0.5
2,4,5,2,0,0,1,0,0,1,1,0,0.35355,1,0.70711,0.5
2,4,6,1,0,0,0,0,0,1,2,-1,0.35355,2,0.70711,0.25
2,5,2,4,0,1,0,0,0,1,0,1,0.35355,1,0.70711,0.5
2,5,4,2,0,1,0,0,0,1,1,0,0.35355,1,0.70711,0.5
2,6,1,8,0,0,0,0,0,2,-1,3,0.21651,6,0.28868,0.125
2,6,2,6,0,0,0,0,0,2,0,2,0.25,2,0.5,0.25
2,6,2,7,0,0,0,1,0,2,0,2,0.21651,3,0.28868,0.25
2,6,3,6,0,0,1,0,0,2,0,2,-0.125,-1,0.5,0.25
2,6,4,4,0,0,0,0,0,2,1,1,0.35355,2,0.70711,0.25
2,6,4,5,0,0,0,1,0,2,1,1,0.125,1,0.5,0.25
2,6,5,4,0,0,1,0,0,2,1,1,0.125,1,0.5,0.25
2,6,6,2,0,0,0,0,0,2,2,0,0.25,2,0.5,0.25
2,6,6,3,0,0,0,1,0,2,2,0,-0.125,-1,0.5,0.25
2,6,7,2,0,0,1,0,0,2,2,0,0.21651,3,0.28868,0.25
2,6,8,1,0,0,0,0,0,2,3,-1,0.21651,6,0.28868,0.125
2,7,2,6,0,1,0,0,0,2,0,2,0.21651,3,0.28868,0.25
2,7,4,4,0,1,0,0,0,2,1,1,0.30619,3,0.40825,0.25
2,7,6,2,0,1,0,0,0,2,2,0,0.21651,3,0.28868,0.25
2,8,1,10,0,0,0,0,0,3,-1,4,0.125,24,0.083333,0.0625
2,8,2,8,0,0,0,0,0,3,0,3,0.125,6,0.16667,0.125
2,8,2,9,0,0,0,1,0,3,0,3,0.125,12,0.083333,0.125
2,8,3,8,0,0,1,0,0,3,0,3,-0.125,-6,0.16667,0.125
2,8,4,6,0,0,0,0,0,3,1,2,0.21651,6,0.28868,0.125
2,8,4,7,0,0,0,1,0,3,1,2,0.125,6,0.16667,0.125
2,8,5,6,0,0,1,0,0,3,1,2,0,0,0.20412,0.125
2,8,6,4,0,0,0,0,0,3,2,1,0.21651,6,0.28868,0.125
2,8,6,5,0,0,0,1,0,3,2,1,0,0,0.20412,0.125
2,8,7,4,0,0,1,0,0,3,2,1,0.125,6,0.16667,0.125
2,8,8,2,0,0,0,0,0,3,3,0,0.125,6,0.16667,0.125
2,8,8,3,0,0,0,1,0,3,3,0,-0.125,-6,0.16667,0.125
2,8,9,2,0,0,1,0,0,3,3,0,0.125,12,0.083333,0.125
2,8,10,1,0,0,0,0,0,3,4,-1,0.125,24,0.083333,0.0625
2,9,2,8,0,1,0,0,0,3,0,3,0.125,12,0.083333,0.125
2,9,4,6,0,1,0,0,0,3,1,2,0.21651,12,0.14434,0.125
2,9,6,4,0,1,0,0,0,3,2,1,0.21651,12,0.14434,0.125
2,9,8,2,0,1,0,0,0,3,3,0,0.125,12,0.083333,0.125
2,10,1,12,0,0,0,0,0,4,-1,5,0.069877,120,0.018634,0.03125
2,10,2,10,0,0,0,0,0,4,0,4,0.0625,24,0.041667,0.0625
2,10,2,11,0,0,0,1,0,4,0,4,0.069877,60,0.018634,0.0625
2,10,3,10,0,0,1,0,0,4,0,4,-0.09375,-36,0.041667,0.0625
2,10,4,8,0,0,0,0,0,4,1,3,0.125,24,0.083333,0.0625
2,10,4,9,0,0,0,1,0,4,1,3,0.09375,36,0.041667,0.0625
2,10,5,8,0,0,1,0,0,4,1,3,-0.044194,-12,0.058926,0.0625
2,10,6,6,0,0,0,0,0,4,2,2,0.15309,24,0.10206,0.0625
2,10,6,7,0,0,0,1,0,4,2,2,0.044194,12,0.058926,0.0625
2,10,7,6,0,0,1,0,0,4,2,2,0.044194,12,0.058926,0.0625
2,10,8,4,0,0,0,0,0,4,3,1,0.125,24,0.083333,0.0625
2,10,8,5,0,0,0,1,0,4,3,1,-0.044194,-12,0.058926,0.0625
2,10,9,4,0,0,1,0,0,4,3,1,0.09375,36,0.041667,0.0625
2,10,10,2,0,0,0,0,0,4,4,0,0.0625,24,0.041667,0.0625
2,10,10,3,0,0,0,1,0,4,4,0,-0.09375,-36,0.041667,0.0625
2,10,11,2,0,0,1,0,0,4,4,0,0.069877,60,0.018634,0.0625
2,10,12,1,0,0,0,0,0,4,5,-1,0.069877,120,0.018634,0.03125
2,11,2,10,0,1,0,0,0,4,0,4,0.069877,60,0.018634,0.0625
2,11,4,8,0,1,0,0,0,4,1,3,0.13975,60,0.037268,0.0625
2,11,6,6,0,1,0,0,0,4,2,2,0.17116,60,0.045644,0.0625
2,11,8,4,0,1,0,0,0,4,3,1,0.13975,60,0.037268,0.0625
2,11,10,2,0,1,0,0,0,4,4,0,0.069877,60,0.018634,0.0625
2,12,1,14,0,0,0,0,0,5,-1,6,0.038273,720,0.0034021,0.015625
2,12,2,12,0,0,0,0,0,5,0,5,0.03125,120,0.0083333,0.03125
2,12,2,13,0,0,0,1,0,5,0,5,0.038273,360,0.0034021,0.03125
2,12,3,12,0,0,1,0,0,5,0,5,-0.0625,-240,0.0083333,0.03125
2,12,4,10,0,0,0,0,0,5,1,4,0.069877,120,0.018634,0.03125
2,12,4,11,0,0,0,1,0,5,1,4,0.0625,240,0.0083333,0.03125
2,12,5,10,0,0,1,0,0,5,1,4,-0.049411,-120,0.013176,0.03125
2,12,6,8,0,0,0,0,0,5,2,3,0.098821,120,0.026352,0.03125
2,12,6,9,0,0,0,1,0,5,2,3,0.049411,120,0.013176,0.03125
2,12,7,8,0,0,1,0,0,5,2,3,-6.7566e-18,-1.4211e-14,0.015215,0.03125
2,12,8,6,0,0,0,0,0,5,3,2,0.098821,120,0.026352,0.03125
2,12,8,7,0,0,0,1,0,5,3,2,-6.7566e-18,-1.4211e-14,0.015215,0.03125
2,12,9,6,0,0,1,0,0,5,3,2,0.049411,120,0.013176,0.03125
2,12,10,4,0,0,0,0,0,5,4,1,0.069877,120,0.018634,0.03125
2,12,10,5,0,0,0,1,0,5,4,1,-0.049411,-120,0.013176,0.03125
2,12,11,4,0,0,1,0,0,5,4,1,0.0625,240,0.0083333,0.03125
2,12,12,2,0,0,0,0,0,5,5,0,0.03125,120,0.0083333,0.03125
2,12,12,3,0,0,0,1,0,5,5,0,-0.0625,-240,0.0083333,0.03125
2,12,13,2,0,0,1,0,0,5,5,0,0.038273,360,0.0034021,0.03125
2,12,14,1,0,0,0,0,0,5,6,-1,0.038273,720,0.0034021,0.015625
2,13,2,12,0,1,0,0,0,5,0,5,0.038273,360,0.0034021,0.03125
2,13,4,10,0,1,0,0,0,5,1,4,0.085582,360,0.0076073,0.03125
2,13,6,8,0,1,0,0,0,5,2,3,0.12103,360,0.010758,0.03125
2,13,8,6,0,1,0,0,0,5,3,2,0.12103,360,0.010758,0.03125
2,13,10,4,0,1,0,0,0,5,4,1,0.085582,360,0.0076073,0.03125
2,13,12,2,0,1,0,0,0,5,5,0,0.038273,360,0.0034021,0.03125
2,14,1,16,0,0,0,0,0,6,-1,7,0.02067,5040,0.00052495,0.0078125
2,14,2,14,0,0,0,0,0,6,0,6,0.015625,720,0.0013889,0.015625
2,14,2,15,0,0,0,1,0,6,0,6,0.02067,2520,0.00052495,0.015625
2,14,3,14,0,0,1,0,0,6,0,6,-0.039062,-1800,0.0013889,0.015625
2,14,4,12,0,0,0,0,0,6,1,5,0.038273,720,0.0034021,0.015625
2,14,4,13,0,0,0,1,0,6,1,5,0.039063,1800,0.0013889,0.015625
2,14,5,12,0,0,1,0,0,6,1,5,-0.040595,-1080,0.0024056,0.015625
2,14,6,10,0,0,0,0,0,6,2,4,0.060515,720,0.0053791,0.015625
2,14,6,11,0,0,0,1,0,6,2,4,0.040595,1080,0.0024056,0.015625
2,14,7,10,0,0,1,0,0,6,2,4,-0.017469,-360,0.0031056,0.015625
2,14,8,8,0,0,0,0,0,6,3,3,0.069877,720,0.0062113,0.015625
2,14,8,9,0,0,0,1,0,6,3,3,0.017469,360,0.0031056,0.015625
2,14,9,8,0,0,1,0,0,6,3,3,0.017469,360,0.0031056,0.015625
2,14,10,6,0,0,0,0,0,6,4,2,0.060515,720,0.0053791,0.015625
2,14,10,7,0,0,0,1,0,6,4,2,-0.017469,-360,0.0031056,0.015625
2,14,11,6,0,0,1,0,0,6,4,2,0.040595,1080,0.0024056,0.015625
2,14,12,4,0,0,0,0,0,6,5,1,0.038273,720,0.0034021,0.015625
2,14,12,5,0,0,0,1,0,6,5,1,-0.040595,-1080,0.0024056,0.015625
2,14,13,4,0,0,1,0,0,6,5,1,0.039063,1800,0.0013889,0.015625
2,14,14,2,0,0,0,0,0,6,6,0,0.015625,720,0.0013889,0.015625
2,14,14,3,0,0,0,1,0,6,6,0,-0.039062,-1800,0.0013889,0.015625
2,14,15,2,0,0,1,0,0,6,6,0,0.02067,2520,0.00052495,0.015625
2,14,16,1,0,0,0,0,0,6,7,-1,0.02067,5040,0.00052495,0.0078125
2,15,2,14,0,1,0,0,0,6,0,6,0.02067,2520,0.00052495,0.015625
2,15,4,12,0,1,0,0,0,6,1,5,0.050631,2520,0.0012859,0.015625
2,15,6,10,0,1,0,0,0,6,2,4,0.080054,2520,0.0020331,0.015625
2,15,8,8,0,1,0,0,0,6,3,3,0.092439,2520,0.0023477,0.015625
2,15,10,6,0,1,0,0,0,6,4,2,0.080054,2520,0.0020331,0.015625
2,15,12,4,0,1,0,0,0,6,5,1,0.050631,2520,0.0012859,0.015625
2,15,14,2,0,1,0,0,0,6,6,0,0.02067,2520,0.00052495,0.015625
2,16,1,18,0,0,0,0,0,7,-1,8,0.011049,40320,7.0149e-05,0.0039063
2,16,2,16,0,0,0,0,0,7,0,7,0.0078125,5040,0.00019841,0.0078125
2,16,2,17,0,0,0,1,0,7,0,7,0.011049,20160,7.0149e-05,0.0078125
2,16,3,16,0,0,1,0,0,7,0,7,-0.023437,-15120,0.00019841,0.0078125
2,16,4,14,0,0,0,0,0,7,1,6,0.02067,5040,0.00052495,0.0078125
2,16,4,15,0,0,0,1,0,7,1,6,0.023437,15120,0.00019841,0.0078125
2,16,5,14,0,0,1,0,0,7,1,6,-0.029232,-10080,0.0003712,0.0078125
2,16,6,12,0,0,0,0,0,7,2,5,0.035801,5040,0.00090924,0.0078125
2,16,6,13,0,0,0,1,0,7,2,5,0.029232,10080,0.0003712,0.0078125
2,16,7,12,0,0,1,0,0,7,2,5,-0.02067,-5040,0.00052495,0.0078125
2,16,8,10,0,0,0,0,0,7,3,4,0.046219,5040,0.0011738,0.0078125
2,16,8,11,0,0,0,1,0,7,3,4,0.02067,5040,0.00052495,0.0078125
2,16,9,10,0,0,1,0,0,7,3,4,-1.4596e-17,-3.1832e-12,0.00058691,0.0078125
2,16,10,8,0,0,0,0,0,7,4,3,0.046219,5040,0.0011738,0.0078125
2,16,10,9,0,0,0,1,0,7,4,3,-1.4596e-17,-3.1832e-12,0.00058691,0.0078125
2,16,11,8,0,0,1,0,0,7,4,3,0.02067,5040,0.00052495,0.0078125
2,16,12,6,0,0,0,0,0,7,5,2,0.035801,5040,0.00090924,0.0078125
2,16,12,7,0,0,0,1,0,7,5,2,-0.02067,-5040,0.00052495,0.0078125
2,16,13,6,0,0,1,0,0,7,5,2,0.029232,10080,0.0003712,0.0078125
2,16,14,4,0,0,0,0,0,7,6,1,0.02067,5040,0.00052495,0.0078125
2,16,14,5,0,0,0,1,0,7,6,1,-0.029232,-10080,0.0003712,0.0078125
2,16,15,4,0,0,1,0,0,7,6,1,0.023437,15120,0.00019841,0.0078125
2,16,16,2,0,0,0,0,0,7,7,0,0.0078125,5040,0.00019841,0.0078125
2,16,16,3,0,0,0,1,0,7,7,0,-0.023437,-15120,0.00019841,0.0078125
2,16,17,2,0,0,1,0,0,7,7,0,0.011049,20160,7.0149e-05,0.0078125
2,16,18,1,0,0,0,0,0,7,8,-1,0.011049,40320,7.0149e-05,0.0039063
2,17,2,16,0,1,0,0,0,7,0,7,0.011049,20160,7.0149e-05,0.0078125
2,17,4,14,0,1,0,0,0,7,1,6,0.029232,20160,0.0001856,0.0078125
2,17,6,12,0,1,0,0,0,7,2,5,0.050631,20160,0.00032147,0.0078125
2,17,8,10,0,1,0,0,0,7,3,4,0.065364,20160,0.00041501,0.0078125
2,17,10,8,0,1,0,0,0,7,4,3,0.065364,20160,0.00041501,0.0078125
2,17,12,6,0,1,0,0,0,7,5,2,0.050631,20160,0.00032147,0.0078125
2,17,14,4,0,1,0,0,0,7,6,1,0.029232,20160,0.0001856,0.0078125
2,17,16,2,0,1,0,0,0,7,7,0,0.011049,20160,7.0149e-05,0.0078125
2,18,2,18,0,0,0,0,0,8,0,8,0.0039062,40320,2.4802e-05,0.0039063
2,18,3,18,0,0,1,0,0,8,0,8,-0.013672,-1.4112e+05,2.4802e-05,0.0039063
2,18,4,16,0,0,0,0,0,8,1,7,0.011049,40320,7.0149e-05,0.0039063
2,18,4,17,0,0,0,1,0,8,1,7,0.013672,1.4112e+05,2.4802e-05,0.0039063
2,18,5,16,0,0,1,0,0,8,1,7,-0.019531,-1.008e+05,4.9603e-05,0.0039063
2,18,6,14,0,0,0,0,0,8,2,6,0.02067,40320,0.00013124,0.0039063
2,18,6,15,0,0,0,1,0,8,2,6,0.019531,1.008e+05,4.9603e-05,0.0039063
2,18,7,14,0,0,1,0,0,8,2,6,-0.017901,-60480,7.577e-05,0.0039063
2,18,8,12,0,0,0,0,0,8,3,5,0.029232,40320,0.0001856,0.0039063
2,18,8,13,0,0,0,1,0,8,3,5,0.017901,60480,7.577e-05,0.0039063
2,18,9,12,0,0,1,0,0,8,3,5,-0.0073079,-20160,9.2799e-05,0.0039063
2,18,10,10,0,0,0,0,0,8,4,4,0.032682,40320,0.0002075,0.0039063
2,18,10,11,0,0,0,1,0,8,4,4,0.0073079,20160,9.2799e-05,0.0039063
2,18,11,10,0,0,1,0,0,8,4,4,0.0073079,20160,9.2799e-05,0.0039063
2,18,12,8,0,0,0,0,0,8,5,3,0.029232,40320,0.0001856,0.0039063
2,18,12,9,0,0,0,1,0,8,5,3,-0.0073079,-20160,9.2799e-05,0.0039063
2,18,13,8,0,0,1,0,0,8,5,3,0.017901,60480,7.577e-05,0.0039063
2,18,14,6,0,0,0,0,0,8,6,2,0.02067,40320,0.00013124,0.0039063
2,18,14,7,0,0,0,1,0,8,6,2,-0.017901,-60480,7.577e-05,0.0039063
2,18,15,6,0,0,1,0,0,8,6,2,0.019531,1.008e+05,4.9603e-05,0.0039063
2,18,16,4,0,0,0,0,0,8,7,1,0.011049,40320,7.0149e-05,0.0039063
2,18,16,5,0,0,0,1,0,8,7,1,-0.019531,-1.008e+05,4.9603e-05,0.0039063
2,18,17,4,0,0,1,0,0,8,7,1,0.013672,1.4112e+05,2.4802e-05,0.0039063
2,18,18,2,0,0,0,0,0,8,8,0,0.0039062,40320,2.4802e-05,0.0039063
2,18,18,3,0,0,0,1,0,8,8,0,-0.013672,-1.4112e+05,2.4802e-05,0.0039063
3,2,2,2,1,0,0,0,0,0,0,0,0.5,0.5,1,1
3,4,2,4,1,0,0,0,0,1,0,1,-8.3267e-17,-1.6653e-16,1,0.5
3,4,4,2,1,0,0,0,0,1,1,0,-8.3267e-17,-1.6653e-16,1,0.5
3,6,2,6,1,0,0,0,0,2,0,2,-0.125,-1,0.5,0.25
3,6,4,4,1,0,0,0,0,2,1,1,-0.17678,-1,0.70711,0.25
3,6,6,2,1,0,0,0,0,2,2,0,-0.125,-1,0.5,0.25
3,8,2,8,1,0,0,0,0,3,0,3,-0.125,-6,0.16667,0.125
3,8,4,6,1,0,0,0,0,3,1,2,-0.21651,-6,0.28868,0.125
3,8,6,4,1,0,0,0,0,3,2,1,-0.21651,-6,0.28868,0.125
3,8,8,2,1,0,0,0,0,3,3,0,-0.125,-6,0.16667,0.125
3,10,2,10,1,0,0,0,0,4,0,4,-0.09375,-36,0.041667,0.0625
3,10,4,8,1,0,0,0,0,4,1,3,-0.1875,-36,0.083333,0.0625
3,10,6,6,1,0,0,0,0,4,2,2,-0.22964,-36,0.10206,0.0625
3,10,8,4,1,0,0,0,0,4,3,1,-0.1875,-36,0.083333,0.0625
3,10,10,2,1,0,0,0,0,4,4,0,-0.09375,-36,0.041667,0.0625
3,12,2,12,1,0,0,0,0,5,0,5,-0.0625,-240,0.0083333,0.03125
3,12,4,10,1,0,0,0,0,5,1,4,-0.13975,-240,0.018634,0.03125
3,12,6,8,1,0,0,0,0,5,2,3,-0.19764,-240,0.026352,0.03125
3,12,8,6,1,0,0,0,0,5,3,2,-0.19764,-240,0.026352,0.03125
3,12,10,4,1,0,0,0,0,5,4,1,-0.13975,-240,0.018634,0.03125
3,12,12,2,1,0,0,0,0,5,5,0,-0.0625,-240,0.0083333,0.03125
3,14,2,14,1,0,0,0,0,6,0,6,-0.039062,-1800,0.0013889,0.015625
3,14,4,12,1,0,0,0,0,6,1,5,-0.095683,-1800,0.0034021,0.015625
3,14,6,10,1,0,0,0,0,6,2,4,-0.15129,-1800,0.0053791,0.015625
3,14,8,8,1,0,0,0,0,6,3,3,-0.17469,-1800,0.0062113,0.015625
3,14,10,6,1,0,0,0,0,6,4,2,-0.15129,-1800,0.0053791,0.015625
3,14,12,4,1,0,0,0,0,6,5,1,-0.095683,-1800,0.0034021,0.015625
3,14,14,2,1,0,0,0,0,6,6,0,-0.039062,-1800,0.0013889,0.015625
3,16,2,16,1,0,0,0,0,7,0,7,-0.023437,-15120,0.00019841,0.0078125
3,16,4,14,1,0,0,0,0,7,1,6,-0.06201,-15120,0.00052495,0.0078125
3,16,6,12,1,0,0,0,0,7,2,5,-0.1074,-15120,0.00090924,0.0078125
3,16,8,10,1,0,0,0,0,7,3,4,-0.13866,-15120,0.0011738,0.0078125
3,16,10,8,1,0,0,0,0,7,4,3,-0.13866,-15120,0.0011738,0.0078125
3,16,12,6,1,0,0,0,0,7,5,2,-0.1074,-15120,0.00090924,0.0078125
3,16,14,4,1,0,0,0,0,7,6,1,-0.06201,-15120,0.00052495,0.0078125
3,16,16,2,1,0,0,0,0,7,7,0,-0.023437,-15120,0.00019841,0.0078125
3,18,2,18,1,0,0,0,0,8,0,8,-0.013672,-1.4112e+05,2.4802e-05,0.0039063
3,18,4,16,1,0,0,0,0,8,1,7,-0.03867,-1.4112e+05,7.0149e-05,0.0039063
3,18,6,14,1,0,0,0,0,8,2,6,-0.072345,-1.4112e+05,0.00013124,0.0039063
3,18,8,12,1,0,0,0,0,8,3,5,-0.10231,-1.4112e+05,0.0001856,0.0039063
3,18,10,10,1,0,0,0,0,8,4,4,-0.11439,-1.4112e+05,0.0002075,0.0039063
3,18,12,8,1,0,0,0,0,8,5,3,-0.10231,-1.4112e+05,0.0001856,0.0039063
3,18,14,6,1,0,0,0,0,8,6,2,-0.072345,-1.4112e+05,0.00013124,0.0039063
3,18,16,4,1,0,0,0,0,8,7,1,-0.03867,-1.4112e+05,7.0149e-05,0.0039063
3,18,18,2,1,0,0,0,0,8,8,0,-0.013672,-1.4112e+05,2.4802e-05,0.0039063
4,1,2,2,0,0,0,0,1,-1,0,0,0.5,1,1,0.5
4,2,1,6,0,0,0,0,1,0,-1,2,0.35355,2,0.70711,0.25
4,2,2,4,0,0,0,0,1,0,0,1,0.5,1,1,0.5
4,2,2,5,0,0,0,1,1,0,0,1,0.35355,1,0.70711,0.5
4,2,3,4,0,0,1,0,1,0,0,1,-8.3267e-17,-1.6653e-16,1,0.5
4,2,4,2,0,0,0,0,1,0,1,0,0.5,1,1,0.5
4,2,4,3,0,0,0,1,1,0,1,0,-8.3267e-17,-1.6653e-16,1,0.5
4,2,5,2,0,0,1,0,1,0,1,0,0.35355,1,0.70711,0.5
4,2,6,1,0,0,0,0,1,0,2,-1,0.35355,2,0.70711,0.25
4,3,2,4,0,1,0,0,1,0,0,1,-8.3267e-17,-1.6653e-16,1,0.5
4,3,4,2,0,1,0,0,1,0,1,0,-8.3267e-17,-1.6653e-16,1,0.5
4,4,1,8,0,0,0,0,1,1,-1,3,0.30619,6,0.40825,0.125
4,4,2,6,0,0,0,0,1,1,0,2,0.35355,2,0.70711,0.25
4,4,2,7,0,0,0,1,1,1,0,2,0.30619,3,0.40825,0.25
4,4,3,6,0,0,1,0,1,1,0,2,-0.17678,-1,0.70711,0.25
4,4,4,4,0,0,0,0,1,1,1,1,0.5,2,1,0.25
4,4,4,5,0,0,0,1,1,1,1,1,0.17678,1,0.70711,0.25
4,4,5,4,0,0,1,0,1,1,1,1,0.17678,1,0.70711,0.25
4,4,6,2,0,0,0,0,1,1,2,0,0.35355,2,0.70711,0.25
4,4,6,3,0,0,0,1,1,1,2,0,-0.17678,-1,0.70711,0.25
4,4,7,2,0,0,1,0,1,1,2,0,0.30619,3,0.40825,0.25
4,4,8,1,0,0,0,0,1,1,3,-1,0.30619,6,0.40825,0.125
4,5,2,6,0,1,0,0,1,1,0,2,0.125,1,0.5,0.25
4,5,4,4,0,1,0,0,1,1,1,1,0.17678,1,0.70711,0.25
4,5,6,2,0,1,0,0,1,1,2,0,0.125,1,0.5,0.25
4,6,1,10,0,0,0,0,1,2,-1,4,0.21651,24,0.14434,0.0625
4,6,2,8,0,0,0,0,1,2,0,3,0.21651,6,0.28868,0.125
4,6,2,9,0,0,0,1,1,2,0,3,0.21651,12,0.14434,0.125
4,6,3,8,0,0,1,0,1,2,0,3,-0.21651,-6,0.28868,0.125
4,6,4,6,0,0,0,0,1,2,1,2,0.375,6,0.5,0.125
4,6,4,7,0,0,0,1,1,2,1,2,0.21651,6,0.28868,0.125
4,6,5,6,0,0,1,0,1,2,1,2,0,0,0.35355,0.125
4,6,6,4,0,0,0,0,1,2,2,1,0.375,6,0.5,0.125
4,6,6,5,0,0,0,1,1,2,2,1,0,0,0.35355,0.125
4,6,7,4,0,0,1,0,1,2,2,1,0.21651,6,0.28868,0.125
4,6,8,2,0,0,0,0,1,2,3,0,0.21651,6,0.28868,0.125
4,6,8,3,0,0,0,1,1,2,3,0,-0.21651,-6,0.28868,0.125
4,6,9,2,0,0,1,0,1,2,3,0,0.21651,12,0.14434,0.125
4,6,10,1,0,0,0,0,1,2,4,-1,0.21651,24,0.14434,0.0625
4,7,2,8,0,1,0,0,1,2,0,3,0.125,6,0.16667,0.125
4,7,4,6,0,1,0,0,1,2,1,2,0.21651,6,0.28868,0.125
4,7,6,4,0,1,0,0,1,2,2,1,0.21651,6,0.28868,0.125
4,7,8,2,0,1,0,0,1,2,3,0,0.125,6,0.16667,0.125
4,8,1,12,0,0,0,0,1,3,-1,5,0.13975,120,0.037268,0.03125
4,8,2,10,0,0,0,0,1,3,0,4,0.125,24,0.083333,0.0625
4,8,2,11,0,0,0,1,1,3,0,4,0.13975,60,0.037268,0.0625
4,8,3,10,0,0,1,0,1,3,0,4,-0.1875,-36,0.083333,0.0625
4,8,4,8,0,0,0,0,1,3,1,3,0.25,24,0.16667,0.0625
4,8,4,9,0,0,0,1,1,3,1,3,0.1875,36,0.083333,0.0625
4,8,5,8,0,0,1,0,1,3,1,3,-0.088388,-12,0.11785,0.0625
4,8,6,6,0,0,0,0,1,3,2,2,0.30619,24,0.20412,0.0625
4,8,6,7,0,0,0,1,1,3,2,2,0.088388,12,0.11785,0.0625
4,8,7,6,0,0,1,0,1,3,2,2,0.088388,12,0.11785,0.0625
4,8,8,4,0,0,0,0,1,3,3,1,0.25,24,0.16667,0.0625
4,8,8,5,0,0,0,1,1,3,3,1,-0.088388,-12,0.11785,0.0625
4,8,9,4,0,0,1,0,1,3,3,1,0.1875,36,0.083333,0.0625
4,8,10,2,0,0,0,0,1,3,4,0,0.125,24,0.083333,0.0625
4,8,10,3,0,0,0,1,1,3,4,0,-0.1875,-36,0.083333,0.0625
4,8,11,2,0,0,1,0,1,3,4,0,0.13975,60,0.037268,0.0625
4,8,12,1,0,0,0,0,1,3,5,-1,0.13975,120,0.037268,0.03125
4,9,2,10,0,1,0,0,1,3,0,4,0.09375,36,0.041667,0.0625
4,9,4,8,0,1,0,0,1,3,1,3,0.1875,36,0.083333,0.0625
4,9,6,6,0,1,0,0,1,3,2,2,0.22964,36,0.10206,0.0625
4,9,8,4,0,1,0,0,1,3,3,1,0.1875,36,0.083333,0.0625
4,9,10,2,0,1,0,0,1,3,4,0,0.09375,36,0.041667,0.0625
4,10,1,14,0,0,0,0,1,4,-1,6,0.085582,720,0.0076073,0.015625
4,10,2,12,0,0,0,0,1,4,0,5,0.069877,120,0.018634,0.03125
4,10,2,13,0,0,0,1,1,4,0,5,0.085582,360,0.0076073,0.03125
4,10,3,12,0,0,1,0,1,4,0,5,-0.13975,-240,0.018634,0.03125
4,10,4,10,0,0,0,0,1,4,1,4,0.15625,120,0.041667,0.03125
4,10,4,11,0,0,0,1,1,4,1,4,0.13975,240,0.018634,0.03125
4,10,5,10,0,0,1,0,1,4,1,4,-0.11049,-120,0.029463,0.03125
4,10,6,8,0,0,0,0,1,4,2,3,0.22097,120,0.058926,0.03125
4,10,6,9,0,0,0,1,1,4,2,3,0.11049,120,0.029463,0.03125
4,10,7,8,0,0,1,0,1,4,2,3,-1.5108e-17,-1.4211e-14,0.034021,0.03125
4,10,8,6,0,0,0,0,1,4,3,2,0.22097,120,0.058926,0.03125
4,10,8,7,0,0,0,1,1,4,3,2,-1.5108e-17,-1.4211e-14,0.034021,0.03125
4,10,9,6,0,0,1,0,1,4,3,2,0.11049,120,0.029463,0.03125
4,10,10,4,0,0,0,0,1,4,4,1,0.15625,120,0.041667,0.03125
4,10,10,5,0,0,0,1,1,4,4,1,-0.11049,-120,0.029463,0.03125
4,10,11,4,0,0,1,0,1,4,4,1,0.13975,240,0.018634,0.03125
4,10,12,2,0,0,0,0,1,4,5,0,0.069877,120,0.018634,0.03125
4,10,12,3,0,0,0,1,1,4,5,0,-0.13975,-240,0.018634,0.03125
4,10,13,2,0,0,1,0,1,4,5,0,0.085582,360,0.0076073,0.03125
4,10,14,1,0,0,0,0,1,4,6,-1,0.085582,720,0.0076073,0.015625
4,11,2,12,0,1,0,0,1,4,0,5,0.0625,240,0.0083333,0.03125
4,11,4,10,0,1,0,0,1,4,1,4,0.13975,240,0.018634,0.03125
4,11,6,8,0,1,0,0,1,4,2,3,0.19764,240,0.026352,0.03125
4,11,8,6,0,1,0,0,1,4,3,2,0.19764,240,0.026352,0.03125
4,11,10,4,0,1,0,0,1,4,4,1,0.13975,240,0.018634,0.03125
4,11,12,2,0,1,0,0,1,4,5,0,0.0625,240,0.0083333,0.03125
4,12,1,16,0,0,0,0,1,5,-1,7,0.050631,5040,0.0012859,0.0078125
4,12,2,14,0,0,0,0,1,5,0,6,0.038273,720,0.0034021,0.015625
4,12,2,15,0,0,0,1,1,5,0,6,0.050631,2520,0.0012859,0.015625
4,12,3,14,0,0,1,0,1,5,0,6,-0.095683,-1800,0.0034021,0.015625
4,12,4,12,0,0,0,0,1,5,1,5,0.09375,720,0.0083333,0.015625
4,12,4,13,0,0,0,1,1,5,1,5,0.095683,1800,0.0034021,0.015625
4,12,5,12,0,0,1,0,1,5,1,5,-0.099437,-1080,0.0058926,0.015625
4,12,6,10,0,0,0,0,1,5,2,4,0.14823,720,0.013176,0.015625
4,12,6,11,0,0,0,1,1,5,2,4,0.099437,1080,0.0058926,0.015625
4,12,7,10,0,0,1,0,1,5,2,4,-0.042791,-360,0.0076073,0.015625
4,12,8,8,0,0,0,0,1,5,3,3,0.17116,720,0.015215,0.015625
4,12,8,9,0,0,0,1,1,5,3,3,0.042791,360,0.0076073,0.015625
4,12,9,8,0,0,1,0,1,5,3,3,0.042791,360,0.0076073,0.015625
4,12,10,6,0,0,0,0,1,5,4,2,0.14823,720,0.013176,0.015625
4,12,10,7,0,0,0,1,1,5,4,2,-0.042791,-360,0.0076073,0.015625
4,12,11,6,0,0,1,0,1,5,4,2,0.099437,1080,0.0058926,0.015625
4,12,12,4,0,0,0,0,1,5,5,1,0.09375,720,0.0083333,0.015625
4,12,12,5,0,0,0,1,1,5,5,1,-0.099437,-1080,0.0058926,0.015625
4,12,13,4,0,0,1,0,1,5,5,1,0.095683,1800,0.0034021,0.015625
4,12,14,2,0,0,0,0,1,5,6,0,0.038273,720,0.0034021,0.015625
4,12,14,3,0,0,0,1,1,5,6,0,-0.095683,-1800,0.0034021,0.015625
4,12,15,2,0,0,1,0,1,5,6,0,0.050631,2520,0.0012859,0.015625
4,12,16,1,0,0,0,0,1,5,7,-1,0.050631,5040,0.0012859,0.0078125
4,13,2,14,0,1,0,0,1,5,0,6,0.039063,1800,0.0013889,0.015625
4,13,4,12,0,1,0,0,1,5,1,5,0.095683,1800,0.0034021,0.015625
4,13,6,10,0,1,0,0,1,5,2,4,0.15129,1800,0.0053791,0.015625
4,13,8,8,0,1,0,0,1,5,3,3,0.17469,1800,0.0062113,0.015625
4,13,10,6,0,1,0,0,1,5,4,2,0.15129,1800,0.0053791,0.015625
4,13,12,4,0,1,0,0,1,5,5,1,0.095683,1800,0.0034021,0.015625
4,13,14,2,0,1,0,0,1,5,6,0,0.039063,1800,0.0013889,0.015625
4,14,1,18,0,0,0,0,1,6,-1,8,0.029232,40320,0.0001856,0.0039063
4,14,2,16,0,0,0,0,1,6,0,7,0.02067,5040,0.00052495,0.0078125
4,14,2,17,0,0,0,1,1,6,0,7,0.029232,20160,0.0001856,0.0078125
4,14,3,16,0,0,1,0,1,6,0,7,-0.06201,-15120,0.00052495,0.0078125
4,14,4,14,0,0,0,0,1,6,1,6,0.054687,5040,0.0013889,0.0078125
4,14,4,15,0,0,0,1,1,6,1,6,0.06201,15120,0.00052495,0.0078125
4,14,5,14,0,0,1,0,1,6,1,6,-0.07734,-10080,0.00098209,0.0078125
4,14,6,12,0,0,0,0,1,6,2,5,0.094722,5040,0.0024056,0.0078125
4,14,6,13,0,0,0,1,1,6,2,5,0.07734,10080,0.00098209,0.0078125
4,14,7,12,0,0,1,0,1,6,2,5,-0.054687,-5040,0.0013889,0.0078125
4,14,8,10,0,0,0,0,1,6,3,4,0.12228,5040,0.0031056,0.0078125
4,14,8,11,0,0,0,1,1,6,3,4,0.054687,5040,0.0013889,0.0078125
4,14,9,10,0,0,1,0,1,6,3,4,-3.8617e-17,-3.1832e-12,0.0015528,0.0078125
4,14,10,8,0,0,0,0,1,6,4,3,0.12228,5040,0.0031056,0.0078125
4,14,10,9,0,0,0,1,1,6,4,3,-3.8617e-17,-3.1832e-12,0.0015528,0.0078125
4,14,11,8,0,0,1,0,1,6,4,3,0.054687,5040,0.0013889,0.0078125
4,14,12,6,0,0,0,0,1,6,5,2,0.094722,5040,0.0024056,0.0078125
4,14,12,7,0,0,0,1,1,6,5,2,-0.054687,-5040,0.0013889,0.0078125
4,14,13,6,0,0,1,0,1,6,5,2,0.07734,10080,0.00098209,0.0078125
4,14,14,4,0,0,0,0,1,6,6,1,0.054687,5040,0.0013889,0.0078125
4,14,14,5,0,0,0,1,1,6,6,1,-0.07734,-10080,0.00098209,0.0078125
4,14,15,4,0,0,1,0,1,6,6,1,0.06201,15120,0.00052495,0.0078125
4,14,16,2,0,0,0,0,1,6,7,0,0.02067,5040,0.00052495,0.0078125
4,14,16,3,0,0,0,1,1,6,7,0,-0.06201,-15120,0.00052495,0.0078125
4,14,17,2,0,0,1,0,1,6,7,0,0.029232,20160,0.0001856,0.0078125
4,14,18,1,0,0,0,0,1,6,8,-1,0.029232,40320,0.0001856,0.0039063
4,15,2,16,0,1,0,0,1,6,0,7,0.023437,15120,0.00019841,0.0078125
4,15,4,14,0,1,0,0,1,6,1,6,0.06201,15120,0.00052495,0.0078125
4,15,6,12,0,1,0,0,1,6,2,5,0.1074,15120,0.00090924,0.0078125
4,15,8,10,0,1,0,0,1,6,3,4,0.13866,15120,0.0011738,0.0078125
4,15,10,8,0,1,0,0,1,6,4,3,0.13866,15120,0.0011738,0.0078125
4,15,12,6,0,1,0,0,1,6,5,2,0.1074,15120,0.00090924,0.0078125
4,15,14,4,0,1,0,0,1,6,6,1,0.06201,15120,0.00052495,0.0078125
4,15,16,2,0,1,0,0,1,6,7,0,0.023437,15120,0.00019841,0.0078125
4,16,2,18,0,0,0,0,1,7,0,8,0.011049,40320,7.0149e-05,0.0039063
4,16,3,18,0,0,1,0,1,7,0,8,-0.03867,-1.4112e+05,7.0149e-05,0.0039063
4,16,4,16,0,0,0,0,1,7,1,7,0.03125,40320,0.00019841,0.0039063
4,16,4,17,0,0,0,1,1,7,1,7,0.03867,1.4112e+05,7.0149e-05,0.0039063
4,16,5,16,0,0,1,0,1,7,1,7,-0.055243,-1.008e+05,0.0001403,0.0039063
4,16,6,14,0,0,0,0,1,7,2,6,0.058463,40320,0.0003712,0.0039063
4,16,6,15,0,0,0,1,1,7,2,6,0.055243,1.008e+05,0.0001403,0.0039063
4,16,7,14,0,0,1,0,1,7,2,6,-0.050631,-60480,0.00021431,0.0039063
4,16,8,12,0,0,0,0,1,7,3,5,0.08268,40320,0.00052495,0.0039063
4,16,8,13,0,0,0,1,1,7,3,5,0.050631,60480,0.00021431,0.0039063
4,16,9,12,0,0,1,0,1,7,3,5,-0.02067,-20160,0.00026248,0.0039063
4,16,10,10,0,0,0,0,1,7,4,4,0.092439,40320,0.00058691,0.0039063
4,16,10,11,0,0,0,1,1,7,4,4,0.02067,20160,0.00026248,0.0039063
4,16,11,10,0,0,1,0,1,7,4,4,0.02067,20160,0.00026248,0.0039063
4,16,12,8,0,0,0,0,1,7,5,3,0.08268,40320,0.00052495,0.0039063
4,16,12,9,0,0,0,1,1,7,5,3,-0.02067,-20160,0.00026248,0.0039063
4,16,13,8,0,0,1,0,1,7,5,3,0.050631,60480,0.00021431,0.0039063
4,16,14,6,0,0,0,0,1,7,6,2,0.058463,40320,0.0003712,0.0039063
4,16,14,7,0,0,0,1,1,7,6,2,-0.050631,-60480,0.00021431,0.0039063
4,16,15,6,0,0,1,0,1,7,6,2,0.055243,1.008e+05,0.0001403,0.0039063
4,16,16,4,0,0,0,0,1,7,7,1,0.03125,40320,0.00019841,0.0039063
4,16,16,5,0,0,0,1,1,7,7,1,-0.055243,-1.008e+05,0.0001403,0.0039063
4,16,17,4,0,0,1,0,1,7,7,1,0.03867,1.4112e+05,7.0149e-05,0.0039063
4,16,18,2,0,0,0,0,1,7,8,0,0.011049,40320,7.0149e-05,0.0039063
4,16,18,3,0,0,0,1,1,7,8,0,-0.03867,-1.4112e+05,7.0149e-05,0.0039063
4,17,2,18,0,1,0,0,1,7,0,8,0.013672,1.4112e+05,2.4802e-05,0.0039063
4,17,4,16,0,1,0,0,1,7,1,7,0.03867,1.4112e+05,7.0149e-05,0.0039063
4,17,6,14,0,1,0,0,1,7,2,6,0.072345,1.4112e+05,0.00013124,0.0039063
4,17,8,12,0,1,0,0,1,7,3,5,0.10231,1.4112e+05,0.0001856,0.0039063
4,17,10,10,0,1,0,0,1,7,4,4,0.11439,1.4112e+05,0.0002075,0.0039063
4,17,12,8,0,1,0,0,1,7,5,3,0.10231,1.4112e+05,0.0001856,0.0039063
4,17,14,6,0,1,0,0,1,7,6,2,0.072345,1.4112e+05,0.00013124,0.0039063
4,17,16,4,0,1,0,0,1,7,7,1,0.03867,1.4112e+05,7.0149e-05,0.0039063
4,17,18,2,0,1,0,0,1,7,8,0,0.013672,1.4112e+05,2.4802e-05,0.0039063
5,2,2,4,1,0,0,0,1,0,0,1,0.35355,1,0.70711,0.5
5,2,4,2,1,0,0,0,1,0,1,0,0.35355,1,0.70711,0.5
5,4,2,6,1,0,0,0,1,1,0,2,0.125,1,0.5,0.25
5,4,4,4,1,0,0,0,1,1,1,1,0.17678,1,0.70711,0.25
5,4,6,2,1,0,0,0,1,1,2,0,0.125,1,0.5,0.25
5,6,2,8,1,0,0,0,1,2,0,3,0,0,0.20412,0.125
5,6,4,6,1,0,0,0,1,2,1,2,0,0,0.35355,0.125
5,6,6,4,1,0,0,0,1,2,2,1,0,0,0.35355,0.125
5,6,8,2,1,0,0,0,1,2,3,0,0,0,0.20412,0.125
5,8,2,10,1,0,0,0,1,3,0,4,-0.044194,-12,0.058926,0.0625
5,8,4,8,1,0,0,0,1,3,1,3,-0.088388,-12,0.11785,0.0625
5,8,6,6,1,0,0,0,1,3,2,2,-0.10825,-12,0.14434,0.0625
5,8,8,4,1,0,0,0,1,3,3,1,-0.088388,-12,0.11785,0.0625
5,8,10,2,1,0,0,0,1,3,4,0,-0.044194,-12,0.058926,0.0625
5,10,2,12,1,0,0,0,1,4,0,5,-0.049411,-120,0.013176,0.03125
5,10,4,10,1,0,0,0,1,4,1,4,-0.11049,-120,0.029463,0.03125
5,10,6,8,1,0,0,0,1,4,2,3,-0.15625,-120,0.041667,0.03125
5,10,8,6,1,0,0,0,1,4,3,2,-0.15625,-120,0.041667,0.03125
5,10,10,4,1,0,0,0,1,4,4,1,-0.11049,-120,0.029463,0.03125
5,10,12,2,1,0,0,0,1,4,5,0,-0.049411,-120,0.013176,0.03125
5,12,2,14,1,0,0,0,1,5,0,6,-0.040595,-1080,0.0024056,0.015625
5,12,4,12,1,0,0,0,1,5,1,5,-0.099437,-1080,0.0058926,0.015625
5,12,6,10,1,0,0,0,1,5,2,4,-0.15722,-1080,0.0093169,0.015625
5,12,8,8,1,0,0,0,1,5,3,3,-0.18155,-1080,0.010758,0.015625
5,12,10,6,1,0,0,0,1,5,4,2,-0.15722,-1080,0.0093169,0.015625
5,12,12,4,1,0,0,0,1,5,5,1,-0.099437,-1080,0.0058926,0.015625
5,12,14,2,1,0,0,0,1,5,6,0,-0.040595,-1080,0.0024056,0.015625
5,14,2,16,1,0,0,0,1,6,0,7,-0.029232,-10080,0.0003712,0.0078125
5,14,4,14,1,0,0,0,1,6,1,6,-0.07734,-10080,0.00098209,0.0078125
5,14,6,12,1,0,0,0,1,6,2,5,-0.13396,-10080,0.001701,0.0078125
5,14,8,10,1,0,0,0,1,6,3,4,-0.17294,-10080,0.002196,0.0078125
5,14,10,8,1,0,0,0,1,6,4,3,-0.17294,-10080,0.002196,0.0078125
5,14,12,6,1,0,0,0,1,6,5,2,-0.13396,-10080,0.001701,0.0078125
5,14,14,4,1,0,0,0,1,6,6,1,-0.07734,-10080,0.00098209,0.0078125
5,14,16,2,1,0,0,0,1,6,7,0,-0.029232,-10080,0.0003712,0.0078125
5,16,2,18,1,0,0,0,1,7,0,8,-0.019531,-1.008e+05,4.9603e-05,0.0039063
5,16,4,16,1,0,0,0,1,7,1,7,-0.055243,-1.008e+05,0.0001403,0.0039063
5,16,6,14,1,0,0,0,1,7,2,6,-0.10335,-1.008e+05,0.00026248,0.0039063
5,16,8,12,1,0,0,0,1,7,3,5,-0.14616,-1.008e+05,0.0003712,0.0039063
5,16,10,10,1,0,0,0,1,7,4,4,-0.16341,-1.008e+05,0.00041501,0.0039063
5,16,12,8,1,0,0,0,1,7,5,3,-0.14616,-1.008e+05,0.0003712,0.0039063
5,16,14,6,1,0,0,0,1,7,6,2,-0.10335,-1.008e+05,0.00026248,0.0039063
5,16,16,4,1,0,0,0,1,7,7,1,-0.055243,-1.008e+05,0.0001403,0.0039063
5,16,18,2,1,0,0,0,1,7,8,0,-0.019531,-1.008e+05,4.9603e-05,0.0039063
6,1,2,4,0,0,0,0,2,-1,0,1,0.35355,2,0.70711,0.25
6,1,4,2,0,0,0,0,2,-1,1,0,0.35355,2,0.70711,0.25
6,2,1,8,0,0,0,0,2,0,-1,3,0.21651,6,0.28868,0.125
6,2,2,6,0,0,0,0,2,0,0,2,0.25,2,0.5,0.25
6,2,2,7,0,0,0,1,2,0,0,2,0.21651,3,0.28868,0.25
6,2,3,6,0,0,1,0,2,0,0,2,-0.125,-1,0.5,0.25
6,2,4,4,0,0,0,0,2,0,1,1,0.35355,2,0.70711,0.25
6,2,4,5,0,0,0,1,2,0,1,1,0.125,1,0.5,0.25
6,2,5,4,0,0,1,0,2,0,1,1,0.125,1,0.5,0.25
6,2,6,2,0,0,0,0,2,0,2,0,0.25,2,0.5,0.25
6,2,6,3,0,0,0,1,2,0,2,0,-0.125,-1,0.5,0.25
6,2,7,2,0,0,1,0,2,0,2,0,0.21651,3,0.28868,0.25
6,2,8,1,0,0,0,0,2,0,3,-1,0.21651,6,0.28868,0.125
6,3,2,6,0,1,0,0,2,0,0,2,-0.125,-1,0.5,0.25
6,3,4,4,0,1,0,0,2,0,1,1,-0.17678,-1,0.70711,0.25
6,3,6,2,0,1,0,0,2,0,2,0,-0.125,-1,0.5,0.25
6,4,1,10,0,0,0,0,2,1,-1,4,0.21651,24,0.14434,0.0625
6,4,2,8,0,0,0,0,2,1,0,3,0.21651,6,0.28868,0.125
6,4,2,9,0,0,0,1,2,1,0,3,0.21651,12,0.14434,0.125
6,4,3,8,0,0,1,0,2,1,0,3,-0.21651,-6,0.28868,0.125
6,4,4,6,0,0,0,0,2,1,1,2,0.375,6,0.5,0.125
6,4,4,7,0,0,0,1,2,1,1,2,0.21651,6,0.28868,0.125
6,4,5,6,0,0,1,0,2,1,1,2,0,0,0.35355,0.125
6,4,6,4,0,0,0,0,2,1,2,1,0.375,6,0.5,0.125
6,4,6,5,0,0,0,1,2,1,2,1,0,0,0.35355,0.125
6,4,7,4,0,0,1,0,2,1,2,1,0.21651,6,0.28868,0.125
6,4,8,2,0,0,0,0,2,1,3,0,0.21651,6,0.28868,0.125
6,4,8,3,0,0,0,1,2,1,3,0,-0.21651,-6,0.28868,0.125
6,4,9,2,0,0,1,0,2,1,3,0,0.21651,12,0.14434,0.125
6,4,10,1,0,0,0,0,2,1,4,-1,0.21651,24,0.14434,0.0625
6,5,2,8,0,1,0,0,2,1,0,3,0,0,0.20412,0.125
6,5,4,6,0,1,0,0,2,1,1,2,0,0,0.35355,0.125
6,5,6,4,0,1,0,0,2,1,2,1,0,0,0.35355,0.125
6,5,8,2,0,1,0,0,2,1,3,0,0,0,0.20412,0.125
6,6,1,12,0,0,0,0,2,2,-1,5,0.17116,120,0.045644,0.03125
6,6,2,10,0,0,0,0,2,2,0,4,0.15309,24,0.10206,0.0625
6,6,2,11,0,0,0,1,2,2,0,4,0.17116,60,0.045644,0.0625
6,6,3,10,0,0,1,0,2,2,0,4,-0.22964,-36,0.10206,0.0625
6,6,4,8,0,0,0,0,2,2,1,3,0.30619,24,0.20412,0.0625
6,6,4,9,0,0,0,1,2,2,1,3,0.22964,36,0.10206,0.0625
6,6,5,8,0,0,1,0,2,2,1,3,-0.10825,-12,0.14434,0.0625
6,6,6,6,0,0,0,0,2,2,2,2,0.375,24,0.25,0.0625
6,6,6,7,0,0,0,1,2,2,2,2,0.10825,12,0.14434,0.0625
6,6,7,6,0,0,1,0,2,2,2,2,0.10825,12,0.14434,0.0625
6,6,8,4,0,0,0,0,2,2,3,1,0.30619,24,0.20412,0.0625
6,6,8,5,0,0,0,1,2,2,3,1,-0.10825,-12,0.14434,0.0625
6,6,9,4,0,0,1,0,2,2,3,1,0.22964,36,0.10206,0.0625
6,6,10,2,0,0,0,0,2,2,4,0,0.15309,24,0.10206,0.0625
6,6,10,3,0,0,0,1,2,2,4,0,-0.22964,-36,0.10206,0.0625
6,6,11,2,0,0,1,0,2,2,4,0,0.17116,60,0.045644,0.0625
6,6,12,1,0,0,0,0,2,2,5,-1,0.17116,120,0.045644,0.03125
6,7,2,10,0,1,0,0,2,2,0,4,0.044194,12,0.058926,0.0625
6,7,4,8,0,1,0,0,2,2,1,3,0.088388,12,0.11785,0.0625
6,7,6,6,0,1,0,0,2,2,2,2,0.10825,12,0.14434,0.0625
6,7,8,4,0,1,0,0,2,2,3,1,0.088388,12,0.11785,0.0625
6,7,10,2,0,1,0,0,2,2,4,0,0.044194,12,0.058926,0.0625
6,8,1,14,0,0,0,0,2,3,-1,6,0.12103,720,0.010758,0.015625
6,8,2,12,0,0,0,0,2,3,0,5,0.098821,120,0.026352,0.03125
6,8,2,13,0,0,0,1,2,3,0,5,0.12103,360,0.010758,0.03125
6,8,3,12,0,0,1,0,2,3,0,5,-0.19764,-240,0.026352,0.03125
6,8,4,10,0,0,0,0,2,3,1,4,0.22097,120,0.058926,0.03125
6,8,4,11,0,0,0,1,2,3,1,4,0.19764,240,0.026352,0.03125
6,8,5,10,0,0,1,0,2,3,1,4,-0.15625,-120,0.041667,0.03125
6,8,6,8,0,0,0,0,2,3,2,3,0.3125,120,0.083333,0.03125
6,8,6,9,0,0,0,1,2,3,2,3,0.15625,120,0.041667,0.03125
6,8,7,8,0,0,1,0,2,3,2,3,-2.1366e-17,-1.4211e-14,0.048113,0.03125
6,8,8,6,0,0,0,0,2,3,3,2,0.3125,120,0.083333,0.03125
6,8,8,7,0,0,0,1,2,3,3,2,-2.1366e-17,-1.4211e-14,0.048113,0.03125
6,8,9,6,0,0,1,0,2,3,3,2,0.15625,120,0.041667,0.03125
6,8,10,4,0,0,0,0,2,3,4,1,0.22097,120,0.058926,0.03125
6,8,10,5,0,0,0,1,2,3,4,1,-0.15625,-120,0.041667,0.03125
6,8,11,4,0,0,1,0,2,3,4,1,0.19764,240,0.026352,0.03125
6,8,12,2,0,0,0,0,2,3,5,0,0.098821,120,0.026352,0.03125
6,8,12,3,0,0,0,1,2,3,5,0,-0.19764,-240,0.026352,0.03125
6,8,13,2,0,0,1,0,2,3,5,0,0.12103,360,0.010758,0.03125
6,8,14,1,0,0,0,0,2,3,6,-1,0.12103,720,0.010758,0.015625
6,9,2,12,0,1,0,0,2,3,0,5,0.049411,120,0.013176,0.03125
6,9,4,10,0,1,0,0,2,3,1,4,0.11049,120,0.029463,0.03125
6,9,6,8,0,1,0,0,2,3,2,3,0.15625,120,0.041667,0.03125
6,9,8,6,0,1,0,0,2,3,3,2,0.15625,120,0.041667,0.03125
6,9,10,4,0,1,0,0,2,3,4,1,0.11049,120,0.029463,0.03125
6,9,12,2,0,1,0,0,2,3,5,0,0.049411,120,0.013176,0.03125
6,10,1,16,0,0,0,0,2,4,-1,7,0.080054,5040,0.0020331,0.0078125
6,10,2,14,0,0,0,0,2,4,0,6,0.060515,720,0.0053791,0.015625
6,10,2,15,0,0,0,1,2,4,0,6,0.080054,2520,0.0020331,0.015625
6,10,3,14,0,0,1,0,2,4,0,6,-0.15129,-1800,0.0053791,0.015625
6,10,4,12,0,0,0,0,2,4,1,5,0.14823,720,0.013176,0.015625
6,10,4,13,0,0,0,1,2,4,1,5,0.15129,1800,0.0053791,0.015625
6,10,5,12,0,0,1,0,2,4,1,5,-0.15722,-1080,0.0093169,0.015625
6,10,6,10,0,0,0,0,2,4,2,4,0.23437,720,0.020833,0.015625
6,10,6,11,0,0,0,1,2,4,2,4,0.15722,1080,0.0093169,0.015625
6,10,7,10,0,0,1,0,2,4,2,4,-0.067658,-360,0.012028,0.015625
6,10,8,8,0,0,0,0,2,4,3,3,0.27063,720,0.024056,0.015625
6,10,8,9,0,0,0,1,2,4,3,3,0.067658,360,0.012028,0.015625
6,10,9,8,0,0,1,0,2,4,3,3,0.067658,360,0.012028,0.015625
6,10,10,6,0,0,0,0,2,4,4,2,0.23437,720,0.020833,0.015625
6,10,10,7,0,0,0,1,2,4,4,2,-0.067658,-360,0.012028,0.015625
6,10,11,6,0,0,1,0,2,4,4,2,0.15722,1080,0.0093169,0.015625
6,10,12,4,0,0,0,0,2,4,5,1,0.14823,720,0.013176,0.015625
6,10,12,5,0,0,0,1,2,4,5,1,-0.15722,-1080,0.0093169,0.015625
6,10,13,4,0,0,1,0,2,4,5,1,0.15129,1800,0.0053791,0.015625
6,10,14,2,0,0,0,0,2,4,6,0,0.060515,720,0.0053791,0.015625
6,10,14,3,0,0,0,1,2,4,6,0,-0.15129,-1800,0.0053791,0.015625
6,10,15,2,0,0,1,0,2,4,6,0,0.080054,2520,0.0020331,0.015625
6,10,16,1,0,0,0,0,2,4,7,-1,0.080054,5040,0.0020331,0.0078125
6,11,2,14,0,1,0,0,2,4,0,6,0.040595,1080,0.0024056,0.015625
6,11,4,12,0,1,0,0,2,4,1,5,0.099437,1080,0.0058926,0.015625
6,11,6,10,0,1,0,0,2,4,2,4,0.15722,1080,0.0093169,0.015625
6,11,8,8,0,1,0,0,2,4,3,3,0.18155,1080,0.010758,0.015625
6,11,10,6,0,1,0,0,2,4,4,2,0.15722,1080,0.0093169,0.015625
6,11,12,4,0,1,0,0,2,4,5,1,0.099437,1080,0.0058926,0.015625
6,11,14,2,0,1,0,0,2,4,6,0,0.040595,1080,0.0024056,0.015625
6,12,1,18,0,0,0,0,2,5,-1,8,0.050631,40320,0.00032147,0.0039063
6,12,2,16,0,0,0,0,2,5,0,7,0.035801,5040,0.00090924,0.0078125
6,12,2,17,0,0,0,1,2,5,0,7,0.050631,20160,0.00032147,0.0078125
6,12,3,16,0,0,1,0,2,5,0,7,-0.1074,-15120,0.00090924,0.0078125
6,12,4,14,0,0,0,0,2,5,1,6,0.094722,5040,0.0024056,0.0078125
6,12,4,15,0,0,0,1,2,5,1,6,0.1074,15120,0.00090924,0.0078125
6,12,5,14,0,0,1,0,2,5,1,6,-0.13396,-10080,0.001701,0.0078125
6,12,6,12,0,0,0,0,2,5,2,5,0.16406,5040,0.0041667,0.0078125
6,12,6,13,0,0,0,1,2,5,2,5,0.13396,10080,0.001701,0.0078125
6,12,7,12,0,0,1,0,2,5,2,5,-0.094722,-5040,0.0024056,0.0078125
6,12,8,10,0,0,0,0,2,5,3,4,0.2118,5040,0.0053791,0.0078125
6,12,8,11,0,0,0,1,2,5,3,4,0.094722,5040,0.0024056,0.0078125
6,12,9,10,0,0,1,0,2,5,3,4,-6.6887e-17,-3.1832e-12,0.0026896,0.0078125
6,12,10,8,0,0,0,0,2,5,4,3,0.2118,5040,0.0053791,0.0078125
6,12,10,9,0,0,0,1,2,5,4,3,-6.6887e-17,-3.1832e-12,0.0026896,0.0078125
6,12,11,8,0,0,1,0,2,5,4,3,0.094722,5040,0.0024056,0.0078125
6,12,12,6,0,0,0,0,2,5,5,2,0.16406,5040,0.0041667,0.0078125
6,12,12,7,0,0,0,1,2,5,5,2,-0.094722,-5040,0.0024056,0.0078125
6,12,13,6,0,0,1,0,2,5,5,2,0.13396,10080,0.001701,0.0078125
6,12,14,4,0,0,0,0,2,5,6,1,0.094722,5040,0.0024056,0.0078125
6,12,14,5,0,0,0,1,2,5,6,1,-0.13396,-10080,0.001701,0.0078125
6,12,15,4,0,0,1,0,2,5,6,1,0.1074,15120,0.00090924,0.0078125
6,12,16,2,0,0,0,0,2,5,7,0,0.035801,5040,0.00090924,0.0078125
6,12,16,3,0,0,0,1,2,5,7,0,-0.1074,-15120,0.00090924,0.0078125
6,12,17,2,0,0,1,0,2,5,7,0,0.050631,20160,0.00032147,0.0078125
6,12,18,1,0,0,0,0,2,5,8,-1,0.050631,40320,0.00032147,0.0039063
6,13,2,16,0,1,0,0,2,5,0,7,0.029232,10080,0.0003712,0.0078125
6,13,4,14,0,1,0,0,2,5,1,6,0.07734,10080,0.00098209,0.0078125
6,13,6,12,0,1,0,0,2,5,2,5,0.13396,10080,0.001701,0.0078125
6,13,8,10,0,1,0,0,2,5,3,4,0.17294,10080,0.002196,0.0078125
6,13,10,8,0,1,0,0,2,5,4,3,0.17294,10080,0.002196,0.0078125
6,13,12,6,0,1,0,0,2,5,5,2,0.13396,10080,0.001701,0.0078125
6,13,14,4,0,1,0,0,2,5,6,1,0.07734,10080,0.00098209,0.0078125
6,13,16,2,0,1,0,0,2,5,7,0,0.029232,10080,0.0003712,0.0078125
6,14,2,18,0,0,0,0,2,6,0,8,0.02067,40320,0.00013124,0.0039063
6,14,3,18,0,0,1,0,2,6,0,8,-0.072345,-1.4112e+05,0.00013124,0.0039063
6,14,4,16,0,0,0,0,2,6,1,7,0.058463,40320,0.0003712,0.0039063
6,14,4,17,0,0,0,1,2,6,1,7,0.072345,1.4112e+05,0.00013124,0.0039063
6,14,5,16,0,0,1,0,2,6,1,7,-0.10335,-1.008e+05,0.00026248,0.0039063
6,14,6,14,0,0,0,0,2,6,2,6,0.10937,40320,0.00069444,0.0039063
6,14,6,15,0,0,0,1,2,6,2,6,0.10335,1.008e+05,0.00026248,0.0039063
6,14,7,14,0,0,1,0,2,6,2,6,-0.094722,-60480,0.00040094,0.0039063
6,14,8,12,0,0,0,0,2,6,3,5,0.15468,40320,0.00098209,0.0039063
6,14,8,13,0,0,0,1,2,6,3,5,0.094722,60480,0.00040094,0.0039063
6,14,9,12,0,0,1,0,2,6,3,5,-0.03867,-20160,0.00049105,0.0039063
6,14,10,10,0,0,0,0,2,6,4,4,0.17294,40320,0.001098,0.0039063
6,14,10,11,0,0,0,1,2,6,4,4,0.03867,20160,0.00049105,0.0039063
6,14,11,10,0,0,1,0,2,6,4,4,0.03867,20160,0.00049105,0.0039063
6,14,12,8,0,0,0,0,2,6,5,3,0.15468,40320,0.00098209,0.0039063
6,14,12,9,0,0,0,1,2,6,5,3,-0.03867,-20160,0.00049105,0.0039063
6,14,13,8,0,0,1,0,2,6,5,3,0.094722,60480,0.00040094,0.0039063
6,14,14,6,0,0,0,0,2,6,6,2,0.10937,40320,0.00069444,0.0039063
6,14,14,7,0,0,0,1,2,6,6,2,-0.094722,-60480,0.00040094,0.0039063
6,14,15,6,0,0,1,0,2,6,6,2,0.10335,1.008e+05,0.00026248,0.0039063
6,14,16,4,0,0,0,0,2,6,7,1,0.058463,40320,0.0003712,0.0039063
6,14,16,5,0,0,0,1,2,6,7,1,-0.10335,-1.008e+05,0.00026248,0.0039063
6,14,17,4,0,0,1,0,2,6,7,1,0.072345,1.4112e+05,0.00013124,0.0039063
6,14,18,2,0,0,0,0,2,6,8,0,0.02067,40320,0.00013124,0.0039063
6,14,18,3,0,0,0,1,2,6,8,0,-0.072345,-1.4112e+05,0.00013124,0.0039063
6,15,2,18,0,1,0,0,2,6,0,8,0.019531,1.008e+05,4.9603e-05,0.0039063
6,15,4,16,0,1,0,0,2,6,1,7,0.055243,1.008e+05,0.0001403,0.0039063
6,15,6,14,0,1,0,0,2,6,2,6,0.10335,1.008e+05,0.00026248,0.0039063
6,15,8,12,0,1,0,0,2,6,3,5,0.14616,1.008e+05,0.0003712,0.0039063
6,15,10,10,0,1,0,0,2,6,4,4,0.16341,1.008e+05,0.00041501,0.0039063
6,15,12,8,0,1,0,0,2,6,5,3,0.14616,1.008e+05,0.0003712,0.0039063
6,15,14,6,0,1,0,0,2,6,6,2,0.10335,1.008e+05,0.00026248,0.0039063
6,15,16,4,0,1,0,0,2,6,7,1,0.055243,1.008e+05,0.0001403,0.0039063
6,15,18,2,0,1,0,0,2,6,8,0,0.019531,1.008e+05,4.9603e-05,0.0039063
7,2,2,6,1,0,0,0,2,0,0,2,0.21651,3,0.28868,0.25
7,2,4,4,1,0,0,0,2,0,1,1,0.30619,3,0.40825,0.25
7,2,6,2,1,0,0,0,2,0,2,0,0.21651,3,0.28868,0.25
7,4,2,8,1,0,0,0,2,1,0,3,0.125,6,0.16667,0.125
7,4,4,6,1,0,0,0,2,1,1,2,0.21651,6,0.28868,0.125
7,4,6,4,1,0,0,0,2,1,2,1,0.21651,6,0.28868,0.125
7,4,8,2,1,0,0,0,2,1,3,0,0.125,6,0.16667,0.125
7,6,2,10,1,0,0,0,2,2,0,4,0.044194,12,0.058926,0.0625
7,6,4,8,1,0,0,0,2,2,1,3,0.088388,12,0.11785,0.0625
7,6,6,6,1,0,0,0,2,2,2,2,0.10825,12,0.14434,0.0625
7,6,8,4,1,0,0,0,2,2,3,1,0.088388,12,0.11785,0.0625
7,6,10,2,1,0,0,0,2,2,4,0,0.044194,12,0.058926,0.0625
7,8,2,12,1,0,0,0,2,3,0,5,-6.7566e-18,-1.4211e-14,0.015215,0.03125
7,8,4,10,1,0,0,0,2,3,1,4,-1.5108e-17,-1.4211e-14,0.034021,0.03125
7,8,6,8,1,0,0,0,2,3,2,3,-2.1366e-17,-1.4211e-14,0.048113,0.03125
7,8,8,6,1,0,0,0,2,3,3,2,-2.1366e-17,-1.4211e-14,0.048113,0.03125
7,8,10,4,1,0,0,0,2,3,4,1,-1.5108e-17,-1.4211e-14,0.034021,0.03125
7,8,12,2,1,0,0,0,2,3,5,0,-6.7566e-18,-1.4211e-14,0.015215,0.03125
7,10,2,14,1,0,0,0,2,4,0,6,-0.017469,-360,0.0031056,0.015625
7,10,4,12,1,0,0,0,2,4,1,5,-0.042791,-360,0.0076073,0.015625
7,10,6,10,1,0,0,0,2,4,2,4,-0.067658,-360,0.012028,0.015625
7,10,8,8,1,0,0,0,2,4,3,3,-0.078125,-360,0.013889,0.015625
7,10,10,6,1,0,0,0,2,4,4,2,-0.067658,-360,0.012028,0.015625
7,10,12,4,1,0,0,0,2,4,5,1,-0.042791,-360,0.0076073,0.015625
7,10,14,2,1,0,0,0,2,4,6,0,-0.017469,-360,0.0031056,0.015625
7,12,2,16,1,0,0,0,2,5,0,7,-0.02067,-5040,0.00052495,0.0078125
7,12,4,14,1,0,0,0,2,5,1,6,-0.054687,-5040,0.0013889,0.0078125
7,12,6,12,1,0,0,0,2,5,2,5,-0.094722,-5040,0.0024056,0.0078125
7,12,8,10,1,0,0,0,2,5,3,4,-0.12228,-5040,0.0031056,0.0078125
7,12,10,8,1,0,0,0,2,5,4,3,-0.12228,-5040,0.0031056,0.0078125
7,12,12,6,1,0,0,0,2,5,5,2,-0.094722,-5040,0.0024056,0.0078125
7,12,14,4,1,0,0,0,2,5,6,1,-0.054687,-5040,0.0013889,0.0078125
7,12,16,2,1,0,0,0,2,5,7,0,-0.02067,-5040,0.00052495,0.0078125
7,14,2,18,1,0,0,0,2,6,0,8,-0.017901,-60480,7.577e-05,0.0039063
7,14,4,16,1,0,0,0,2,6,1,7,-0.050631,-60480,0.00021431,0.0039063
7,14,6,14,1,0,0,0,2,6,2,6,-0.094722,-60480,0.00040094,0.0039063
7,14,8,12,1,0,0,0,2,6,3,5,-0.13396,-60480,0.00056701,0.0039063
7,14,10,10,1,0,0,0,2,6,4,4,-0.14977,-60480,0.00063394,0.0039063
7,14,12,8,1,0,0,0,2,6,5,3,-0.13396,-60480,0.00056701,0.0039063
7,14,14,6,1,0,0,0,2,6,6,2,-0.094722,-60480,0.00040094,0.0039063
7,14,16,4,1,0,0,0,2,6,7,1,-0.050631,-60480,0.00021431,0.0039063
7,14,18,2,1,0,0,0,2,6,8,0,-0.017901,-60480,7.577e-05,0.0039063
8,1,2,6,0,0,0,0,3,-1,0,2,0.21651,6,0.28868,0.125
8,1,4,4,0,0,0,0,3,-1,1,1,0.30619,6,0.40825,0.125
8,1,6,2,0,0,0,0,3,-1,2,0,0.21651,6,0.28868,0.125
8,2,1,10,0,0,0,0,3,0,-1,4,0.125,24,0.083333,0.0625
8,2,2,8,0,0,0,0,3,0,0,3,0.125,6,0.16667,0.125
8,2,2,9,0,0,0,1,3,0,0,3,0.125,12,0.083333,0.125
8,2,3,8,0,0,1,0,3,0,0,3,-0.125,-6,0.16667,0.125
8,2,4,6,0,0,0,0,3,0,1,2,0.21651,6,0.28868,0.125
8,2,4,7,0,0,0,1,3,0,1,2,0.125,6,0.16667,0.125
8,2,5,6,0,0,1,0,3,0,1,2,0,0,0.20412,0.125
8,2,6,4,0,0,0,0,3,0,2,1,0.21651,6,0.28868,0.125
8,2,6,5,0,0,0,1,3,0,2,1,0,0,0.20412,0.125
8,2,7,4,0,0,1,0,3,0,2,1,0.125,6,0.16667,0.125
8,2,8,2,0,0,0,0,3,0,3,0,0.125,6,0.16667,0.125
8,2,8,3,0,0,0,1,3,0,3,0,-0.125,-6,0.16667,0.125
8,2,9,2,0,0,1,0,3,0,3,0,0.125,12,0.083333,0.125
8,2,10,1,0,0,0,0,3,0,4,-1,0.125,24,0.083333,0.0625
8,3,2,8,0,1,0,0,3,0,0,3,-0.125,-6,0.16667,0.125
8,3,4,6,0,1,0,0,3,0,1,2,-0.21651,-6,0.28868,0.125
8,3,6,4,0,1,0,0,3,0,2,1,-0.21651,-6,0.28868,0.125
8,3,8,2,0,1,0,0,3,0,3,0,-0.125,-6,0.16667,0.125
8,4,1,12,0,0,0,0,3,1,-1,5,0.13975,120,0.037268,0.03125
8,4,2,10,0,0,0,0,3,1,0,4,0.125,24,0.083333,0.0625
8,4,2,11,0,0,0,1,3,1,0,4,0.13975,60,0.037268,0.0625
8,4,3,10,0,0,1,0,3,1,0,4,-0.1875,-36,0.083333,0.0625
8,4,4,8,0,0,0,0,3,1,1,3,0.25,24,0.16667,0.0625
8,4,4,9,0,0,0,1,3,1,1,3,0.1875,36,0.083333,0.0625
8,4,5,8,0,0,1,0,3,1,1,3,-0.088388,-12,0.11785,0.0625
8,4,6,6,0,0,0,0,3,1,2,2,0.30619,24,0.20412,0.0625
8,4,6,7,0,0,0,1,3,1,2,2,0.088388,12,0.11785,0.0625
8,4,7,6,0,0,1,0,3,1,2,2,0.088388,12,0.11785,0.0625
8,4,8,4,0,0,0,0,3,1,3,1,0.25,24,0.16667,0.0625
8,4,8,5,0,0,0,1,3,1,3,1,-0.088388,-12,0.11785,0.0625
8,4,9,4,0,0,1,0,3,1,3,1,0.1875,36,0.083333,0.0625
8,4,10,2,0,0,0,0,3,1,4,0,0.125,24,0.083333,0.0625
8,4,10,3,0,0,0,1,3,1,4,0,-0.1875,-36,0.083333,0.0625
8,4,11,2,0,0,1,0,3,1,4,0,0.13975,60,0.037268,0.0625
8,4,12,1,0,0,0,0,3,1,5,-1,0.13975,120,0.037268,0.03125
8,5,2,10,0,1,0,0,3,1,0,4,-0.044194,-12,0.058926,0.0625
8,5,4,8,0,1,0,0,3,1,1,3,-0.088388,-12,0.11785,0.0625
8,5,6,6,0,1,0,0,3,1,2,2,-0.10825,-12,0.14434,0.0625
8,5,8,4,0,1,0,0,3,1,3,1,-0.088388,-12,0.11785,0.0625
8,5,10,2,0,1,0,0,3,1,4,0,-0.044194,-12,0.058926,0.0625
8,6,1,14,0,0,0,0,3,2,-1,6,0.12103,720,0.010758,0.015625
8,6,2,12,0,0,0,0,3,2,0,5,0.098821,120,0.026352,0.03125
8,6,2,13,0,0,0,1,3,2,0,5,0.12103,360,0.010758,0.03125
8,6,3,12,0,0,1,0,3,2,0,5,-0.19764,-240,0.026352,0.03125
8,6,4,10,0,0,0,0,3,2,1,4,0.22097,120,0.058926,0.03125
8,6,4,11,0,0,0,1,3,2,1,4,0.19764,240,0.026352,0.03125
8,6,5,10,0,0,1,0,3,2,1,4,-0.15625,-120,0.041667,0.03125
8,6,6,8,0,0,0,0,3,2,2,3,0.3125,120,0.083333,0.03125
8,6,6,9,0,0,0,1,3,2,2,3,0.15625,120,0.041667,0.03125
8,6,7,8,0,0,1,0,3,2,2,3,-2.1366e-17,-1.4211e-14,0.048113,0.03125
8,6,8,6,0,0,0,0,3,2,3,2,0.3125,120,0.083333,0.03125
8,6,8,7,0,0,0,1,3,2,3,2,-2.1366e-17,-1.4211e-14,0.048113,0.03125
8,6,9,6,0,0,1,0,3,2,3,2,0.15625,120,0.041667,0.03125
8,6,10,4,0,0,0,0,3,2,4,1,0.22097,120,0.058926,0.03125
8,6,10,5,0,0,0,1,3,2,4,1,-0.15625,-120,0.041667,0.03125
8,6,11,4,0,0,1,0,3,2,4,1,0.19764,240,0.026352,0.03125
8,6,12,2,0,0,0,0,3,2,5,0,0.098821,120,0.026352,0.03125
8,6,12,3,0,0,0,1,3,2,5,0,-0.19764,-240,0.026352,0.03125
8,6,13,2,0,0,1,0,3,2,5,0,0.12103,360,0.010758,0.03125
8,6,14,1,0,0,0,0,3,2,6,-1,0.12103,720,0.010758,0.015625
8,7,2,12,0,1,0,0,3,2,0,5,-6.7566e-18,-1.4211e-14,0.015215,0.03125
8,7,4,10,0,1,0,0,3,2,1,4,-1.5108e-17,-1.4211e-14,0.034021,0.03125
8,7,6,8,0,1,0,0,3,2,2,3,-2.1366e-17,-1.4211e-14,0.048113,0.03125
8,7,8,6,0,1,0,0,3,2,3,2,-2.1366e-17,-1.4211e-14,0.048113,0.03125
8,7,10,4,0,1,0,0,3,2,4,1,-1.5108e-17,-1.4211e-14,0.034021,0.03125
8,7,12,2,0,1,0,0,3,2,5,0,-6.7566e-18,-1.4211e-14,0.015215,0.03125
8,8,1,16,0,0,0,0,3,3,-1,7,0.092439,5040,0.0023477,0.0078125
8,8,2,14,0,0,0,0,3,3,0,6,0.069877,720,0.0062113,0.015625
8,8,2,15,0,0,0,1,3,3,0,6,0.092439,2520,0.0023477,0.015625
8,8,3,14,0,0,1,0,3,3,0,6,-0.17469,-1800,0.0062113,0.015625
8,8,4,12,0,0,0,0,3,3,1,5,0.17116,720,0.015215,0.015625
8,8,4,13,0,0,0,1,3,3,1,5,0.17469,1800,0.0062113,0.015625
8,8,5,12,0,0,1,0,3,3,1,5,-0.18155,-1080,0.010758,0.015625
8,8,6,10,0,0,0,0,3,3,2,4,0.27063,720,0.024056,0.015625
8,8,6,11,0,0,0,1,3,3,2,4,0.18155,1080,0.010758,0.015625
8,8,7,10,0,0,1,0,3,3,2,4,-0.078125,-360,0.013889,0.015625
8,8,8,8,0,0,0,0,3,3,3,3,0.3125,720,0.027778,0.015625
8,8,8,9,0,0,0,1,3,3,3,3,0.078125,360,0.013889,0.015625
8,8,9,8,0,0,1,0,3,3,3,3,0.078125,360,0.013889,0.015625
8,8,10,6,0,0,0,0,3,3,4,2,0.27063,720,0.024056,0.015625
8,8,10,7,0,0,0,1,3,3,4,2,-0.078125,-360,0.013889,0.015625
8,8,11,6,0,0,1,0,3,3,4,2,0.18155,1080,0.010758,0.015625
8,8,12,4,0,0,0,0,3,3,5,1,0.17116,720,0.015215,0.015625
8,8,12,5,0,0,0,1,3,3,5,1,-0.18155,-1080,0.010758,0.015625
8,8,13,4,0,0,1,0,3,3,5,1,0.17469,1800,0.0062113,0.015625
8,8,14,2,0,0,0,0,3,3,6,0,0.069877,720,0.0062113,0.015625
8,8,14,3,0,0,0,1,3,3,6,0,-0.17469,-1800,0.0062113,0.015625
8,8,15,2,0,0,1,0,3,3,6,0,0.092439,2520,0.0023477,0.015625
8,8,16,1,0,0,0,0,3,3,7,-1,0.092439,5040,0.0023477,0.0078125
8,9,2,14,0,1,0,0,3,3,0,6,0.017469,360,0.0031056,0.015625
8,9,4,12,0,1,0,0,3,3,1,5,0.042791,360,0.0076073,0.015625
8,9,6,10,0,1,0,0,3,3,2,4,0.067658,360,0.012028,0.015625
8,9,8,8,0,1,0,0,3,3,3,3,0.078125,360,0.013889,0.015625
8,9,10,6,0,1,0,0,3,3,4,2,0.067658,360,0.012028,0.015625
8,9,12,4,0,1,0,0,3,3,5,1,0.042791,360,0.0076073,0.015625
8,9,14,2,0,1,0,0,3,3,6,0,0.017469,360,0.0031056,0.015625
8,10,1,18,0,0,0,0,3,4,-1,8,0.065364,40320,0.00041501,0.0039063
8,10,2,16,0,0,0,0,3,4,0,7,0.046219,5040,0.0011738,0.0078125
8,10,2,17,0,0,0,1,3,4,0,7,0.065364,20160,0.00041501,0.0078125
8,10,3,16,0,0,1,0,3,4,0,7,-0.13866,-15120,0.0011738,0.0078125
8,10,4,14,0,0,0,0,3,4,1,6,0.12228,5040,0.0031056,0.0078125
8,10,4,15,0,0,0,1,3,4,1,6,0.13866,15120,0.0011738,0.0078125
8,10,5,14,0,0,1,0,3,4,1,6,-0.17294,-10080,0.002196,0.0078125
8,10,6,12,0,0,0,0,3,4,2,5,0.2118,5040,0.0053791,0.0078125
8,10,6,13,0,0,0,1,3,4,2,5,0.17294,10080,0.002196,0.0078125
8,10,7,12,0,0,1,0,3,4,2,5,-0.12228,-5040,0.0031056,0.0078125
8,10,8,10,0,0,0,0,3,4,3,4,0.27344,5040,0.0069444,0.0078125
8,10,8,11,0,0,0,1,3,4,3,4,0.12228,5040,0.0031056,0.0078125
8,10,9,10,0,0,1,0,3,4,3,4,-8.6351e-17,-3.1832e-12,0.0034722,0.0078125
8,10,10,8,0,0,0,0,3,4,4,3,0.27344,5040,0.0069444,0.0078125
8,10,10,9,0,0,0,1,3,4,4,3,-8.6351e-17,-3.1832e-12,0.0034722,0.0078125
8,10,11,8,0,0,1,0,3,4,4,3,0.12228,5040,0.0031056,0.0078125
8,10,12,6,0,0,0,0,3,4,5,2,0.2118,5040,0.0053791,0.0078125
8,10,12,7,0,0,0,1,3,4,5,2,-0.12228,-5040,0.0031056,0.0078125
8,10,13,6,0,0,1,0,3,4,5,2,0.17294,10080,0.002196,0.0078125
8,10,14,4,0,0,0,0,3,4,6,1,0.12228,5040,0.0031056,0.0078125
8,10,14,5,0,0,0,1,3,4,6,1,-0.17294,-10080,0.002196,0.0078125
8,10,15,4,0,0,1,0,3,4,6,1,0.13866,15120,0.0011738,0.0078125
8,10,16,2,0,0,0,0,3,4,7,0,0.046219,5040,0.0011738,0.0078125
8,10,16,3,0,0,0,1,3,4,7,0,-0.13866,-15120,0.0011738,0.0078125
8,10,17,2,0,0,1,0,3,4,7,0,0.065364,20160,0.00041501,0.0078125
8,10,18,1,0,0,0,0,3,4,8,-1,0.065364,40320,0.00041501,0.0039063
8,11,2,16,0,1,0,0,3,4,0,7,0.02067,5040,0.00052495,0.0078125
8,11,4,14,0,1,0,0,3,4,1,6,0.054687,5040,0.0013889,0.0078125
8,11,6,12,0,1,0,0,3,4,2,5,0.094722,5040,0.0024056,0.0078125
8,11,8,10,0,1,0,0,3,4,3,4,0.12228,5040,0.0031056,0.0078125
8,11,10,8,0,1,0,0,3,4,4,3,0.12228,5040,0.0031056,0.0078125
8,11,12,6,0,1,0,0,3,4,5,2,0.094722,5040,0.0024056,0.0078125
8,11,14,4,0,1,0,0,3,4,6,1,0.054687,5040,0.0013889,0.0078125
8,11,16,2,0,1,0,0,3,4,7,0,0.02067,5040,0.00052495,0.0078125
8,12,2,18,0,0,0,0,3,5,0,8,0.029232,40320,0.0001856,0.0039063
8,12,3,18,0,0,1,0,3,5,0,8,-0.10231,-1.4112e+05,0.0001856,0.0039063
8,12,4,16,0,0,0,0,3,5,1,7,0.08268,40320,0.00052495,0.0039063
8,12,4,17,0,0,0,1,3,5,1,7,0.10231,1.4112e+05,0.0001856,0.0039063
8,12,5,16,0,0,1,0,3,5,1,7,-0.14616,-1.008e+05,0.0003712,0.0039063
8,12,6,14,0,0,0,0,3,5,2,6,0.15468,40320,0.00098209,0.0039063
8,12,6,15,0,0,0,1,3,5,2,6,0.14616,1.008e+05,0.0003712,0.0039063
8,12,7,14,0,0,1,0,3,5,2,6,-0.13396,-60480,0.00056701,0.0039063
8,12,8,12,0,0,0,0,3,5,3,5,0.21875,40320,0.0013889,0.0039063
8,12,8,13,0,0,0,1,3,5,3,5,0.13396,60480,0.00056701,0.0039063
8,12,9,12,0,0,1,0,3,5,3,5,-0.054688,-20160,0.00069444,0.0039063
8,12,10,10,0,0,0,0,3,5,4,4,0.24457,40320,0.0015528,0.0039063
8,12,10,11,0,0,0,1,3,5,4,4,0.054687,20160,0.00069444,0.0039063
8,12,11,10,0,0,1,0,3,5,4,4,0.054687,20160,0.00069444,0.0039063
8,12,12,8,0,0,0,0,3,5,5,3,0.21875,40320,0.0013889,0.0039063
8,12,12,9,0,0,0,1,3,5,5,3,-0.054688,-20160,0.00069444,0.0039063
8,12,13,8,0,0,1,0,3,5,5,3,0.13396,60480,0.00056701,0.0039063
8,12,14,6,0,0,0,0,3,5,6,2,0.15468,40320,0.00098209,0.0039063
8,12,14,7,0,0,0,1,3,5,6,2,-0.13396,-60480,0.00056701,0.0039063
8,12,15,6,0,0,1,0,3,5,6,2,0.14616,1.008e+05,0.0003712,0.0039063
8,12,16,4,0,0,0,0,3,5,7,1,0.08268,40320,0.00052495,0.0039063
8,12,16,5,0,0,0,1,3,5,7,1,-0.14616,-1.008e+05,0.0003712,0.0039063
8,12,17,4,0,0,1,0,3,5,7,1,0.10231,1.4112e+05,0.0001856,0.0039063
8,12,18,2,0,0,0,0,3,5,8,0,0.029232,40320,0.0001856,0.0039063
8,12,18,3,0,0,0,1,3,5,8,0,-0.10231,-1.4112e+05,0.0001856,0.0039063
8,13,2,18,0,1,0,0,3,5,0,8,0.017901,60480,7.577e-05,0.0039063
8,13,4,16,0,1,0,0,3,5,1,7,0.050631,60480,0.00021431,0.0039063
8,13,6,14,0,1,0,0,3,5,2,6,0.094722,60480,0.00040094,0.0039063
8,13,8,12,0,1,0,0,3,5,3,5,0.13396,60480,0.00056701,0.0039063
8,13,10,10,0,1,0,0,3,5,4,4,0.14977,60480,0.00063394,0.0039063
8,13,12,8,0,1,0,0,3,5,5,3,0.13396,60480,0.00056701,0.0039063
8,13,14,6,0,1,0,0,3,5,6,2,0.094722,60480,0.00040094,0.0039063
8,13,16,4,0,1,0,0,3,5,7,1,0.050631,60480,0.00021431,0.0039063
8,13,18,2,0,1,0,0,3,5,8,0,0.017901,60480,7.577e-05,0.0039063
9,2,2,8,1,0,0,0,3,0,0,3,0.125,12,0.083333,0.125
9,2,4,6,1,0,0,0,3,0,1,2,0.21651,12,0.14434,0.125
9,2,6,4,1,0,0,0,3,0,2,1,0.21651,12,0.14434,0.125
9,2,8,2,1,0,0,0,3,0,3,0,0.125,12,0.083333,0.125
9,4,2,10,1,0,0,0,3,1,0,4,0.09375,36,0.041667,0.0625
9,4,4,8,1,0,0,0,3,1,1,3,0.1875,36,0.083333,0.0625
9,4,6,6,1,0,0,0,3,1,2,2,0.22964,36,0.10206,0.0625
9,4,8,4,1,0,0,0,3,1,3,1,0.1875,36,0.083333,0.0625
9,4,10,2,1,0,0,0,3,1,4,0,0.09375,36,0.041667,0.0625
9,6,2,12,1,0,0,0,3,2,0,5,0.049411,120,0.013176,0.03125
9,6,4,10,1,0,0,0,3,2,1,4,0.11049,120,0.029463,0.03125
9,6,6,8,1,0,0,0,3,2,2,3,0.15625,120,0.041667,0.03125
9,6,8,6,1,0,0,0,3,2,3,2,0.15625,120,0.041667,0.03125
9,6,10,4,1,0,0,0,3,2,4,1,0.11049,120,0.029463,0.03125
9,6,12,2,1,0,0,0,3,2,5,0,0.049411,120,0.013176,0.03125
9,8,2,14,1,0,0,0,3,3,0,6,0.017469,360,0.0031056,0.015625
9,8,4,12,1,0,0,0,3,3,1,5,0.042791,360,0.0076073,0.015625
9,8,6,10,1,0,0,0,3,3,2,4,0.067658,360,0.012028,0.015625
9,8,8,8,1,0,0,0,3,3,3,3,0.078125,360,0.013889,0.015625
9,8,10,6,1,0,0,0,3,3,4,2,0.067658,360,0.012028,0.015625
9,8,12,4,1,0,0,0,3,3,5,1,0.042791,360,0.0076073,0.015625
9,8,14,2,1,0,0,0,3,3,6,0,0.017469,360,0.0031056,0.015625
9,10,2,16,1,0,0,0,3,4,0,7,-1.4596e-17,-3.1832e-12,0.00058691,0.0078125
9,10,4,14,1,0,0,0,3,4,1,6,-3.8617e-17,-3.1832e-12,0.0015528,0.0078125
9,10,6,12,1,0,0,0,3,4,2,5,-6.6887e-17,-3.1832e-12,0.0026896,0.0078125
9,10,8,10,1,0,0,0,3,4,3,4,-8.6351e-17,-3.1832e-12,0.0034722,0.0078125
9,10,10,8,1,0,0,0,3,4,4,3,-8.6351e-17,-3.1832e-12,0.0034722,0.0078125
9,10,12,6,1,0,0,0,3,4,5,2,-6.6887e-17,-3.1832e-12,0.0026896,0.0078125
9,10,14,4,1,0,0,0,3,4,6,1,-3.8617e-17,-3.1832e-12,0.0015528,0.0078125
9,10,16,2,1,0,0,0,3,4,7,0,-1.4596e-17,-3.1832e-12,0.00058691,0.0078125
9,12,2,18,1,0,0,0,3,5,0,8,-0.0073079,-20160,9.2799e-05,0.0039063
9,12,4,16,1,0,0,0,3,5,1,7,-0.02067,-20160,0.00026248,0.0039063
9,12,6,14,1,0,0,0,3,5,2,6,-0.03867,-20160,0.00049105,0.0039063
9,12,8,12,1,0,0,0,3,5,3,5,-0.054688,-20160,0.00069444,0.0039063
9,12,10,10,1,0,0,0,3,5,4,4,-0.061142,-20160,0.00077641,0.0039063
9,12,12,8,1,0,0,0,3,5,5,3,-0.054688,-20160,0.00069444,0.0039063
9,12,14,6,1,0,0,0,3,5,6,2,-0.03867,-20160,0.00049105,0.0039063
9,12,16,4,1,0,0,0,3,5,7,1,-0.02067,-20160,0.00026248,0.0039063
9,12,18,2,1,0,0,0,3,5,8,0,-0.0073079,-20160,9.2799e-05,0.0039063
10,1,2,8,0,0,0,0,4,-1,0,3,0.125,24,0.083333,0.0625
10,1,4,6,0,0,0,0,4,-1,1,2,0.21651,24,0.14434,0.0625
10,1,6,4,0,0,0,0,4,-1,2,1,0.21651,24,0.14434,0.0625
10,1,8,2,0,0,0,0,4,-1,3,0,0.125,24,0.083333,0.0625
10,2,1,12,0,0,0,0,4,0,-1,5,0.069877,120,0.018634,0.03125
10,2,2,10,0,0,0,0,4,0,0,4,0.0625,24,0.041667,0.0625
10,2,2,11,0,0,0,1,4,0,0,4,0.069877,60,0.018634,0.0625
10,2,3,10,0,0,1,0,4,0,0,4,-0.09375,-36,0.041667,0.0625
10,2,4,8,0,0,0,0,4,0,1,3,0.125,24,0.083333,0.0625
10,2,4,9,0,0,0,1,4,0,1,3,0.09375,36,0.041667,0.0625
10,2,5,8,0,0,1,0,4,0,1,3,-0.044194,-12,0.058926,0.0625
10,2,6,6,0,0,0,0,4,0,2,2,0.15309,24,0.10206,0.0625
10,2,6,7,0,0,0,1,4,0,2,2,0.044194,12,0.058926,0.0625
10,2,7,6,0,0,1,0,4,0,2,2,0.044194,12,0.058926,0.0625
10,2,8,4,0,0,0,0,4,0,3,1,0.125,24,0.083333,0.0625
10,2,8,5,0,0,0,1,4,0,3,1,-0.044194,-12,0.058926,0.0625
10,2,9,4,0,0,1,0,4,0,3,1,0.09375,36,0.041667,0.0625
10,2,10,2,0,0,0,0,4,0,4,0,0.0625,24,0.041667,0.0625
10,2,10,3,0,0,0,1,4,0,4,0,-0.09375,-36,0.041667,0.0625
10,2,11,2,0,0,1,0,4,0,4,0,0.069877,60,0.018634,0.0625
10,2,12,1,0,0,0,0,4,0,5,-1,0.069877,120,0.018634,0.03125
10,3,2,10,0,1,0,0,4,0,0,4,-0.09375,-36,0.041667,0.0625
10,3,4,8,0,1,0,0,4,0,1,3,-0.1875,-36,0.083333,0.0625
10,3,6,6,0,1,0,0,4,0,2,2,-0.22964,-36,0.10206,0.0625
10,3,8,4,0,1,0,0,4,0,3,1,-0.1875,-36,0.083333,0.0625
10,3,10,2,0,1,0,0,4,0,4,0,-0.09375,-36,0.041667,0.0625
10,4,1,14,0,0,0,0,4,1,-1,6,0.085582,720,0.0076073,0.015625
10,4,2,12,0,0,0,0,4,1,0,5,0.069877,120,0.018634,0.03125
10,4,2,13,0,0,0,1,4,1,0,5,0.085582,360,0.0076073,0.03125
10,4,3,12,0,0,1,0,4,1,0,5,-0.13975,-240,0.018634,0.03125
10,4,4,10,0,0,0,0,4,1,1,4,0.15625,120,0.041667,0.03125
10,4,4,11,0,0,0,1,4,1,1,4,0.13975,240,0.018634,0.03125
10,4,5,10,0,0,1,0,4,1,1,4,-0.11049,-120,0.029463,0.03125
10,4,6,8,0,0,0,0,4,1,2,3,0.22097,120,0.058926,0.03125
10,4,6,9,0,0,0,1,4,1,2,3,0.11049,120,0.029463,0.03125
10,4,7,8,0,0,1,0,4,1,2,3,-1.5108e-17,-1.4211e-14,0.034021,0.03125
10,4,8,6,0,0,0,0,4,1,3,2,0.22097,120,0.058926,0.03125
10,4,8,7,0,0,0,1,4,1,3,2,-1.5108e-17,-1.4211e-14,0.034021,0.03125
10,4,9,6,0,0,1,0,4,1,3,2,0.11049,120,0.029463,0.03125
10,4,10,4,0,0,0,0,4,1,4,1,0.15625,120,0.041667,0.03125
10,4,10,5,0,0,0,1,4,1,4,1,-0.11049,-120,0.029463,0.03125
10,4,11,4,0,0,1,0,4,1,4,1,0.13975,240,0.018634,0.03125
10,4,12,2,0,0,0,0,4,1,5,0,0.069877,120,0.018634,0.03125
10,4,12,3,0,0,0,1,4,1,5,0,-0.13975,-240,0.018634,0.03125
10,4,13,2,0,0,1,0,4,1,5,0,0.085582,360,0.0076073,0.03125
10,4,14,1,0,0,0,0,4,1,6,-1,0.085582,720,0.0076073,0.015625
10,5,2,12,0,1,0,0,4,1,0,5,-0.049411,-120,0.013176,0.03125
10,5,4,10,0,1,0,0,4,1,1,4,-0.11049,-120,0.029463,0.03125
10,5,6,8,0,1,0,0,4,1,2,3,-0.15625,-120,0.041667,0.03125
10,5,8,6,0,1,0,0,4,1,3,2,-0.15625,-120,0.041667,0.03125
10,5,10,4,0,1,0,0,4,1,4,1,-0.11049,-120,0.029463,0.03125
10,5,12,2,0,1,0,0,4,1,5,0,-0.049411,-120,0.013176,0.03125
10,6,1,16,0,0,0,0,4,2,-1,7,0.080054,5040,0.0020331,0.0078125
10,6,2,14,0,0,0,0,4,2,0,6,0.060515,720,0.0053791,0.015625
10,6,2,15,0,0,0,1,4,2,0,6,0.080054,2520,0.0020331,0.015625
10,6,3,14,0,0,1,0,4,2,0,6,-0.15129,-1800,0.0053791,0.015625
10,6,4,12,0,0,0,0,4,2,1,5,0.14823,720,0.013176,0.015625
10,6,4,13,0,0,0,1,4,2,1,5,0.15129,1800,0.0053791,0.015625
10,6,5,12,0,0,1,0,4,2,1,5,-0.15722,-1080,0.0093169,0.015625
10,6,6,10,0,0,0,0,4,2,2,4,0.23437,720,0.020833,0.015625
10,6,6,11,0,0,0,1,4,2,2,4,0.15722,1080,0.0093169,0.015625
10,6,7,10,0,0,1,0,4,2,2,4,-0.067658,-360,0.012028,0.015625
10,6,8,8,0,0,0,0,4,2,3,3,0.27063,720,0.024056,0.015625
10,6,8,9,0,0,0,1,4,2,3,3,0.067658,360,0.012028,0.015625
10,6,9,8,0,0,1,0,4,2,3,3,0.067658,360,0.012028,0.015625
10,6,10,6,0,0,0,0,4,2,4,2,0.23437,720,0.020833,0.015625
10,6,10,7,0,0,0,1,4,2,4,2,-0.067658,-360,0.012028,0.015625
10,6,11,6,0,0,1,0,4,2,4,2,0.15722,1080,0.0093169,0.015625
10,6,12,4,0,0,0,0,4,2,5,1,0.14823,720,0.013176,0.015625
10,6,12,5,0,0,0,1,4,2,5,1,-0.15722,-1080,0.0093169,0.015625
10,6,13,4,0,0,1,0,4,2,5,1,0.15129,1800,0.0053791,0.015625
10,6,14,2,0,0,0,0,4,2,6,0,0.060515,720,0.0053791,0.015625
10,6,14,3,0,0,0,1,4,2,6,0,-0.15129,-1800,0.0053791,0.015625
10,6,15,2,0,0,1,0,4,2,6,0,0.080054,2520,0.0020331,0.015625
10,6,16,1,0,0,0,0,4,2,7,-1,0.080054,5040,0.0020331,0.0078125
10,7,2,14,0,1,0,0,4,2,0,6,-0.017469,-360,0.0031056,0.015625
10,7,4,12,0,1,0,0,4,2,1,5,-0.042791,-360,0.0076073,0.015625
10,7,6,10,0,1,0,0,4,2,2,4,-0.067658,-360,0.012028,0.015625
10,7,8,8,0,1,0,0,4,2,3,3,-0.078125,-360,0.013889,0.015625
10,7,10,6,0,1,0,0,4,2,4,2,-0.067658,-360,0.012028,0.015625
10,7,12,4,0,1,0,0,4,2,5,1,-0.042791,-360,0.0076073,0.015625
10,7,14,2,0,1,0,0,4,2,6,0,-0.017469,-360,0.0031056,0.015625
10,8,1,18,0,0,0,0,4,3,-1,8,0.065364,40320,0.00041501,0.0039063
10,8,2,16,0,0,0,0,4,3,0,7,0.046219,5040,0.0011738,0.0078125
10,8,2,17,0,0,0,1,4,3,0,7,0.065364,20160,0.00041501,0.0078125
10,8,3,16,0,0,1,0,4,3,0,7,-0.13866,-15120,0.0011738,0.0078125
10,8,4,14,0,0,0,0,4,3,1,6,0.12228,5040,0.0031056,0.0078125
10,8,4,15,0,0,0,1,4,3,1,6,0.13866,15120,0.0011738,0.0078125
10,8,5,14,0,0,1,0,4,3,1,6,-0.17294,-10080,0.002196,0.0078125
10,8,6,12,0,0,0,0,4,3,2,5,0.2118,5040,0.0053791,0.0078125
10,8,6,13,0,0,0,1,4,3,2,5,0.17294,10080,0.002196,0.0078125
10,8,7,12,0,0,1,0,4,3,2,5,-0.12228,-5040,0.0031056,0.0078125
10,8,8,10,0,0,0,0,4,3,3,4,0.27344,5040,0.0069444,0.0078125
10,8,8,11,0,0,0,1,4,3,3,4,0.12228,5040,0.0031056,0.0078125
10,8,9,10,0,0,1,0,4,3,3,4,-8.6351e-17,-3.1832e-12,0.0034722,0.0078125
10,8,10,8,0,0,0,0,4,3,4,3,0.27344,5040,0.0069444,0.0078125
10,8,10,9,0,0,0,1,4,3,4,3,-8.6351e-17,-3.1832e-12,0.0034722,0.0078125
10,8,11,8,0,0,1,0,4,3,4,3,0.12228,5040,0.0031056,0.0078125
10,8,12,6,0,0,0,0,4,3,5,2,0.2118,5040,0.0053791,0.0078125
10,8,12,7,0,0,0,1,4,3,5,2,-0.12228,-5040,0.0031056,0.0078125
10,8,13,6,0,0,1,0,4,3,5,2,0.17294,10080,0.002196,0.0078125
10,8,14,4,0,0,0,0,4,3,6,1,0.12228,5040,0.0031056,0.0078125
10,8,14,5,0,0,0,1,4,3,6,1,-0.17294,-10080,0.002196,0.0078125
10,8,15,4,0,0,1,0,4,3,6,1,0.13866,15120,0.0011738,0.0078125
10,8,16,2,0,0,0,0,4,3,7,0,0.046219,5040,0.0011738,0.0078125
10,8,16,3,0,0,0,1,4,3,7,0,-0.13866,-15120,0.0011738,0.0078125
10,8,17,2,0,0,1,0,4,3,7,0,0.065364,20160,0.00041501,0.0078125
10,8,18,1,0,0,0,0,4,3,8,-1,0.065364,40320,0.00041501,0.0039063
10,9,2,16,0,1,0,0,4,3,0,7,-1.4596e-17,-3.1832e-12,0.00058691,0.0078125
10,9,4,14,0,1,0,0,4,3,1,6,-3.8617e-17,-3.1832e-12,0.0015528,0.0078125
10,9,6,12,0,1,0,0,4,3,2,5,-6.6887e-17,-3.1832e-12,0.0026896,0.0078125
10,9,8,10,0,1,0,0,4,3,3,4,-8.6351e-17,-3.1832e-12,0.0034722,0.0078125
10,9,10,8,0,1,0,0,4,3,4,3,-8.6351e-17,-3.1832e-12,0.0034722,0.0078125
10,9,12,6,0,1,0,0,4,3,5,2,-6.6887e-17,-3.1832e-12,0.0026896,0.0078125
10,9,14,4,0,1,0,0,4,3,6,1,-3.8617e-17,-3.1832e-12,0.0015528,0.0078125
10,9,16,2,0,1,0,0,4,3,7,0,-1.4596e-17,-3.1832e-12,0.00058691,0.0078125
10,10,2,18,0,0,0,0,4,4,0,8,0.032682,40320,0.0002075,0.0039063
10,10,3,18,0,0,1,0,4,4,0,8,-0.11439,-1.4112e+05,0.0002075,0.0039063
10,10,4,16,0,0,0,0,4,4,1,7,0.092439,40320,0.00058691,0.0039063
10,10,4,17,0,0,0,1,4,4,1,7,0.11439,1.4112e+05,0.0002075,0.0039063
10,10,5,16,0,0,1,0,4,4,1,7,-0.16341,-1.008e+05,0.00041501,0.0039063
10,10,6,14,0,0,0,0,4,4,2,6,0.17294,40320,0.001098,0.0039063
10,10,6,15,0,0,0,1,4,4,2,6,0.16341,1.008e+05,0.00041501,0.0039063
10,10,7,14,0,0,1,0,4,4,2,6,-0.14977,-60480,0.00063394,0.0039063
10,10,8,12,0,0,0,0,4,4,3,5,0.24457,40320,0.0015528,0.0039063
10,10,8,13,0,0,0,1,4,4,3,5,0.14977,60480,0.00063394,0.0039063
10,10,9,12,0,0,1,0,4,4,3,5,-0.061142,-20160,0.00077641,0.0039063
10,10,10,10,0,0,0,0,4,4,4,4,0.27344,40320,0.0017361,0.0039063
10,10,10,11,0,0,0,1,4,4,4,4,0.061142,20160,0.00077641,0.0039063
10,10,11,10,0,0,1,0,4,4,4,4,0.061142,20160,0.00077641,0.0039063
10,10,12,8,0,0,0,0,4,4,5,3,0.24457,40320,0.0015528,0.0039063
10,10,12,9,0,0,0,1,4,4,5,3,-0.061142,-20160,0.00077641,0.0039063
10,10,13,8,0,0,1,0,4,4,5,3,0.14977,60480,0.00063394,0.0039063
10,10,14,6,0,0,0,0,4,4,6,2,0.17294,40320,0.001098,0.0039063
10,10,14,7,0,0,0,1,4,4,6,2,-0.14977,-60480,0.00063394,0.0039063
10,10,15,6,0,0,1,0,4,4,6,2,0.16341,1.008e+05,0.00041501,0.0039063
10,10,16,4,0,0,0,0,4,4,7,1,0.092439,40320,0.00058691,0.0039063
10,10,16,5,0,0,0,1,4,4,7,1,-0.16341,-1.008e+05,0.00041501,0.0039063
10,10,17,4,0,0,1,0,4,4,7,1,0.11439,1.4112e+05,0.0002075,0.0039063
10,10,18,2,0,0,0,0,4,4,8,0,0.032682,40320,0.0002075,0.0039063
10,10,18,3,0,0,0,1,4,4,8,0,-0.11439,-1.4112e+05,0.0002075,0.0039063
10,11,2,18,0,1,0,0,4,4,0,8,0.0073079,20160,9.2799e-05,0.0039063
10,11,4,16,0,1,0,0,4,4,1,7,0.02067,20160,0.00026248,0.0039063
10,11,6,14,0,1,0,0,4,4,2,6,0.03867,20160,0.00049105,0.0039063
10,11,8,12,0,1,0,0,4,4,3,5,0.054687,20160,0.00069444,0.0039063
10,11,10,10,0,1,0,0,4,4,4,4,0.061142,20160,0.00077641,0.0039063
10,11,12,8,0,1,0,0,4,4,5,3,0.054687,20160,0.00069444,0.0039063
10,11,14,6,0,1,0,0,4,4,6,2,0.03867,20160,0.00049105,0.0039063
10,11,16,4,0,1,0,0,4,4,7,1,0.02067,20160,0.00026248,0.0039063
10,11,18,2,0,1,0,0,4,4,8,0,0.0073079,20160,9.2799e-05,0.0039063
11,2,2,10,1,0,0,0,4,0,0,4,0.069877,60,0.018634,0.0625
11,2,4,8,1,0,0,0,4,0,1,3,0.13975,60,0.037268,0.0625
11,2,6,6,1,0,0,0,4,0,2,2,0.17116,60,0.045644,0.0625
11,2,8,4,1,0,0,0,4,0,3,1,0.13975,60,0.037268,0.0625
11,2,10,2,1,0,0,0,4,0,4,0,0.069877,60,0.018634,0.0625
11,4,2,12,1,0,0,0,4,1,0,5,0.0625,240,0.0083333,0.03125
11,4,4,10,1,0,0,0,4,1,1,4,0.13975,240,0.018634,0.03125
11,4,6,8,1,0,0,0,4,1,2,3,0.19764,240,0.026352,0.03125
11,4,8,6,1,0,0,0,4,1,3,2,0.19764,240,0.026352,0.03125
11,4,10,4,1,0,0,0,4,1,4,1,0.13975,240,0.018634,0.03125
11,4,12,2,1,0,0,0,4,1,5,0,0.0625,240,0.0083333,0.03125
11,6,2,14,1,0,0,0,4,2,0,6,0.040595,1080,0.0024056,0.015625
11,6,4,12,1,0,0,0,4,2,1,5,0.099437,1080,0.0058926,0.015625
11,6,6,10,1,0,0,0,4,2,2,4,0.15722,1080,0.0093169,0.015625
11,6,8,8,1,0,0,0,4,2,3,3,0.18155,1080,0.010758,0.015625
11,6,10,6,1,0,0,0,4,2,4,2,0.15722,1080,0.0093169,0.015625
11,6,12,4,1,0,0,0,4,2,5,1,0.099437,1080,0.0058926,0.015625
11,6,14,2,1,0,0,0,4,2,6,0,0.040595,1080,0.0024056,0.015625
11,8,2,16,1,0,0,0,4,3,0,7,0.02067,5040,0.00052495,0.0078125
11,8,4,14,1,0,0,0,4,3,1,6,0.054687,5040,0.0013889,0.0078125
11,8,6,12,1,0,0,0,4,3,2,5,0.094722,5040,0.0024056,0.0078125
11,8,8,10,1,0,0,0,4,3,3,4,0.12228,5040,0.0031056,0.0078125
11,8,10,8,1,0,0,0,4,3,4,3,0.12228,5040,0.0031056,0.0078125
11,8,12,6,1,0,0,0,4,3,5,2,0.094722,5040,0.0024056,0.0078125
11,8,14,4,1,0,0,0,4,3,6,1,0.054687,5040,0.0013889,0.0078125
11,8,16,2,1,0,0,0,4,3,7,0,0.02067,5040,0.00052495,0.0078125
11,10,2,18,1,0,0,0,4,4,0,8,0.0073079,20160,9.2799e-05,0.0039063
11,10,4,16,1,0,0,0,4,4,1,7,0.02067,20160,0.00026248,0.0039063
11,10,6,14,1,0,0,0,4,4,2,6,0.03867,20160,0.00049105,0.0039063
11,10,8,12,1,0,0,0,4,4,3,5,0.054687,20160,0.00069444,0.0039063
11,10,10,10,1,0,0,0,4,4,4,4,0.061142,20160,0.00077641,0.0039063
11,10,12,8,1,0,0,0,4,4,5,3,0.054687,20160,0.00069444,0.0039063
11,10,14,6,1,0,0,0,4,4,6,2,0.03867,20160,0.00049105,0.0039063
11,10,16,4,1,0,0,0,4,4,7,1,0.02067,20160,0.00026248,0.0039063
11,10,18,2,1,0,0,0,4,4,8,0,0.0073079,20160,9.2799e-05,0.0039063
12,1,2,10,0,0,0,0,5,-1,0,4,0.069877,120,0.018634,0.03125
12,1,4,8,0,0,0,0,5,-1,1,3,0.13975,120,0.037268,0.03125
12,1,6,6,0,0,0,0,5,-1,2,2,0.17116,120,0.045644,0.03125
12,1,8,4,0,0,0,0,5,-1,3,1,0.13975,120,0.037268,0.03125
12,1,10,2,0,0,0,0,5,-1,4,0,0.069877,120,0.018634,0.03125
12,2,1,14,0,0,0,0,5,0,-1,6,0.038273,720,0.0034021,0.015625
12,2,2,12,0,0,0,0,5,0,0,5,0.03125,120,0.0083333,0.03125
12,2,2,13,0,0,0,1,5,0,0,5,0.038273,360,0.0034021,0.03125
12,2,3,12,0,0,1,0,5,0,0,5,-0.0625,-240,0.0083333,0.03125
12,2,4,10,0,0,0,0,5,0,1,4,0.069877,120,0.018634,0.03125
12,2,4,11,0,0,0,1,5,0,1,4,0.0625,240,0.0083333,0.03125
12,2,5,10,0,0,1,0,5,0,1,4,-0.049411,-120,0.013176,0.03125
12,2,6,8,0,0,0,0,5,0,2,3,0.098821,120,0.026352,0.03125
12,2,6,9,0,0,0,1,5,0,2,3,0.049411,120,0.013176,0.03125
12,2,7,8,0,0,1,0,5,0,2,3,-6.7566e-18,-1.4211e-14,0.015215,0.03125
12,2,8,6,0,0,0,0,5,0,3,2,0.098821,120,0.026352,0.03125
12,2,8,7,0,0,0,1,5,0,3,2,-6.7566e-18,-1.4211e-14,0.015215,0.03125
12,2,9,6,0,0,1,0,5,0,3,2,0.049411,120,0.013176,0.03125
12,2,10,4,0,0,0,0,5,0,4,1,0.069877,120,0.018634,0.03125
12,2,10,5,0,0,0,1,5,0,4,1,-0.049411,-120,0.013176,0.03125
12,2,11,4,0,0,1,0,5,0,4,1,0.0625,240,0.0083333,0.03125
12,2,12,2,0,0,0,0,5,0,5,0,0.03125,120,0.0083333,0.03125
12,2,12,3,0,0,0,1,5,0,5,0,-0.0625,-240,0.0083333,0.03125
12,2,13,2,0,0,1,0,5,0,5,0,0.038273,360,0.0034021,0.03125
12,2,14,1,0,0,0,0,5,0,6,-1,0.038273,720,0.0034021,0.015625
12,3,2,12,0,1,0,0,5,0,0,5,-0.0625,-240,0.0083333,0.03125
12,3,4,10,0,1,0,0,5,0,1,4,-0.13975,-240,0.018634,0.03125
12,3,6,8,0,1,0,0,5,0,2,3,-0.19764,-240,0.026352,0.03125
12,3,8,6,0,1,0,0,5,0,3,2,-0.19764,-240,0.026352,0.03125
12,3,10,4,0,1,0,0,5,0,4,1,-0.13975,-240,0.018634,0.03125
12,3,12,2,0,1,0,0,5,0,5,0,-0.0625,-240,0.0083333,0.03125
12,4,1,16,0,0,0,0,5,1,-1,7,0.050631,5040,0.0012859,0.0078125
12,4,2,14,0,0,0,0,5,1,0,6,0.038273,720,0.0034021,0.015625
12,4,2,15,0,0,0,1,5,1,0,6,0.050631,2520,0.0012859,0.015625
12,4,3,14,0,0,1,0,5,1,0,6,-0.095683,-1800,0.0034021,0.015625
12,4,4,12,0,0,0,0,5,1,1,5,0.09375,720,0.0083333,0.015625
12,4,4,13,0,0,0,1,5,1,1,5,0.095683,1800,0.0034021,0.015625
12,4,5,12,0,0,1,0,5,1,1,5,-0.099437,-1080,0.0058926,0.015625
12,4,6,10,0,0,0,0,5,1,2,4,0.14823,720,0.013176,0.015625
12,4,6,11,0,0,0,1,5,1,2,4,0.099437,1080,0.0058926,0.015625
12,4,7,10,0,0,1,0,5,1,2,4,-0.042791,-360,0.0076073,0.015625
12,4,8,8,0,0,0,0,5,1,3,3,0.17116,720,0.015215,0.015625
12,4,8,9,0,0,0,1,5,1,3,3,0.042791,360,0.0076073,0.015625
12,4,9,8,0,0,1,0,5,1,3,3,0.042791,360,0.0076073,0.015625
12,4,10,6,0,0,0,0,5,1,4,2,0.14823,720,0.013176,0.015625
12,4,10,7,0,0,0,1,5,1,4,2,-0.042791,-360,0.0076073,0.015625
12,4,11,6,0,0,1,0,5,1,4,2,0.099437,1080,0.0058926,0.015625
12,4,12,4,0,0,0,0,5,1,5,1,0.09375,720,0.0083333,0.015625
12,4,12,5,0,0,0,1,5,1,5,1,-0.099437,-1080,0.0058926,0.015625
12,4,13,4,0,0,1,0,5,1,5,1,0.095683,1800,0.0034021,0.015625
12,4,14,2,0,0,0,0,5,1,6,0,0.038273,720,0.0034021,0.015625
12,4,14,3,0,0,0,1,5,1,6,0,-0.095683,-1800,0.0034021,0.015625
12,4,15,2,0,0,1,0,5,1,6,0,0.050631,2520,0.0012859,0.015625
12,4,16,1,0,0,0,0,5,1,7,-1,0.050631,5040,0.0012859,0.0078125
12,5,2,14,0,1,0,0,5,1,0,6,-0.040595,-1080,0.0024056,0.015625
12,5,4,12,0,1,0,0,5,1,1,5,-0.099437,-1080,0.0058926,0.015625
12,5,6,10,0,1,0,0,5,1,2,4,-0.15722,-1080,0.0093169,0.015625
12,5,8,8,0,1,0,0,5,1,3,3,-0.18155,-1080,0.010758,0.015625
12,5,10,6,0,1,0,0,5,1,4,2,-0.15722,-1080,0.0093169,0.015625
12,5,12,4,0,1,0,0,5,1,5,1,-0.099437,-1080,0.0058926,0.015625
12,5,14,2,0,1,0,0,5,1,6,0,-0.040595,-1080,0.0024056,0.015625
12,6,1,18,0,0,0,0,5,2,-1,8,0.050631,40320,0.00032147,0.0039063
12,6,2,16,0,0,0,0,5,2,0,7,0.035801,5040,0.00090924,0.0078125
12,6,2,17,0,0,0,1,5,2,0,7,0.050631,20160,0.00032147,0.0078125
12,6,3,16,0,0,1,0,5,2,0,7,-0.1074,-15120,0.00090924,0.0078125
12,6,4,14,0,0,0,0,5,2,1,6,0.094722,5040,0.0024056,0.0078125
12,6,4,15,0,0,0,1,5,2,1,6,0.1074,15120,0.00090924,0.0078125
12,6,5,14,0,0,1,0,5,2,1,6,-0.13396,-10080,0.001701,0.0078125
12,6,6,12,0,0,0,0,5,2,2,5,0.16406,5040,0.0041667,0.0078125
12,6,6,13,0,0,0,1,5,2,2,5,0.13396,10080,0.001701,0.0078125
12,6,7,12,0,0,1,0,5,2,2,5,-0.094722,-5040,0.0024056,0.0078125
12,6,8,10,0,0,0,0,5,2,3,4,0.2118,5040,0.0053791,0.0078125
12,6,8,11,0,0,0,1,5,2,3,4,0.094722,5040,0.0024056,0.0078125
12,6,9,10,0,0,1,0,5,2,3,4,-6.6887e-17,-3.1832e-12,0.0026896,0.0078125
12,6,10,8,0,0,0,0,5,2,4,3,0.2118,5040,0.0053791,0.0078125
12,6,10,9,0,0,0,1,5,2,4,3,-6.6887e-17,-3.1832e-12,0.0026896,0.0078125
12,6,11,8,0,0,1,0,5,2,4,3,0.094722,5040,0.0024056,0.0078125
12,6,12,6,0,0,0,0,5,2,5,2,0.16406,5040,0.0041667,0.0078125
12,6,12,7,0,0,0,1,5,2,5,2,-0.094722,-5040,0.0024056,0.0078125
12,6,13,6,0,0,1,0,5,2,5,2,0.13396,10080,0.001701,0.0078125
12,6,14,4,0,0,0,0,5,2,6,1,0.094722,5040,0.0024056,0.0078125
12,6,14,5,0,0,0,1,5,2,6,1,-0.13396,-10080,0.001701,0.0078125
12,6,15,4,0,0,1,0,5,2,6,1,0.1074,15120,0.00090924,0.0078125
12,6,16,2,0,0,0,0,5,2,7,0,0.035801,5040,0.00090924,0.0078125
12,6,16,3,0,0,0,1,5,2,7,0,-0.1074,-15120,0.00090924,0.0078125
12,6,17,2,0,0,1,0,5,2,7,0,0.050631,20160,0.00032147,0.0078125
12,6,18,1,0,0,0,0,5,2,8,-1,0.050631,40320,0.00032147,0.0039063
12,7,2,16,0,1,0,0,5,2,0,7,-0.02067,-5040,0.00052495,0.0078125
12,7,4,14,0,1,0,0,5,2,1,6,-0.054687,-5040,0.0013889,0.0078125
12,7,6,12,0,1,0,0,5,2,2,5,-0.094722,-5040,0.0024056,0.0078125
12,7,8,10,0,1,0,0,5,2,3,4,-0.12228,-5040,0.0031056,0.0078125
12,7,10,8,0,1,0,0,5,2,4,3,-0.12228,-5040,0.0031056,0.0078125
12,7,12,6,0,1,0,0,5,2,5,2,-0.094722,-5040,0.0024056,0.0078125
12,7,14,4,0,1,0,0,5,2,6,1,-0.054687,-5040,0.0013889,0.0078125
12,7,16,2,0,1,0,0,5,2,7,0,-0.02067,-5040,0.00052495,0.0078125
12,8,2,18,0,0,0,0,5,3,0,8,0.029232,40320,0.0001856,0.0039063
12,8,3,18,0,0,1,0,5,3,0,8,-0.10231,-1.4112e+05,0.0001856,0.0039063
12,8,4,16,0,0,0,0,5,3,1,7,0.08268,40320,0.00052495,0.0039063
12,8,4,17,0,0,0,1,5,3,1,7,0.10231,1.4112e+05,0.0001856,0.0039063
12,8,5,16,0,0,1,0,5,3,1,7,-0.14616,-1.008e+05,0.0003712,0.0039063
12,8,6,14,0,0,0,0,5,3,2,6,0.15468,40320,0.00098209,0.0039063
12,8,6,15,0,0,0,1,5,3,2,6,0.14616,1.008e+05,0.0003712,0.0039063
12,8,7,14,0,0,1,0,5,3,2,6,-0.13396,-60480,0.00056701,0.0039063
12,8,8,12,0,0,0,0,5,3,3,5,0.21875,40320,0.0013889,0.0039063
12,8,8,13,0,0,0,1,5,3,3,5,0.13396,60480,0.00056701,0.0039063
12,8,9,12,0,0,1,0,5,3,3,5,-0.054688,-20160,0.00069444,0.0039063
12,8,10,10,0,0,0,0,5,3,4,4,0.24457,40320,0.0015528,0.0039063
12,8,10,11,0,0,0,1,5,3,4,4,0.054687,20160,0.00069444,0.0039063
12,8,11,10,0,0,1,0,5,3,4,4,0.054687,20160,0.00069444,0.0039063
12,8,12,8,0,0,0,0,5,3,5,3,0.21875,40320,0.0013889,0.0039063
12,8,12,9,0,0,0,1,5,3,5,3,-0.054688,-20160,0.00069444,0.0039063
12,8,13,8,0,0,1,0,5,3,5,3,0.13396,60480,0.00056701,0.0039063
12,8,14,6,0,0,0,0,5,3,6,2,0.15468,40320,0.00098209,0.0039063
12,8,14,7,0,0,0,1,5,3,6,2,-0.13396,-60480,0.00056701,0.0039063
12,8,15,6,0,0,1,0,5,3,6,2,0.14616,1.008e+05,0.0003712,0.0039063
12,8,16,4,0,0,0,0,5,3,7,1,0.08268,40320,0.00052495,0.0039063
12,8,16,5,0,0,0,1,5,3,7,1,-0.14616,-1.008e+05,0.0003712,0.0039063
12,8,17,4,0,0,1,0,5,3,7,1,0.10231,1.4112e+05,0.0001856,0.0039063
12,8,18,2,0,0,0,0,5,3,8,0,0.029232,40320,0.0001856,0.0039063
12,8,18,3,0,0,0,1,5,3,8,0,-0.10231,-1.4112e+05,0.0001856,0.0039063
12,9,2,18,0,1,0,0,5,3,0,8,-0.0073079,-20160,9.2799e-05,0.0039063
12,9,4,16,0,1,0,0,5,3,1,7,-0.02067,-20160,0.00026248,0.0039063
12,9,6,14,0,1,0,0,5,3,2,6,-0.03867,-20160,0.00049105,0.0039063
12,9,8,12,0,1,0,0,5,3,3,5,-0.054688,-20160,0.00069444,0.0039063
12,9,10,10,0,1,0,0,5,3,4,4,-0.061142,-20160,0.00077641,0.0039063
12,9,12,8,0,1,0,0,5,3,5,3,-0.054688,-20160,0.00069444,0.0039063
12,9,14,6,0,1,0,0,5,3,6,2,-0.03867,-20160,0.00049105,0.0039063
12,9,16,4,0,1,0,0,5,3,7,1,-0.02067,-20160,0.00026248,0.0039063
12,9,18,2,0,1,0,0,5,3,8,0,-0.0073079,-20160,9.2799e-05,0.0039063
13,2,2,12,1,0,0,0,5,0,0,5,0.038273,360,0.0034021,0.03125
13,2,4,10,1,0,0,0,5,0,1,4,0.085582,360,0.0076073,0.03125
13,2,6,8,1,0,0,0,5,0,2,3,0.12103,360,0.010758,0.03125
13,2,8,6,1,0,0,0,5,0,3,2,0.12103,360,0.010758,0.03125
13,2,10,4,1,0,0,0,5,0,4,1,0.085582,360,0.0076073,0.03125
13,2,12,2,1,0,0,0,5,0,5,0,0.038273,360,0.0034021,0.03125
13,4,2,14,1,0,0,0,5,1,0,6,0.039063,1800,0.0013889,0.015625
13,4,4,12,1,0,0,0,5,1,1,5,0.095683,1800,0.0034021,0.015625
13,4,6,10,1,0,0,0,5,1,2,4,0.15129,1800,0.0053791,0.015625
13,4,8,8,1,0,0,0,5,1,3,3,0.17469,1800,0.0062113,0.015625
13,4,10,6,1,0,0,0,5,1,4,2,0.15129,1800,0.0053791,0.015625
13,4,12,4,1,0,0,0,5,1,5,1,0.095683,1800,0.0034021,0.015625
13,4,14,2,1,0,0,0,5,1,6,0,0.039063,1800,0.0013889,0.015625
13,6,2,16,1,0,0,0,5,2,0,7,0.029232,10080,0.0003712,0.0078125
13,6,4,14,1,0,0,0,5,2,1,6,0.07734,10080,0.00098209,0.0078125
13,6,6,12,1,0,0,0,5,2,2,5,0.13396,10080,0.001701,0.0078125
13,6,8,10,1,0,0,0,5,2,3,4,0.17294,10080,0.002196,0.0078125
13,6,10,8,1,0,0,0,5,2,4,3,0.17294,10080,0.002196,0.0078125
13,6,12,6,1,0,0,0,5,2,5,2,0.13396,10080,0.001701,0.0078125
13,6,14,4,1,0,0,0,5,2,6,1,0.07734,10080,0.00098209,0.0078125
13,6,16,2,1,0,0,0,5,2,7,0,0.029232,10080,0.0003712,0.0078125
13,8,2,18,1,0,0,0,5,3,0,8,0.017901,60480,7.577e-05,0.0039063
13,8,4,16,1,0,0,0,5,3,1,7,0.050631,60480,0.00021431,0.0039063
13,8,6,14,1,0,0,0,5,3,2,6,0.094722,60480,0.00040094,0.0039063
13,8,8,12,1,0,0,0,5,3,3,5,0.13396,60480,0.00056701,0.0039063
13,8,10,10,1,0,0,0,5,3,4,4,0.14977,60480,0.00063394,0.0039063
13,8,12,8,1,0,0,0,5,3,5,3,0.13396,60480,0.00056701,0.0039063
13,8,14,6,1,0,0,0,5,3,6,2,0.094722,60480,0.00040094,0.0039063
13,8,16,4,1,0,0,0,5,3,7,1,0.050631,60480,0.00021431,0.0039063
13,8,18,2,1,0,0,0,5,3,8,0,0.017901,60480,7.577e-05,0.0039063
14,1,2,12,0,0,0,0,6,-1,0,5,0.038273,720,0.0034021,0.015625
14,1,4,10,0,0,0,0,6,-1,1,4,0.085582,720,0.0076073,0.015625
14,1,6,8,0,0,0,0,6,-1,2,3,0.12103,720,0.010758,0.015625
14,1,8,6,0,0,0,0,6,-1,3,2,0.12103,720,0.010758,0.015625
14,1,10,4,0,0,0,0,6,-1,4,1,0.085582,720,0.0076073,0.015625
14,1,12,2,0,0,0,0,6,-1,5,0,0.038273,720,0.0034021,0.015625
14,2,1,16,0,0,0,0,6,0,-1,7,0.02067,5040,0.00052495,0.0078125
14,2,2,14,0,0,0,0,6,0,0,6,0.015625,720,0.0013889,0.015625
14,2,2,15,0,0,0,1,6,0,0,6,0.02067,2520,0.00052495,0.015625
14,2,3,14,0,0,1,0,6,0,0,6,-0.039062,-1800,0.0013889,0.015625
14,2,4,12,0,0,0,0,6,0,1,5,0.038273,720,0.0034021,0.015625
14,2,4,13,0,0,0,1,6,0,1,5,0.039063,1800,0.0013889,0.015625
14,2,5,12,0,0,1,0,6,0,1,5,-0.040595,-1080,0.0024056,0.015625
14,2,6,10,0,0,0,0,6,0,2,4,0.060515,720,0.0053791,0.015625
14,2,6,11,0,0,0,1,6,0,2,4,0.040595,1080,0.0024056,0.015625
14,2,7,10,0,0,1,0,6,0,2,4,-0.017469,-360,0.0031056,0.015625
14,2,8,8,0,0,0,0,6,0,3,3,0.069877,720,0.0062113,0.015625
14,2,8,9,0,0,0,1,6,0,3,3,0.017469,360,0.0031056,0.015625
14,2,9,8,0,0,1,0,6,0,3,3,0.017469,360,0.0031056,0.015625
14,2,10,6,0,0,0,0,6,0,4,2,0.060515,720,0.0053791,0.015625
14,2,10,7,0,0,0,1,6,0,4,2,-0.017469,-360,0.0031056,0.015625
14,2,11,6,0,0,1,0,6,0,4,2,0.040595,1080,0.0024056,0.015625
14,2,12,4,0,0,0,0,6,0,5,1,0.038273,720,0.0034021,0.015625
14,2,12,5,0,0,0,1,6,0,5,1,-0.040595,-1080,0.0024056,0.015625
14,2,13,4,0,0,1,0,6,0,5,1,0.039063,1800,0.0013889,0.015625
14,2,14,2,0,0,0,0,6,0,6,0,0.015625,720,0.0013889,0.015625
14,2,14,3,0,0,0,1,6,0,6,0,-0.039062,-1800,0.0013889,0.015625
14,2,15,2,0,0,1,0,6,0,6,0,0.02067,2520,0.00052495,0.015625
14,2,16,1,0,0,0,0,6,0,7,-1,0.02067,5040,0.00052495,0.0078125
14,3,2,14,0,1,0,0,6,0,0,6,-0.039062,-1800,0.0013889,0.015625
14,3,4,12,0,1,0,0,6,0,1,5,-0.095683,-1800,0.0034021,0.015625
14,3,6,10,0,1,0,0,6,0,2,4,-0.15129,-1800,0.0053791,0.015625
14,3,8,8,0,1,0,0,6,0,3,3,-0.17469,-1800,0.0062113,0.015625
14,3,10,6,0,1,0,0,6,0,4,2,-0.15129,-1800,0.0053791,0.015625
14,3,12,4,0,1,0,0,6,0,5,1,-0.095683,-1800,0.0034021,0.015625
14,3,14,2,0,1,0,0,6,0,6,0,-0.039062,-1800,0.0013889,0.015625
14,4,1,18,0,0,0,0,6,1,-1,8,0.029232,40320,0.0001856,0.0039063
14,4,2,16,0,0,0,0,6,1,0,7,0.02067,5040,0.00052495,0.0078125
14,4,2,17,0,0,0,1,6,1,0,7,0.029232,20160,0.0001856,0.0078125
14,4,3,16,0,0,1,0,6,1,0,7,-0.06201,-15120,0.00052495,0.0078125
14,4,4,14,0,0,0,0,6,1,1,6,0.054687,5040,0.0013889,0.0078125
14,4,4,15,0,0,0,1,6,1,1,6,0.06201,15120,0.00052495,0.0078125
14,4,5,14,0,0,1,0,6,1,1,6,-0.07734,-10080,0.00098209,0.0078125
14,4,6,12,0,0,0,0,6,1,2,5,0.094722,5040,0.0024056,0.0078125
14,4,6,13,0,0,0,1,6,1,2,5,0.07734,10080,0.00098209,0.0078125
14,4,7,12,0,0,1,0,6,1,2,5,-0.054687,-5040,0.0013889,0.0078125
14,4,8,10,0,0,0,0,6,1,3,4,0.12228,5040,0.0031056,0.0078125
14,4,8,11,0,0,0,1,6,1,3,4,0.054687,5040,0.0013889,0.0078125
14,4,9,10,0,0,1,0,6,1,3,4,-3.8617e-17,-3.1832e-12,0.0015528,0.0078125
14,4,10,8,0,0,0,0,6,1,4,3,0.12228,5040,0.0031056,0.0078125
14,4,10,9,0,0,0,1,6,1,4,3,-3.8617e-17,-3.1832e-12,0.0015528,0.0078125
14,4,11,8,0,0,1,0,6,1,4,3,0.054687,5040,0.0013889,0.0078125
14,4,12,6,0,0,0,0,6,1,5,2,0.094722,5040,0.0024056,0.0078125
14,4,12,7,0,0,0,1,6,1,5,2,-0.054687,-5040,0.0013889,0.0078125
14,4,13,6,0,0,1,0,6,1,5,2,0.07734,10080,0.00098209,0.0078125
14,4,14,4,0,0,0,0,6,1,6,1,0.054687,5040,0.0013889,0.0078125
14,4,14,5,0,0,0,1,6,1,6,1,-0.07734,-10080,0.00098209,0.0078125
14,4,15,4,0,0,1,0,6,1,6,1,0.06201,15120,0.00052495,0.0078125
14,4,16,2,0,0,0,0,6,1,7,0,0.02067,5040,0.00052495,0.0078125
14,4,16,3,0,0,0,1,6,1,7,0,-0.06201,-15120,0.00052495,0.0078125
14,4,17,2,0,0,1,0,6,1,7,0,0.029232,20160,0.0001856,0.0078125
14,4,18,1,0,0,0,0,6,1,8,-1,0.029232,40320,0.0001856,0.0039063
14,5,2,16,0,1,0,0,6,1,0,7,-0.029232,-10080,0.0003712,0.0078125
14,5,4,14,0,1,0,0,6,1,1,6,-0.07734,-10080,0.00098209,0.0078125
14,5,6,12,0,1,0,0,6,1,2,5,-0.13396,-10080,0.001701,0.0078125
14,5,8,10,0,1,0,0,6,1,3,4,-0.17294,-10080,0.002196,0.0078125
14,5,10,8,0,1,0,0,6,1,4,3,-0.17294,-10080,0.002196,0.0078125
14,5,12,6,0,1,0,0,6,1,5,2,-0.13396,-10080,0.001701,0.0078125
14,5,14,4,0,1,0,0,6,1,6,1,-0.07734,-10080,0.00098209,0.0078125
14,5,16,2,0,1,0,0,6,1,7,0,-0.029232,-10080,0.0003712,0.0078125
14,6,2,18,0,0,0,0,6,2,0,8,0.02067,40320,0.00013124,0.0039063
14,6,3,18,0,0,1,0,6,2,0,8,-0.072345,-1.4112e+05,0.00013124,0.0039063
14,6,4,16,0,0,0,0,6,2,1,7,0.058463,40320,0.0003712,0.0039063
14,6,4,17,0,0,0,1,6,2,1,7,0.072345,1.4112e+05,0.00013124,0.0039063
14,6,5,16,0,0,1,0,6,2,1,7,-0.10335,-1.008e+05,0.00026248,0.0039063
14,6,6,14,0,0,0,0,6,2,2,6,0.10937,40320,0.00069444,0.0039063
14,6,6,15,0,0,0,1,6,2,2,6,0.10335,1.008e+05,0.00026248,0.0039063
14,6,7,14,0,0,1,0,6,2,2,6,-0.094722,-60480,0.00040094,0.0039063
14,6,8,12,0,0,0,0,6,2,3,5,0.15468,40320,0.00098209,0.0039063
14,6,8,13,0,0,0,1,6,2,3,5,0.094722,60480,0.00040094,0.0039063
14,6,9,12,0,0,1,0,6,2,3,5,-0.03867,-20160,0.00049105,0.0039063
14,6,10,10,0,0,0,0,6,2,4,4,0.17294,40320,0.001098,0.0039063
14,6,10,11,0,0,0,1,6,2,4,4,0.03867,20160,0.00049105,0.0039063
14,6,11,10,0,0,1,0,6,2,4,4,0.03867,20160,0.00049105,0.0039063
14,6,12,8,0,0,0,0,6,2,5,3,0.15468,40320,0.00098209,0.0039063
14,6,12,9,0,0,0,1,6,2,5,3,-0.03867,-20160,0.00049105,0.0039063
14,6,13,8,0,0,1,0,6,2,5,3,0.094722,60480,0.00040094,0.0039063
14,6,14,6,0,0,0,0,6,2,6,2,0.10937,40320,0.00069444,0.0039063
14,6,14,7,0,0,0,1,6,2,6,2,-0.094722,-60480,0.00040094,0.0039063
14,6,15,6,0,0,1,0,6,2,6,2,0.10335,1.008e+05,0.00026248,0.0039063
14,6,16,4,0,0,0,0,6,2,7,1,0.058463,40320,0.0003712,0.0039063
14,6,16,5,0,0,0,1,6,2,7,1,-0.10335,-1.008e+05,0.00026248,0.0039063
14,6,17,4,0,0,1,0,6,2,7,1,0.072345,1.4112e+05,0.00013124,0.0039063
14,6,18,2,0,0,0,0,6,2,8,0,0.02067,40320,0.00013124,0.0039063
14,6,18,3,0,0,0,1,6,2,8,0,-0.072345,-1.4112e+05,0.00013124,0.0039063
14,7,2,18,0,1,0,0,6,2,0,8,-0.017901,-60480,7.577e-05,0.0039063
14,7,4,16,0,1,0,0,6,2,1,7,-0.050631,-60480,0.00021431,0.0039063
14,7,6,14,0,1,0,0,6,2,2,6,-0.094722,-60480,0.00040094,0.0039063
14,7,8,12,0,1,0,0,6,2,3,5,-0.13396,-60480,0.00056701,0.0039063
14,7,10,10,0,1,0,0,6,2,4,4,-0.14977,-60480,0.00063394,0.0039063
14,7,12,8,0,1,0,0,6,2,5,3,-0.13396,-60480,0.00056701,0.0039063
14,7,14,6,0,1,0,0,6,2,6,2,-0.094722,-60480,0.00040094,0.0039063
14,7,16,4,0,1,0,0,6,2,7,1,-0.050631,-60480,0.00021431,0.0039063
14,7,18,2,0,1,0,0,6,2,8,0,-0.017901,-60480,7.577e-05,0.0039063
15,2,2,14,1,0,0,0,6,0,0,6,0.02067,2520,0.00052495,0.015625
15,2,4,12,1,0,0,0,6,0,1,5,0.050631,2520,0.0012859,0.015625
15,2,6,10,1,0,0,0,6,0,2,4,0.080054,2520,0.0020331,0.015625
15,2,8,8,1,0,0,0,6,0,3,3,0.092439,2520,0.0023477,0.015625
15,2,10,6,1,0,0,0,6,0,4,2,0.080054,2520,0.0020331,0.015625
15,2,12,4,1,0,0,0,6,0,5,1,0.050631,2520,0.0012859,0.015625
15,2,14,2,1,0,0,0,6,0,6,0,0.02067,2520,0.00052495,0.015625
15,4,2,16,1,0,0,0,6,1,0,7,0.023437,15120,0.00019841,0.0078125
15,4,4,14,1,0,0,0,6,1,1,6,0.06201,15120,0.00052495,0.0078125
15,4,6,12,1,0,0,0,6,1,2,5,0.1074,15120,0.00090924,0.0078125
15,4,8,10,1,0,0,0,6,1,3,4,0.13866,15120,0.0011738,0.0078125
15,4,10,8,1,0,0,0,6,1,4,3,0.13866,15120,0.0011738,0.0078125
15,4,12,6,1,0,0,0,6,1,5,2,0.1074,15120,0.00090924,0.0078125
15,4,14,4,1,0,0,0,6,1,6,1,0.06201,15120,0.00052495,0.0078125
15,4,16,2,1,0,0,0,6,1,7,0,0.023437,15120,0.00019841,0.0078125
15,6,2,18,1,0,0,0,6,2,0,8,0.019531,1.008e+05,4.9603e-05,0.0039063
15,6,4,16,1,0,0,0,6,2,1,7,0.055243,1.008e+05,0.0001403,0.0039063
15,6,6,14,1,0,0,0,6,2,2,6,0.10335,1.008e+05,0.00026248,0.0039063
15,6,8,12,1,0,0,0,6,2,3,5,0.14616,1.008e+05,0.0003712,0.0039063
15,6,10,10,1,0,0,0,6,2,4,4,0.16341,1.008e+05,0.00041501,0.0039063
15,6,12,8,1,0,0,0,6,2,5,3,0.14616,1.008e+05,0.0003712,0.0039063
15,6,14,6,1,0,0,0,6,2,6,2,0.10335,1.008e+05,0.00026248,0.0039063
15,6,16,4,1,0,0,0,6,2,7,1,0.055243,1.008e+05,0.0001403,0.0039063
15,6,18,2,1,0,0,0,6,2,8,0,0.019531,1.008e+05,4.9603e-05,0.0039063
16,1,2,14,0,0,0,0,7,-1,0,6,0.02067,5040,0.00052495,0.0078125
16,1,4,12,0,0,0,0,7,-1,1,5,0.050631,5040,0.0012859,0.0078125
16,1,6,10,0,0,0,0,7,-1,2,4,0.080054,5040,0.0020331,0.0078125
16,1,8,8,0,0,0,0,7,-1,3,3,0.092439,5040,0.0023477,0.0078125
16,1,10,6,0,0,0,0,7,-1,4,2,0.080054,5040,0.0020331,0.0078125
16,1,12,4,0,0,0,0,7,-1,5,1,0.050631,5040,0.0012859,0.0078125
16,1,14,2,0,0,0,0,7,-1,6,0,0.02067,5040,0.00052495,0.0078125
16,2,1,18,0,0,0,0,7,0,-1,8,0.011049,40320,7.0149e-05,0.0039063
16,2,2,16,0,0,0,0,7,0,0,7,0.0078125,5040,0.00019841,0.0078125
16,2,2,17,0,0,0,1,7,0,0,7,0.011049,20160,7.0149e-05,0.0078125
16,2,3,16,0,0,1,0,7,0,0,7,-0.023437,-15120,0.00019841,0.0078125
16,2,4,14,0,0,0,0,7,0,1,6,0.02067,5040,0.00052495,0.0078125
16,2,4,15,0,0,0,1,7,0,1,6,0.023437,15120,0.00019841,0.0078125
16,2,5,14,0,0,1,0,7,0,1,6,-0.029232,-10080,0.0003712,0.0078125
16,2,6,12,0,0,0,0,7,0,2,5,0.035801,5040,0.00090924,0.0078125
16,2,6,13,0,0,0,1,7,0,2,5,0.029232,10080,0.0003712,0.0078125
16,2,7,12,0,0,1,0,7,0,2,5,-0.02067,-5040,0.00052495,0.0078125
16,2,8,10,0,0,0,0,7,0,3,4,0.046219,5040,0.0011738,0.0078125
16,2,8,11,0,0,0,1,7,0,3,4,0.02067,5040,0.00052495,0.0078125
16,2,9,10,0,0,1,0,7,0,3,4,-1.4596e-17,-3.1832e-12,0.00058691,0.0078125
16,2,10,8,0,0,0,0,7,0,4,3,0.046219,5040,0.0011738,0.0078125
16,2,10,9,0,0,0,1,7,0,4,3,-1.4596e-17,-3.1832e-12,0.00058691,0.0078125
16,2,11,8,0,0,1,0,7,0,4,3,0.02067,5040,0.00052495,0.0078125
16,2,12,6,0,0,0,0,7,0,5,2,0.035801,5040,0.00090924,0.0078125
16,2,12,7,0,0,0,1,7,0,5,2,-0.02067,-5040,0.00052495,0.0078125
16,2,13,6,0,0,1,0,7,0,5,2,0.029232,10080,0.0003712,0.0078125
16,2,14,4,0,0,0,0,7,0,6,1,0.02067,5040,0.00052495,0.0078125
16,2,14,5,0,0,0,1,7,0,6,1,-0.029232,-10080,0.0003712,0.0078125
16,2,15,4,0,0,1,0,7,0,6,1,0.023437,15120,0.00019841,0.0078125
16,2,16,2,0,0,0,0,7,0,7,0,0.0078125,5040,0.00019841,0.0078125
16,2,16,3,0,0,0,1,7,0,7,0,-0.023437,-15120,0.00019841,0.0078125
16,2,17,2,0,0,1,0,7,0,7,0,0.011049,20160,7.0149e-05,0.0078125
16,2,18,1,0,0,0,0,7,0,8,-1,0.011049,40320,7.0149e-05,0.0039063
16,3,2,16,0,1,0,0,7,0,0,7,-0.023437,-15120,0.00019841,0.0078125
16,3,4,14,0,1,0,0,7,0,1,6,-0.06201,-15120,0.00052495,0.0078125
16,3,6,12,0,1,0,0,7,0,2,5,-0.1074,-15120,0.00090924,0.0078125
16,3,8,10,0,1,0,0,7,0,3,4,-0.13866,-15120,0.0011738,0.0078125
16,3,10,8,0,1,0,0,7,0,4,3,-0.13866,-15120,0.0011738,0.0078125
16,3,12,6,0,1,0,0,7,0,5,2,-0.1074,-15120,0.00090924,0.0078125
16,3,14,4,0,1,0,0,7,0,6,1,-0.06201,-15120,0.00052495,0.0078125
16,3,16,2,0,1,0,0,7,0,7,0,-0.023437,-15120,0.00019841,0.0078125
16,4,2,18,0,0,0,0,7,1,0,8,0.011049,40320,7.0149e-05,0.0039063
16,4,3,18,0,0,1,0,7,1,0,8,-0.03867,-1.4112e+05,7.0149e-05,0.0039063
16,4,4,16,0,0,0,0,7,1,1,7,0.03125,40320,0.00019841,0.0039063
16,4,4,17,0,0,0,1,7,1,1,7,0.03867,1.4112e+05,7.0149e-05,0.0039063
16,4,5,16,0,0,1,0,7,1,1,7,-0.055243,-1.008e+05,0.0001403,0.0039063
16,4,6,14,0,0,0,0,7,1,2,6,0.058463,40320,0.0003712,0.0039063
16,4,6,15,0,0,0,1,7,1,2,6,0.055243,1.008e+05,0.0001403,0.0039063
16,4,7,14,0,0,1,0,7,1,2,6,-0.050631,-60480,0.00021431,0.0039063
16,4,8,12,0,0,0,0,7,1,3,5,0.08268,40320,0.00052495,0.0039063
16,4,8,13,0,0,0,1,7,1,3,5,0.050631,60480,0.00021431,0.0039063
16,4,9,12,0,0,1,0,7,1,3,5,-0.02067,-20160,0.00026248,0.0039063
16,4,10,10,0,0,0,0,7,1,4,4,0.092439,40320,0.00058691,0.0039063
16,4,10,11,0,0,0,1,7,1,4,4,0.02067,20160,0.00026248,0.0039063
16,4,11,10,0,0,1,0,7,1,4,4,0.02067,20160,0.00026248,0.0039063
16,4,12,8,0,0,0,0,7,1,5,3,0.08268,40320,0.00052495,0.0039063
16,4,12,9,0,0,0,1,7,1,5,3,-0.02067,-20160,0.00026248,0.0039063
16,4,13,8,0,0,1,0,7,1,5,3,0.050631,60480,0.00021431,0.0039063
16,4,14,6,0,0,0,0,7,1,6,2,0.058463,40320,0.0003712,0.0039063
16,4,14,7,0,0,0,1,7,1,6,2,-0.050631,-60480,0.00021431,0.0039063
16,4,15,6,0,0,1,0,7,1,6,2,0.055243,1.008e+05,0.0001403,0.0039063
16,4,16,4,0,0,0,0,7,1,7,1,0.03125,40320,0.00019841,0.0039063
16,4,16,5,0,0,0,1,7,1,7,1,-0.055243,-1.008e+05,0.0001403,0.0039063
16,4,17,4,0,0,1,0,7,1,7,1,0.03867,1.4112e+05,7.0149e-05,0.0039063
16,4,18,2,0,0,0,0,7,1,8,0,0.011049,40320,7.0149e-05,0.0039063
16,4,18,3,0,0,0,1,7,1,8,0,-0.03867,-1.4112e+05,7.0149e-05,0.0039063
16,5,2,18,0,1,0,0,7,1,0,8,-0.019531,-1.008e+05,4.9603e-05,0.0039063
16,5,4,16,0,1,0,0,7,1,1,7,-0.055243,-1.008e+05,0.0001403,0.0039063
16,5,6,14,0,1,0,0,7,1,2,6,-0.10335,-1.008e+05,0.00026248,0.0039063
16,5,8,12,0,1,0,0,7,1,3,5,-0.14616,-1.008e+05,0.0003712,0.0039063
16,5,10,10,0,1,0,0,7,1,4,4,-0.16341,-1.008e+05,0.00041501,0.0039063
16,5,12,8,0,1,0,0,7,1,5,3,-0.14616,-1.008e+05,0.0003712,0.0039063
16,5,14,6,0,1,0,0,7,1,6,2,-0.10335,-1.008e+05,0.00026248,0.0039063
16,5,16,4,0,1,0,0,7,1,7,1,-0.055243,-1.008e+05,0.0001403,0.0039063
16,5,18,2,0,1,0,0,7,1,8,0,-0.019531,-1.008e+05,4.9603e-05,0.0039063
17,2,2,16,1,0,0,0,7,0,0,7,0.011049,20160,7.0149e-05,0.0078125
17,2,4,14,1,0,0,0,7,0,1,6,0.029232,20160,0.0001856,0.0078125
17,2,6,12,1,0,0,0,7,0,2,5,0.050631,20160,0.00032147,0.0078125
17,2,8,10,1,0,0,0,7,0,3,4,0.065364,20160,0.00041501,0.0078125
17,2,10,8,1,0,0,0,7,0,4,3,0.065364,20160,0.00041501,0.0078125
17,2,12,6,1,0,0,0,7,0,5,2,0.050631,20160,0.00032147,0.0078125
17,2,14,4,1,0,0,0,7,0,6,1,0.029232,20160,0.0001856,0.0078125
17,2,16,2,1,0,0,0,7,0,7,0,0.011049,20160,7.0149e-05,0.0078125
17,4,2,18,1,0,0,0,7,1,0,8,0.013672,1.4112e+05,2.4802e-05,0.0039063
17,4,4,16,1,0,0,0,7,1,1,7,0.03867,1.4112e+05,7.0149e-05,0.0039063
17,4,6,14,1,0,0,0,7,1,2,6,0.072345,1.4112e+05,0.00013124,0.0039063
17,4,8,12,1,0,0,0,7,1,3,5,0.10231,1.4112e+05,0.0001856,0.0039063
17,4,10,10,1,0,0,0,7,1,4,4,0.11439,1.4112e+05,0.0002075,0.0039063
17,4,12,8,1,0,0,0,7,1,5,3,0.10231,1.4112e+05,0.0001856,0.0039063
17,4,14,6,1,0,0,0,7,1,6,2,0.072345,1.4112e+05,0.00013124,0.0039063
17,4,16,4,1,0,0,0,7,1,7,1,0.03867,1.4112e+05,7.0149e-05,0.0039063
17,4,18,2,1,0,0,0,7,1,8,0,0.013672,1.4112e+05,2.4802e-05,0.0039063
18,1,2,16,0,0,0,0,8,-1,0,7,0.011049,40320,7.0149e-05,0.0039063
18,1,4,14,0,0,0,0,8,-1,1,6,0.029232,40320,0.0001856,0.0039063
18,1,6,12,0,0,0,0,8,-1,2,5,0.050631,40320,0.00032147,0.0039063
18,1,8,10,0,0,0,0,8,-1,3,4,0.065364,40320,0.00041501,0.0039063
18,1,10,8,0,0,0,0,8,-1,4,3,0.065364,40320,0.00041501,0.0039063
18,1,12,6,0,0,0,0,8,-1,5,2,0.050631,40320,0.00032147,0.0039063
18,1,14,4,0,0,0,0,8,-1,6,1,0.029232,40320,0.0001856,0.0039063
18,1,16,2,0,0,0,0,8,-1,7,0,0.011049,40320,7.0149e-05,0.0039063
18,2,2,18,0,0,0,0,8,0,0,8,0.0039062,40320,2.4802e-05,0.0039063
18,2,3,18,0,0,1,0,8,0,0,8,-0.013672,-1.4112e+05,2.4802e-05,0.0039063
18,2,4,16,0,0,0,0,8,0,1,7,0.011049,40320,7.0149e-05,0.0039063
18,2,4,17,0,0,0,1,8,0,1,7,0.013672,1.4112e+05,2.4802e-05,0.0039063
18,2,5,16,0,0,1,0,8,0,1,7,-0.019531,-1.008e+05,4.9603e-05,0.0039063
18,2,6,14,0,0,0,0,8,0,2,6,0.02067,40320,0.00013124,0.0039063
18,2,6,15,0,0,0,1,8,0,2,6,0.019531,1.008e+05,4.9603e-05,0.0039063
18,2,7,14,0,0,1,0,8,0,2,6,-0.017901,-60480,7.577e-05,0.0039063
18,2,8,12,0,0,0,0,8,0,3,5,0.029232,40320,0.0001856,0.0039063
18,2,8,13,0,0,0,1,8,0,3,5,0.017901,60480,7.577e-05,0.0039063
18,2,9,12,0,0,1,0,8,0,3,5,-0.0073079,-20160,9.2799e-05,0.0039063
18,2,10,10,0,0,0,0,8,0,4,4,0.032682,40320,0.0002075,0.0039063
18,2,10,11,0,0,0,1,8,0,4,4,0.0073079,20160,9.2799e-05,0.0039063
18,2,11,10,0,0,1,0,8,0,4,4,0.0073079,20160,9.2799e-05,0.0039063
18,2,12,8,0,0,0,0,8,0,5,3,0.029232,40320,0.0001856,0.0039063
18,2,12,9,0,0,0,1,8,0,5,3,-0.0073079,-20160,9.2799e-05,0.0039063
18,2,13,8,0,0,1,0,8,0,5,3,0.017901,60480,7.577e-05,0.0039063
18,2,14,6,0,0,0,0,8,0,6,2,0.02067,40320,0.00013124,0.0039063
18,2,14,7,0,0,0,1,8,0,6,2,-0.017901,-60480,7.577e-05,0.0039063
18,2,15,6,0,0,1,0,8,0,6,2,0.019531,1.008e+05,4.9603e-05,0.0039063
18,2,16,4,0,0,0,0,8,0,7,1,0.011049,40320,7.0149e-05,0.0039063
18,2,16,5,0,0,0,1,8,0,7,1,-0.019531,-1.008e+05,4.9603e-05,0.0039063
18,2,17,4,0,0,1,0,8,0,7,1,0.013672,1.4112e+05,2.4802e-05,0.0039063
18,2,18,2,0,0,0,0,8,0,8,0,0.0039062,40320,2.4802e-05,0.0039063
18,2,18,3,0,0,0,1,8,0,8,0,-0.013672,-1.4112e+05,2.4802e-05,0.0039063
18,3,2,18,0,1,0,0,8,0,0,8,-0.013672,-1.4112e+05,2.4802e-05,0.0039063
18,3,4,16,0,1,0,0,8,0,1,7,-0.03867,-1.4112e+05,7.0149e-05,0.0039063
18,3,6,14,0,1,0,0,8,0,2,6,-0.072345,-1.4112e+05,0.00013124,0.0039063
18,3,8,12,0,1,0,0,8,0,3,5,-0.10231,-1.4112e+05,0.0001856,0.0039063
18,3,10,10,0,1,0,0,8,0,4,4,-0.11439,-1.4112e+05,0.0002075,0.0039063
18,3,12,8,0,1,0,0,8,0,5,3,-0.10231,-1.4112e+05,0.0001856,0.0039063
18,3,14,6,0,1,0,0,8,0,6,2,-0.072345,-1.4112e+05,0.00013124,0.0039063
18,3,16,4,0,1,0,0,8,0,7,1,-0.03867,-1.4112e+05,7.0149e-05,0.0039063
18,3,18,2,0,1,0,0,8,0,8,0,-0.013672,-1.4112e+05,2.4802e-05,0.0039063
