1,4,2,2,0,0,0,0,-1,1,0,0,0.5,1,2,1
1,6,2,4,0,0,0,0,-1,2,0,1,0.25,0.5,24,3
1,6,4,2,0,0,0,0,-1,2,1,0,0.25,0.5,24,3
1,8,2,6,0,0,0,0,-1,3,0,2,0.125,0.083333,720,7.5
1,8,4,4,0,0,0,0,-1,3,1,1,0.125,0.16667,720,15
1,8,6,2,0,0,0,0,-1,3,2,0,0.125,0.083333,720,7.5
1,10,2,8,0,0,0,0,-1,4,0,3,0.0625,0.0069444,40320,17.5
1,10,4,6,0,0,0,0,-1,4,1,2,0.0625,0.020833,40320,52.5
1,10,6,4,0,0,0,0,-1,4,2,1,0.0625,0.020833,40320,52.5
1,10,8,2,0,0,0,0,-1,4,3,0,0.0625,0.0069444,40320,17.5
1,12,2,10,0,0,0,0,-1,5,0,4,0.03125,0.00034722,3.6288e+06,39.375
1,12,4,8,0,0,0,0,-1,5,1,3,0.03125,0.0013889,3.6288e+06,157.5
1,12,6,6,0,0,0,0,-1,5,2,2,0.03125,0.0020833,3.6288e+06,236.25
1,12,8,4,0,0,0,0,-1,5,3,1,0.03125,0.0013889,3.6288e+06,157.5
1,12,10,2,0,0,0,0,-1,5,4,0,0.03125,0.00034722,3.6288e+06,39.375
1,14,2,12,0,0,0,0,-1,6,0,5,0.015625,1.1574e-05,4.79e+08,86.625
1,14,4,10,0,0,0,0,-1,6,1,4,0.015625,5.787e-05,4.79e+08,433.12
1,14,6,8,0,0,0,0,-1,6,2,3,0.015625,0.00011574,4.79e+08,866.25
1,14,8,6,0,0,0,0,-1,6,3,2,0.015625,0.00011574,4.79e+08,866.25
1,14,10,4,0,0,0,0,-1,6,4,1,0.015625,5.787e-05,4.79e+08,433.12
1,14,12,2,0,0,0,0,-1,6,5,0,0.015625,1.1574e-05,4.79e+08,86.625
1,16,2,14,0,0,0,0,-1,7,0,6,0.0078125,2.7557e-07,8.7178e+10,187.69
1,16,4,12,0,0,0,0,-1,7,1,5,0.0078125,1.6534e-06,8.7178e+10,1126.1
1,16,6,10,0,0,0,0,-1,7,2,4,0.0078125,4.1336e-06,8.7178e+10,2815.3
1,16,8,8,0,0,0,0,-1,7,3,3,0.0078125,5.5115e-06,8.7178e+10,3753.8
1,16,10,6,0,0,0,0,-1,7,4,2,0.0078125,4.1336e-06,8.7178e+10,2815.3
1,16,12,4,0,0,0,0,-1,7,5,1,0.0078125,1.6534e-06,8.7178e+10,1126.1
1,16,14,2,0,0,0,0,-1,7,6,0,0.0078125,2.7557e-07,8.7178e+10,187.69
1,18,2,16,0,0,0,0,-1,8,0,7,0.0039063,4.9209e-09,2.0923e+13,402.19
1,18,4,14,0,0,0,0,-1,8,1,6,0.0039063,3.4447e-08,2.0923e+13,2815.3
1,18,6,12,0,0,0,0,-1,8,2,5,0.0039063,1.0334e-07,2.0923e+13,8445.9
1,18,8,10,0,0,0,0,-1,8,3,4,0.0039063,1.7223e-07,2.0923e+13,14077
1,18,10,8,0,0,0,0,-1,8,4,3,0.0039063,1.7223e-07,2.0923e+13,14077
1,18,12,6,0,0,0,0,-1,8,5,2,0.0039063,1.0334e-07,2.0923e+13,8445.9
1,18,14,4,0,0,0,0,-1,8,6,1,0.0039063,3.4447e-08,2.0923e+13,2815.3
1,18,16,2,0,0,0,0,-1,8,7,0,0.0039063,4.9209e-09,2.0923e+13,402.19
2,2,1,4,0,0,0,0,0,0,-1,1,0.5,1,2,1
2,2,2,2,0,0,0,0,0,0,0,0,1,1,1,1
2,2,2,3,0,0,0,1,0,0,0,0,1,1,0.5,0.5
2,2,3,2,0,0,1,0,0,0,0,0,1,1,0.5,0.5
2,2,4,1,0,0,0,0,0,0,1,-1,0.5,1,2,1
2,3,2,2,0,1,0,0,0,0,0,0,1,1,0.5,0.5
2,4,1,6,0,0,0,0,0,1,-1,2,0.25,0.5,24,3
2,4,2,4,0,0,0,0,0,1,0,1,0.5,1,2,1
2,4,2,5,0,0,0,1,0,1,0,1,0.5,0.5,1,0.25
2,4,3,4,0,0,1,0,0,1,0,1,0.5,1,-1,-0.5
2,4,4,2,0,0,0,0,0,1,1,0,0.5,1,2,1
2,4,4,3,0,0,0,1,0,1,1,0,0.5,1,-1,-0.5
2,4,5,2,0,0,1,0,0,1,1,0,0.5,0.5,1,0.25
2,4,6,1,0,0,0,0,0,1,2,-1,0.25,0.5,24,3
2,5,2,4,0,1,0,0,0,1,0,1,0.5,0.5,1,0.25
2,5,4,2,0,1,0,0,0,1,1,0,0.5,0.5,1,0.25
2,6,1,8,0,0,0,0,0,2,-1,3,0.125,0.083333,720,7.5
2,6,2,6,0,0,0,0,0,2,0,2,0.25,0.25,24,1.5
2,6,2,7,0,0,0,1,0,2,0,2,0.25,0.083333,12,0.25
2,6,3,6,0,0,1,0,0,2,0,2,0.25,0.25,-36,-2.25
2,6,4,4,0,0,0,0,0,2,1,1,0.25,0.5,24,3
2,6,4,5,0,0,0,1,0,2,1,1,0.25,0.25,-12,-0.75
2,6,5,4,0,0,1,0,0,2,1,1,0.25,0.25,-12,-0.75
2,6,6,2,0,0,0,0,0,2,2,0,0.25,0.25,24,1.5
2,6,6,3,0,0,0,1,0,2,2,0,0.25,0.25,-36,-2.25
2,6,7,2,0,0,1,0,0,2,2,0,0.25,0.083333,12,0.25
2,6,8,1,0,0,0,0,0,2,3,-1,0.125,0.083333,720,7.5
2,7,2,6,0,1,0,0,0,2,0,2,0.25,0.083333,12,0.25
2,7,4,4,0,1,0,0,0,2,1,1,0.25,0.16667,12,0.5
2,7,6,2,0,1,0,0,0,2,2,0,0.25,0.083333,12,0.25
2,8,1,10,0,0,0,0,0,3,-1,4,0.0625,0.0069444,40320,17.5
2,8,2,8,0,0,0,0,0,3,0,3,0.125,0.027778,720,2.5
2,8,2,9,0,0,0,1,0,3,0,3,0.125,0.0069444,360,0.3125
2,8,3,8,0,0,1,0,0,3,0,3,0.125,0.027778,-1800,-6.25
2,8,4,6,0,0,0,0,0,3,1,2,0.125,0.083333,720,7.5
2,8,4,7,0,0,0,1,0,3,1,2,0.125,0.027778,-360,-1.25
2,8,5,6,0,0,1,0,0,3,1,2,0.125,0.041667,-1080,-5.625
2,8,6,4,0,0,0,0,0,3,2,1,0.125,0.083333,720,7.5
2,8,6,5,0,0,0,1,0,3,2,1,0.125,0.041667,-1080,-5.625
2,8,7,4,0,0,1,0,0,3,2,1,0.125,0.027778,-360,-1.25
2,8,8,2,0,0,0,0,0,3,3,0,0.125,0.027778,720,2.5
2,8,8,3,0,0,0,1,0,3,3,0,0.125,0.027778,-1800,-6.25
2,8,9,2,0,0,1,0,0,3,3,0,0.125,0.0069444,360,0.3125
2,8,10,1,0,0,0,0,0,3,4,-1,0.0625,0.0069444,40320,17.5
2,9,2,8,0,1,0,0,0,3,0,3,0.125,0.0069444,360,0.3125
2,9,4,6,0,1,0,0,0,3,1,2,0.125,0.020833,360,0.9375
2,9,6,4,0,1,0,0,0,3,2,1,0.125,0.020833,360,0.9375
2,9,8,2,0,1,0,0,0,3,3,0,0.125,0.0069444,360,0.3125
2,10,1,12,0,0,0,0,0,4,-1,5,0.03125,0.00034722,3.6288e+06,39.375
2,10,2,10,0,0,0,0,0,4,0,4,0.0625,0.0017361,40320,4.375
2,10,2,11,0,0,0,1,0,4,0,4,0.0625,0.00034722,20160,0.4375
2,10,3,10,0,0,1,0,0,4,0,4,0.0625,0.0017361,-1.4112e+05,-15.312
2,10,4,8,0,0,0,0,0,4,1,3,0.0625,0.0069444,40320,17.5
2,10,4,9,0,0,0,1,0,4,1,3,0.0625,0.0017361,-20160,-2.1875
2,10,5,8,0,0,1,0,0,4,1,3,0.0625,0.0034722,-1.008e+05,-21.875
2,10,6,6,0,0,0,0,0,4,2,2,0.0625,0.010417,40320,26.25
2,10,6,7,0,0,0,1,0,4,2,2,0.0625,0.0034722,-60480,-13.125
2,10,7,6,0,0,1,0,0,4,2,2,0.0625,0.0034722,-60480,-13.125
2,10,8,4,0,0,0,0,0,4,3,1,0.0625,0.0069444,40320,17.5
2,10,8,5,0,0,0,1,0,4,3,1,0.0625,0.0034722,-1.008e+05,-21.875
2,10,9,4,0,0,1,0,0,4,3,1,0.0625,0.0017361,-20160,-2.1875
2,10,10,2,0,0,0,0,0,4,4,0,0.0625,0.0017361,40320,4.375
2,10,10,3,0,0,0,1,0,4,4,0,0.0625,0.0017361,-1.4112e+05,-15.312
2,10,11,2,0,0,1,0,0,4,4,0,0.0625,0.00034722,20160,0.4375
2,10,12,1,0,0,0,0,0,4,5,-1,0.03125,0.00034722,3.6288e+06,39.375
2,11,2,10,0,1,0,0,0,4,0,4,0.0625,0.00034722,20160,0.4375
2,11,4,8,0,1,0,0,0,4,1,3,0.0625,0.0013889,20160,1.75
2,11,6,6,0,1,0,0,0,4,2,2,0.0625,0.0020833,20160,2.625
2,11,8,4,0,1,0,0,0,4,3,1,0.0625,0.0013889,20160,1.75
2,11,10,2,0,1,0,0,0,4,4,0,0.0625,0.00034722,20160,0.4375
2,12,1,14,0,0,0,0,0,5,-1,6,0.015625,1.1574e-05,4.79e+08,86.625
2,12,2,12,0,0,0,0,0,5,0,5,0.03125,6.9444e-05,3.6288e+06,7.875
2,12,2,13,0,0,0,1,0,5,0,5,0.03125,1.1574e-05,1.8144e+06,0.65625
2,12,3,12,0,0,1,0,0,5,0,5,0.03125,6.9444e-05,-1.633e+07,-35.437
2,12,4,10,0,0,0,0,0,5,1,4,0.03125,0.00034722,3.6288e+06,39.375
2,12,4,11,0,0,0,1,0,5,1,4,0.03125,6.9444e-05,-1.8144e+06,-3.9375
2,12,5,10,0,0,1,0,0,5,1,4,0.03125,0.00017361,-1.2701e+07,-68.906
2,12,6,8,0,0,0,0,0,5,2,3,0.03125,0.00069444,3.6288e+06,78.75
2,12,6,9,0,0,0,1,0,5,2,3,0.03125,0.00017361,-5.4432e+06,-29.531
2,12,7,8,0,0,1,0,0,5,2,3,0.03125,0.00023148,-9.072e+06,-65.625
2,12,8,6,0,0,0,0,0,5,3,2,0.03125,0.00069444,3.6288e+06,78.75
2,12,8,7,0,0,0,1,0,5,3,2,0.03125,0.00023148,-9.072e+06,-65.625
2,12,9,6,0,0,1,0,0,5,3,2,0.03125,0.00017361,-5.4432e+06,-29.531
2,12,10,4,0,0,0,0,0,5,4,1,0.03125,0.00034722,3.6288e+06,39.375
2,12,10,5,0,0,0,1,0,5,4,1,0.03125,0.00017361,-1.2701e+07,-68.906
2,12,11,4,0,0,1,0,0,5,4,1,0.03125,6.9444e-05,-1.8144e+06,-3.9375
2,12,12,2,0,0,0,0,0,5,5,0,0.03125,6.9444e-05,3.6288e+06,7.875
2,12,12,3,0,0,0,1,0,5,5,0,0.03125,6.9444e-05,-1.633e+07,-35.437
2,12,13,2,0,0,1,0,0,5,5,0,0.03125,1.1574e-05,1.8144e+06,0.65625
2,12,14,1,0,0,0,0,0,5,6,-1,0.015625,1.1574e-05,4.79e+08,86.625
2,13,2,12,0,1,0,0,0,5,0,5,0.03125,1.1574e-05,1.8144e+06,0.65625
2,13,4,10,0,1,0,0,0,5,1,4,0.03125,5.787e-05,1.8144e+06,3.2812
2,13,6,8,0,1,0,0,0,5,2,3,0.03125,0.00011574,1.8144e+06,6.5625
2,13,8,6,0,1,0,0,0,5,3,2,0.03125,0.00011574,1.8144e+06,6.5625
2,13,10,4,0,1,0,0,0,5,4,1,0.03125,5.787e-05,1.8144e+06,3.2812
2,13,12,2,0,1,0,0,0,5,5,0,0.03125,1.1574e-05,1.8144e+06,0.65625
2,14,1,16,0,0,0,0,0,6,-1,7,0.0078125,2.7557e-07,8.7178e+10,187.69
2,14,2,14,0,0,0,0,0,6,0,6,0.015625,1.929e-06,4.79e+08,14.437
2,14,2,15,0,0,0,1,0,6,0,6,0.015625,2.7557e-07,2.395e+08,1.0312
2,14,3,14,0,0,1,0,0,6,0,6,0.015625,1.929e-06,-2.6345e+09,-79.406
2,14,4,12,0,0,0,0,0,6,1,5,0.015625,1.1574e-05,4.79e+08,86.625
2,14,4,13,0,0,0,1,0,6,1,5,0.015625,1.929e-06,-2.395e+08,-7.2188
2,14,5,12,0,0,1,0,0,6,1,5,0.015625,5.787e-06,-2.1555e+09,-194.91
2,14,6,10,0,0,0,0,0,6,2,4,0.015625,2.8935e-05,4.79e+08,216.56
2,14,6,11,0,0,0,1,0,6,2,4,0.015625,5.787e-06,-7.185e+08,-64.969
2,14,7,10,0,0,1,0,0,6,2,4,0.015625,9.6451e-06,-1.6765e+09,-252.66
2,14,8,8,0,0,0,0,0,6,3,3,0.015625,3.858e-05,4.79e+08,288.75
2,14,8,9,0,0,0,1,0,6,3,3,0.015625,9.6451e-06,-1.1975e+09,-180.47
2,14,9,8,0,0,1,0,0,6,3,3,0.015625,9.6451e-06,-1.1975e+09,-180.47
2,14,10,6,0,0,0,0,0,6,4,2,0.015625,2.8935e-05,4.79e+08,216.56
2,14,10,7,0,0,0,1,0,6,4,2,0.015625,9.6451e-06,-1.6765e+09,-252.66
2,14,11,6,0,0,1,0,0,6,4,2,0.015625,5.787e-06,-7.185e+08,-64.969
2,14,12,4,0,0,0,0,0,6,5,1,0.015625,1.1574e-05,4.79e+08,86.625
2,14,12,5,0,0,0,1,0,6,5,1,0.015625,5.787e-06,-2.1555e+09,-194.91
2,14,13,4,0,0,1,0,0,6,5,1,0.015625,1.929e-06,-2.395e+08,-7.2188
2,14,14,2,0,0,0,0,0,6,6,0,0.015625,1.929e-06,4.79e+08,14.437
2,14,14,3,0,0,0,1,0,6,6,0,0.015625,1.929e-06,-2.6345e+09,-79.406
2,14,15,2,0,0,1,0,0,6,6,0,0.015625,2.7557e-07,2.395e+08,1.0312
2,14,16,1,0,0,0,0,0,6,7,-1,0.0078125,2.7557e-07,8.7178e+10,187.69
2,15,2,14,0,1,0,0,0,6,0,6,0.015625,2.7557e-07,2.395e+08,1.0312
2,15,4,12,0,1,0,0,0,6,1,5,0.015625,1.6534e-06,2.395e+08,6.1875
2,15,6,10,0,1,0,0,0,6,2,4,0.015625,4.1336e-06,2.395e+08,15.469
2,15,8,8,0,1,0,0,0,6,3,3,0.015625,5.5115e-06,2.395e+08,20.625
2,15,10,6,0,1,0,0,0,6,4,2,0.015625,4.1336e-06,2.395e+08,15.469
2,15,12,4,0,1,0,0,0,6,5,1,0.015625,1.6534e-06,2.395e+08,6.1875
2,15,14,2,0,1,0,0,0,6,6,0,0.015625,2.7557e-07,2.395e+08,1.0312
2,16,1,18,0,0,0,0,0,7,-1,8,0.0039063,4.9209e-09,2.0923e+13,402.19
2,16,2,16,0,0,0,0,0,7,0,7,0.0078125,3.9368e-08,8.7178e+10,26.813
2,16,2,17,0,0,0,1,0,7,0,7,0.0078125,4.9209e-09,4.3589e+10,1.6758
2,16,3,16,0,0,1,0,0,7,0,7,0.0078125,3.9368e-08,-5.6666e+11,-174.28
2,16,4,14,0,0,0,0,0,7,1,6,0.0078125,2.7557e-07,8.7178e+10,187.69
2,16,4,15,0,0,0,1,0,7,1,6,0.0078125,3.9368e-08,-4.3589e+10,-13.406
2,16,5,14,0,0,1,0,0,7,1,6,0.0078125,1.3779e-07,-4.7948e+11,-516.14
2,16,6,12,0,0,0,0,0,7,2,5,0.0078125,8.2672e-07,8.7178e+10,563.06
2,16,6,13,0,0,0,1,0,7,2,5,0.0078125,1.3779e-07,-1.3077e+11,-140.77
2,16,7,12,0,0,1,0,0,7,2,5,0.0078125,2.7557e-07,-3.923e+11,-844.59
2,16,8,10,0,0,0,0,0,7,3,4,0.0078125,1.3779e-06,8.7178e+10,938.44
2,16,8,11,0,0,0,1,0,7,3,4,0.0078125,2.7557e-07,-2.1795e+11,-469.22
2,16,9,10,0,0,1,0,0,7,3,4,0.0078125,3.4447e-07,-3.0512e+11,-821.13
2,16,10,8,0,0,0,0,0,7,4,3,0.0078125,1.3779e-06,8.7178e+10,938.44
2,16,10,9,0,0,0,1,0,7,4,3,0.0078125,3.4447e-07,-3.0512e+11,-821.13
2,16,11,8,0,0,1,0,0,7,4,3,0.0078125,2.7557e-07,-2.1795e+11,-469.22
2,16,12,6,0,0,0,0,0,7,5,2,0.0078125,8.2672e-07,8.7178e+10,563.06
2,16,12,7,0,0,0,1,0,7,5,2,0.0078125,2.7557e-07,-3.923e+11,-844.59
2,16,13,6,0,0,1,0,0,7,5,2,0.0078125,1.3779e-07,-1.3077e+11,-140.77
2,16,14,4,0,0,0,0,0,7,6,1,0.0078125,2.7557e-07,8.7178e+10,187.69
2,16,14,5,0,0,0,1,0,7,6,1,0.0078125,1.3779e-07,-4.7948e+11,-516.14
2,16,15,4,0,0,1,0,0,7,6,1,0.0078125,3.9368e-08,-4.3589e+10,-13.406
2,16,16,2,0,0,0,0,0,7,7,0,0.0078125,3.9368e-08,8.7178e+10,26.813
2,16,16,3,0,0,0,1,0,7,7,0,0.0078125,3.9368e-08,-5.6666e+11,-174.28
2,16,17,2,0,0,1,0,0,7,7,0,0.0078125,4.9209e-09,4.3589e+10,1.6758
2,16,18,1,0,0,0,0,0,7,8,-1,0.0039063,4.9209e-09,2.0923e+13,402.19
2,17,2,16,0,1,0,0,0,7,0,7,0.0078125,4.9209e-09,4.3589e+10,1.6758
2,17,4,14,0,1,0,0,0,7,1,6,0.0078125,3.4447e-08,4.3589e+10,11.73
2,17,6,12,0,1,0,0,0,7,2,5,0.0078125,1.0334e-07,4.3589e+10,35.191
2,17,8,10,0,1,0,0,0,7,3,4,0.0078125,1.7223e-07,4.3589e+10,58.652
2,17,10,8,0,1,0,0,0,7,4,3,0.0078125,1.7223e-07,4.3589e+10,58.652
2,17,12,6,0,1,0,0,0,7,5,2,0.0078125,1.0334e-07,4.3589e+10,35.191
2,17,14,4,0,1,0,0,0,7,6,1,0.0078125,3.4447e-08,4.3589e+10,11.73
2,17,16,2,0,1,0,0,0,7,7,0,0.0078125,4.9209e-09,4.3589e+10,1.6758
2,18,2,18,0,0,0,0,0,8,0,8,0.0039063,6.1512e-10,2.0923e+13,50.273
2,18,2,19,0,0,0,1,0,8,0,8,0.0039063,6.8347e-11,1.0461e+13,2.793
2,18,3,18,0,0,1,0,0,8,0,8,0.0039063,6.1512e-10,-1.5692e+14,-377.05
2,18,4,16,0,0,0,0,0,8,1,7,0.0039063,4.9209e-09,2.0923e+13,402.19
2,18,4,17,0,0,0,1,0,8,1,7,0.0039063,6.1512e-10,-1.0461e+13,-25.137
2,18,5,16,0,0,1,0,0,8,1,7,0.0039063,2.4605e-09,-1.36e+14,-1307.1
2,18,6,14,0,0,0,0,0,8,2,6,0.0039063,1.7223e-08,2.0923e+13,1407.7
2,18,6,15,0,0,0,1,0,8,2,6,0.0039063,2.4605e-09,-3.1384e+13,-301.64
2,18,7,14,0,0,1,0,0,8,2,6,0.0039063,5.7411e-09,-1.1508e+14,-2580.7
2,18,8,12,0,0,0,0,0,8,3,5,0.0039063,3.4447e-08,2.0923e+13,2815.3
2,18,8,13,0,0,0,1,0,8,3,5,0.0039063,5.7411e-09,-5.2307e+13,-1173
2,18,9,12,0,0,1,0,0,8,3,5,0.0039063,8.6117e-09,-9.4153e+13,-3167.2
2,18,10,10,0,0,0,0,0,8,4,4,0.0039063,4.3058e-08,2.0923e+13,3519.1
2,18,10,11,0,0,0,1,0,8,4,4,0.0039063,8.6117e-09,-7.323e+13,-2463.4
2,18,11,10,0,0,1,0,0,8,4,4,0.0039063,8.6117e-09,-7.323e+13,-2463.4
2,18,12,8,0,0,0,0,0,8,5,3,0.0039063,3.4447e-08,2.0923e+13,2815.3
2,18,12,9,0,0,0,1,0,8,5,3,0.0039063,8.6117e-09,-9.4153e+13,-3167.2
2,18,13,8,0,0,1,0,0,8,5,3,0.0039063,5.7411e-09,-5.2307e+13,-1173
2,18,14,6,0,0,0,0,0,8,6,2,0.0039063,1.7223e-08,2.0923e+13,1407.7
2,18,14,7,0,0,0,1,0,8,6,2,0.0039063,5.7411e-09,-1.1508e+14,-2580.7
2,18,15,6,0,0,1,0,0,8,6,2,0.0039063,2.4605e-09,-3.1384e+13,-301.64
2,18,16,4,0,0,0,0,0,8,7,1,0.0039063,4.9209e-09,2.0923e+13,402.19
2,18,16,5,0,0,0,1,0,8,7,1,0.0039063,2.4605e-09,-1.36e+14,-1307.1
2,18,17,4,0,0,1,0,0,8,7,1,0.0039063,6.1512e-10,-1.0461e+13,-25.137
2,18,18,2,0,0,0,0,0,8,8,0,0.0039063,6.1512e-10,2.0923e+13,50.273
2,18,18,3,0,0,0,1,0,8,8,0,0.0039063,6.1512e-10,-1.5692e+14,-377.05
2,18,19,2,0,0,1,0,0,8,8,0,0.0039063,6.8347e-11,1.0461e+13,2.793
2,19,2,18,0,1,0,0,0,8,0,8,0.0039063,6.8347e-11,1.0461e+13,2.793
2,19,4,16,0,1,0,0,0,8,1,7,0.0039063,5.4677e-10,1.0461e+13,22.344
2,19,6,14,0,1,0,0,0,8,2,6,0.0039063,1.9137e-09,1.0461e+13,78.203
2,19,8,12,0,1,0,0,0,8,3,5,0.0039063,3.8274e-09,1.0461e+13,156.41
2,19,10,10,0,1,0,0,0,8,4,4,0.0039063,4.7843e-09,1.0461e+13,195.51
2,19,12,8,0,1,0,0,0,8,5,3,0.0039063,3.8274e-09,1.0461e+13,156.41
2,19,14,6,0,1,0,0,0,8,6,2,0.0039063,1.9137e-09,1.0461e+13,78.203
2,19,16,4,0,1,0,0,0,8,7,1,0.0039063,5.4677e-10,1.0461e+13,22.344
2,19,18,2,0,1,0,0,0,8,8,0,0.0039063,6.8347e-11,1.0461e+13,2.793
3,2,2,2,1,0,0,0,0,0,0,0,1,1,0.5,0.5
3,4,2,4,1,0,0,0,0,1,0,1,0.5,1,-1,-0.5
3,4,4,2,1,0,0,0,0,1,1,0,0.5,1,-1,-0.5
3,6,2,6,1,0,0,0,0,2,0,2,0.25,0.25,-36,-2.25
3,6,4,4,1,0,0,0,0,2,1,1,0.25,0.5,-36,-4.5
3,6,6,2,1,0,0,0,0,2,2,0,0.25,0.25,-36,-2.25
3,8,2,8,1,0,0,0,0,3,0,3,0.125,0.027778,-1800,-6.25
3,8,4,6,1,0,0,0,0,3,1,2,0.125,0.083333,-1800,-18.75
3,8,6,4,1,0,0,0,0,3,2,1,0.125,0.083333,-1800,-18.75
3,8,8,2,1,0,0,0,0,3,3,0,0.125,0.027778,-1800,-6.25
3,10,2,10,1,0,0,0,0,4,0,4,0.0625,0.0017361,-1.4112e+05,-15.312
3,10,4,8,1,0,0,0,0,4,1,3,0.0625,0.0069444,-1.4112e+05,-61.25
3,10,6,6,1,0,0,0,0,4,2,2,0.0625,0.010417,-1.4112e+05,-91.875
3,10,8,4,1,0,0,0,0,4,3,1,0.0625,0.0069444,-1.4112e+05,-61.25
3,10,10,2,1,0,0,0,0,4,4,0,0.0625,0.0017361,-1.4112e+05,-15.312
3,12,2,12,1,0,0,0,0,5,0,5,0.03125,6.9444e-05,-1.633e+07,-35.437
3,12,4,10,1,0,0,0,0,5,1,4,0.03125,0.00034722,-1.633e+07,-177.19
3,12,6,8,1,0,0,0,0,5,2,3,0.03125,0.00069444,-1.633e+07,-354.38
3,12,8,6,1,0,0,0,0,5,3,2,0.03125,0.00069444,-1.633e+07,-354.38
3,12,10,4,1,0,0,0,0,5,4,1,0.03125,0.00034722,-1.633e+07,-177.19
3,12,12,2,1,0,0,0,0,5,5,0,0.03125,6.9444e-05,-1.633e+07,-35.437
3,14,2,14,1,0,0,0,0,6,0,6,0.015625,1.929e-06,-2.6345e+09,-79.406
3,14,4,12,1,0,0,0,0,6,1,5,0.015625,1.1574e-05,-2.6345e+09,-476.44
3,14,6,10,1,0,0,0,0,6,2,4,0.015625,2.8935e-05,-2.6345e+09,-1191.1
3,14,8,8,1,0,0,0,0,6,3,3,0.015625,3.858e-05,-2.6345e+09,-1588.1
3,14,10,6,1,0,0,0,0,6,4,2,0.015625,2.8935e-05,-2.6345e+09,-1191.1
3,14,12,4,1,0,0,0,0,6,5,1,0.015625,1.1574e-05,-2.6345e+09,-476.44
3,14,14,2,1,0,0,0,0,6,6,0,0.015625,1.929e-06,-2.6345e+09,-79.406
3,16,2,16,1,0,0,0,0,7,0,7,0.0078125,3.9368e-08,-5.6666e+11,-174.28
3,16,4,14,1,0,0,0,0,7,1,6,0.0078125,2.7557e-07,-5.6666e+11,-1220
3,16,6,12,1,0,0,0,0,7,2,5,0.0078125,8.2672e-07,-5.6666e+11,-3659.9
3,16,8,10,1,0,0,0,0,7,3,4,0.0078125,1.3779e-06,-5.6666e+11,-6099.8
3,16,10,8,1,0,0,0,0,7,4,3,0.0078125,1.3779e-06,-5.6666e+11,-6099.8
3,16,12,6,1,0,0,0,0,7,5,2,0.0078125,8.2672e-07,-5.6666e+11,-3659.9
3,16,14,4,1,0,0,0,0,7,6,1,0.0078125,2.7557e-07,-5.6666e+11,-1220
3,16,16,2,1,0,0,0,0,7,7,0,0.0078125,3.9368e-08,-5.6666e+11,-174.28
3,18,2,18,1,0,0,0,0,8,0,8,0.0039063,6.1512e-10,-1.5692e+14,-377.05
3,18,4,16,1,0,0,0,0,8,1,7,0.0039063,4.9209e-09,-1.5692e+14,-3016.4
3,18,6,14,1,0,0,0,0,8,2,6,0.0039063,1.7223e-08,-1.5692e+14,-10557
3,18,8,12,1,0,0,0,0,8,3,5,0.0039063,3.4447e-08,-1.5692e+14,-21115
3,18,10,10,1,0,0,0,0,8,4,4,0.0039063,4.3058e-08,-1.5692e+14,-26394
3,18,12,8,1,0,0,0,0,8,5,3,0.0039063,3.4447e-08,-1.5692e+14,-21115
3,18,14,6,1,0,0,0,0,8,6,2,0.0039063,1.7223e-08,-1.5692e+14,-10557
3,18,16,4,1,0,0,0,0,8,7,1,0.0039063,4.9209e-09,-1.5692e+14,-3016.4
3,18,18,2,1,0,0,0,0,8,8,0,0.0039063,6.1512e-10,-1.5692e+14,-377.05
4,1,2,2,0,0,0,0,1,-1,0,0,0.5,1,2,1
4,2,1,6,0,0,0,0,1,0,-1,2,0.25,0.5,24,3
4,2,2,4,0,0,0,0,1,0,0,1,0.5,1,2,1
4,2,2,5,0,0,0,1,1,0,0,1,0.5,0.5,1,0.25
4,2,3,4,0,0,1,0,1,0,0,1,0.5,1,-1,-0.5
4,2,4,2,0,0,0,0,1,0,1,0,0.5,1,2,1
4,2,4,3,0,0,0,1,1,0,1,0,0.5,1,-1,-0.5
4,2,5,2,0,0,1,0,1,0,1,0,0.5,0.5,1,0.25
4,2,6,1,0,0,0,0,1,0,2,-1,0.25,0.5,24,3
4,3,2,4,0,1,0,0,1,0,0,1,0.5,1,-1,-0.5
4,3,4,2,0,1,0,0,1,0,1,0,0.5,1,-1,-0.5
4,4,1,8,0,0,0,0,1,1,-1,3,0.125,0.16667,720,15
4,4,2,6,0,0,0,0,1,1,0,2,0.25,0.5,24,3
4,4,2,7,0,0,0,1,1,1,0,2,0.25,0.16667,12,0.5
4,4,3,6,0,0,1,0,1,1,0,2,0.25,0.5,-36,-4.5
4,4,4,4,0,0,0,0,1,1,1,1,0.25,1,24,6
4,4,4,5,0,0,0,1,1,1,1,1,0.25,0.5,-12,-1.5
4,4,5,4,0,0,1,0,1,1,1,1,0.25,0.5,-12,-1.5
4,4,6,2,0,0,0,0,1,1,2,0,0.25,0.5,24,3
4,4,6,3,0,0,0,1,1,1,2,0,0.25,0.5,-36,-4.5
4,4,7,2,0,0,1,0,1,1,2,0,0.25,0.16667,12,0.5
4,4,8,1,0,0,0,0,1,1,3,-1,0.125,0.16667,720,15
4,5,2,6,0,1,0,0,1,1,0,2,0.25,0.25,-12,-0.75
4,5,4,4,0,1,0,0,1,1,1,1,0.25,0.5,-12,-1.5
4,5,6,2,0,1,0,0,1,1,2,0,0.25,0.25,-12,-0.75
4,6,1,10,0,0,0,0,1,2,-1,4,0.0625,0.020833,40320,52.5
4,6,2,8,0,0,0,0,1,2,0,3,0.125,0.083333,720,7.5
4,6,2,9,0,0,0,1,1,2,0,3,0.125,0.020833,360,0.9375
4,6,3,8,0,0,1,0,1,2,0,3,0.125,0.083333,-1800,-18.75
4,6,4,6,0,0,0,0,1,2,1,2,0.125,0.25,720,22.5
4,6,4,7,0,0,0,1,1,2,1,2,0.125,0.083333,-360,-3.75
4,6,5,6,0,0,1,0,1,2,1,2,0.125,0.125,-1080,-16.875
4,6,6,4,0,0,0,0,1,2,2,1,0.125,0.25,720,22.5
4,6,6,5,0,0,0,1,1,2,2,1,0.125,0.125,-1080,-16.875
4,6,7,4,0,0,1,0,1,2,2,1,0.125,0.083333,-360,-3.75
4,6,8,2,0,0,0,0,1,2,3,0,0.125,0.083333,720,7.5
4,6,8,3,0,0,0,1,1,2,3,0,0.125,0.083333,-1800,-18.75
4,6,9,2,0,0,1,0,1,2,3,0,0.125,0.020833,360,0.9375
4,6,10,1,0,0,0,0,1,2,4,-1,0.0625,0.020833,40320,52.5
4,7,2,8,0,1,0,0,1,2,0,3,0.125,0.027778,-360,-1.25
4,7,4,6,0,1,0,0,1,2,1,2,0.125,0.083333,-360,-3.75
4,7,6,4,0,1,0,0,1,2,2,1,0.125,0.083333,-360,-3.75
4,7,8,2,0,1,0,0,1,2,3,0,0.125,0.027778,-360,-1.25
4,8,1,12,0,0,0,0,1,3,-1,5,0.03125,0.0013889,3.6288e+06,157.5
4,8,2,10,0,0,0,0,1,3,0,4,0.0625,0.0069444,40320,17.5
4,8,2,11,0,0,0,1,1,3,0,4,0.0625,0.0013889,20160,1.75
4,8,3,10,0,0,1,0,1,3,0,4,0.0625,0.0069444,-1.4112e+05,-61.25
4,8,4,8,0,0,0,0,1,3,1,3,0.0625,0.027778,40320,70
4,8,4,9,0,0,0,1,1,3,1,3,0.0625,0.0069444,-20160,-8.75
4,8,5,8,0,0,1,0,1,3,1,3,0.0625,0.013889,-1.008e+05,-87.5
4,8,6,6,0,0,0,0,1,3,2,2,0.0625,0.041667,40320,105
4,8,6,7,0,0,0,1,1,3,2,2,0.0625,0.013889,-60480,-52.5
4,8,7,6,0,0,1,0,1,3,2,2,0.0625,0.013889,-60480,-52.5
4,8,8,4,0,0,0,0,1,3,3,1,0.0625,0.027778,40320,70
4,8,8,5,0,0,0,1,1,3,3,1,0.0625,0.013889,-1.008e+05,-87.5
4,8,9,4,0,0,1,0,1,3,3,1,0.0625,0.0069444,-20160,-8.75
4,8,10,2,0,0,0,0,1,3,4,0,0.0625,0.0069444,40320,17.5
4,8,10,3,0,0,0,1,1,3,4,0,0.0625,0.0069444,-1.4112e+05,-61.25
4,8,11,2,0,0,1,0,1,3,4,0,0.0625,0.0013889,20160,1.75
4,8,12,1,0,0,0,0,1,3,5,-1,0.03125,0.0013889,3.6288e+06,157.5
4,9,2,10,0,1,0,0,1,3,0,4,0.0625,0.0017361,-20160,-2.1875
4,9,4,8,0,1,0,0,1,3,1,3,0.0625,0.0069444,-20160,-8.75
4,9,6,6,0,1,0,0,1,3,2,2,0.0625,0.010417,-20160,-13.125
4,9,8,4,0,1,0,0,1,3,3,1,0.0625,0.0069444,-20160,-8.75
4,9,10,2,0,1,0,0,1,3,4,0,0.0625,0.0017361,-20160,-2.1875
4,10,1,14,0,0,0,0,1,4,-1,6,0.015625,5.787e-05,4.79e+08,433.12
4,10,2,12,0,0,0,0,1,4,0,5,0.03125,0.00034722,3.6288e+06,39.375
4,10,2,13,0,0,0,1,1,4,0,5,0.03125,5.787e-05,1.8144e+06,3.2812
4,10,3,12,0,0,1,0,1,4,0,5,0.03125,0.00034722,-1.633e+07,-177.19
4,10,4,10,0,0,0,0,1,4,1,4,0.03125,0.0017361,3.6288e+06,196.87
4,10,4,11,0,0,0,1,1,4,1,4,0.03125,0.00034722,-1.8144e+06,-19.688
4,10,5,10,0,0,1,0,1,4,1,4,0.03125,0.00086806,-1.2701e+07,-344.53
4,10,6,8,0,0,0,0,1,4,2,3,0.03125,0.0034722,3.6288e+06,393.75
4,10,6,9,0,0,0,1,1,4,2,3,0.03125,0.00086806,-5.4432e+06,-147.66
4,10,7,8,0,0,1,0,1,4,2,3,0.03125,0.0011574,-9.072e+06,-328.12
4,10,8,6,0,0,0,0,1,4,3,2,0.03125,0.0034722,3.6288e+06,393.75
4,10,8,7,0,0,0,1,1,4,3,2,0.03125,0.0011574,-9.072e+06,-328.12
4,10,9,6,0,0,1,0,1,4,3,2,0.03125,0.00086806,-5.4432e+06,-147.66
4,10,10,4,0,0,0,0,1,4,4,1,0.03125,0.0017361,3.6288e+06,196.87
4,10,10,5,0,0,0,1,1,4,4,1,0.03125,0.00086806,-1.2701e+07,-344.53
4,10,11,4,0,0,1,0,1,4,4,1,0.03125,0.00034722,-1.8144e+06,-19.688
4,10,12,2,0,0,0,0,1,4,5,0,0.03125,0.00034722,3.6288e+06,39.375
4,10,12,3,0,0,0,1,1,4,5,0,0.03125,0.00034722,-1.633e+07,-177.19
4,10,13,2,0,0,1,0,1,4,5,0,0.03125,5.787e-05,1.8144e+06,3.2812
4,10,14,1,0,0,0,0,1,4,6,-1,0.015625,5.787e-05,4.79e+08,433.12
4,11,2,12,0,1,0,0,1,4,0,5,0.03125,6.9444e-05,-1.8144e+06,-3.9375
4,11,4,10,0,1,0,0,1,4,1,4,0.03125,0.00034722,-1.8144e+06,-19.688
4,11,6,8,0,1,0,0,1,4,2,3,0.03125,0.00069444,-1.8144e+06,-39.375
4,11,8,6,0,1,0,0,1,4,3,2,0.03125,0.00069444,-1.8144e+06,-39.375
4,11,10,4,0,1,0,0,1,4,4,1,0.03125,0.00034722,-1.8144e+06,-19.688
4,11,12,2,0,1,0,0,1,4,5,0,0.03125,6.9444e-05,-1.8144e+06,-3.9375
4,12,1,16,0,0,0,0,1,5,-1,7,0.0078125,1.6534e-06,8.7178e+10,1126.1
4,12,2,14,0,0,0,0,1,5,0,6,0.015625,1.1574e-05,4.79e+08,86.625
4,12,2,15,0,0,0,1,1,5,0,6,0.015625,1.6534e-06,2.395e+08,6.1875
4,12,3,14,0,0,1,0,1,5,0,6,0.015625,1.1574e-05,-2.6345e+09,-476.44
4,12,4,12,0,0,0,0,1,5,1,5,0.015625,6.9444e-05,4.79e+08,519.75
4,12,4,13,0,0,0,1,1,5,1,5,0.015625,1.1574e-05,-2.395e+08,-43.313
4,12,5,12,0,0,1,0,1,5,1,5,0.015625,3.4722e-05,-2.1555e+09,-1169.4
4,12,6,10,0,0,0,0,1,5,2,4,0.015625,0.00017361,4.79e+08,1299.4
4,12,6,11,0,0,0,1,1,5,2,4,0.015625,3.4722e-05,-7.185e+08,-389.81
4,12,7,10,0,0,1,0,1,5,2,4,0.015625,5.787e-05,-1.6765e+09,-1515.9
4,12,8,8,0,0,0,0,1,5,3,3,0.015625,0.00023148,4.79e+08,1732.5
4,12,8,9,0,0,0,1,1,5,3,3,0.015625,5.787e-05,-1.1975e+09,-1082.8
4,12,9,8,0,0,1,0,1,5,3,3,0.015625,5.787e-05,-1.1975e+09,-1082.8
4,12,10,6,0,0,0,0,1,5,4,2,0.015625,0.00017361,4.79e+08,1299.4
4,12,10,7,0,0,0,1,1,5,4,2,0.015625,5.787e-05,-1.6765e+09,-1515.9
4,12,11,6,0,0,1,0,1,5,4,2,0.015625,3.4722e-05,-7.185e+08,-389.81
4,12,12,4,0,0,0,0,1,5,5,1,0.015625,6.9444e-05,4.79e+08,519.75
4,12,12,5,0,0,0,1,1,5,5,1,0.015625,3.4722e-05,-2.1555e+09,-1169.4
4,12,13,4,0,0,1,0,1,5,5,1,0.015625,1.1574e-05,-2.395e+08,-43.313
4,12,14,2,0,0,0,0,1,5,6,0,0.015625,1.1574e-05,4.79e+08,86.625
4,12,14,3,0,0,0,1,1,5,6,0,0.015625,1.1574e-05,-2.6345e+09,-476.44
4,12,15,2,0,0,1,0,1,5,6,0,0.015625,1.6534e-06,2.395e+08,6.1875
4,12,16,1,0,0,0,0,1,5,7,-1,0.0078125,1.6534e-06,8.7178e+10,1126.1
4,13,2,14,0,1,0,0,1,5,0,6,0.015625,1.929e-06,-2.395e+08,-7.2188
4,13,4,12,0,1,0,0,1,5,1,5,0.015625,1.1574e-05,-2.395e+08,-43.313
4,13,6,10,0,1,0,0,1,5,2,4,0.015625,2.8935e-05,-2.395e+08,-108.28
4,13,8,8,0,1,0,0,1,5,3,3,0.015625,3.858e-05,-2.395e+08,-144.38
4,13,10,6,0,1,0,0,1,5,4,2,0.015625,2.8935e-05,-2.395e+08,-108.28
4,13,12,4,0,1,0,0,1,5,5,1,0.015625,1.1574e-05,-2.395e+08,-43.313
4,13,14,2,0,1,0,0,1,5,6,0,0.015625,1.929e-06,-2.395e+08,-7.2188
4,14,1,18,0,0,0,0,1,6,-1,8,0.0039063,3.4447e-08,2.0923e+13,2815.3
4,14,2,16,0,0,0,0,1,6,0,7,0.0078125,2.7557e-07,8.7178e+10,187.69
4,14,2,17,0,0,0,1,1,6,0,7,0.0078125,3.4447e-08,4.3589e+10,11.73
4,14,3,16,0,0,1,0,1,6,0,7,0.0078125,2.7557e-07,-5.6666e+11,-1220
4,14,4,14,0,0,0,0,1,6,1,6,0.0078125,1.929e-06,8.7178e+10,1313.8
4,14,4,15,0,0,0,1,1,6,1,6,0.0078125,2.7557e-07,-4.3589e+10,-93.844
4,14,5,14,0,0,1,0,1,6,1,6,0.0078125,9.6451e-07,-4.7948e+11,-3613
4,14,6,12,0,0,0,0,1,6,2,5,0.0078125,5.787e-06,8.7178e+10,3941.4
4,14,6,13,0,0,0,1,1,6,2,5,0.0078125,9.6451e-07,-1.3077e+11,-985.36
4,14,7,12,0,0,1,0,1,6,2,5,0.0078125,1.929e-06,-3.923e+11,-5912.2
4,14,8,10,0,0,0,0,1,6,3,4,0.0078125,9.6451e-06,8.7178e+10,6569.1
4,14,8,11,0,0,0,1,1,6,3,4,0.0078125,1.929e-06,-2.1795e+11,-3284.5
4,14,9,10,0,0,1,0,1,6,3,4,0.0078125,2.4113e-06,-3.0512e+11,-5747.9
4,14,10,8,0,0,0,0,1,6,4,3,0.0078125,9.6451e-06,8.7178e+10,6569.1
4,14,10,9,0,0,0,1,1,6,4,3,0.0078125,2.4113e-06,-3.0512e+11,-5747.9
4,14,11,8,0,0,1,0,1,6,4,3,0.0078125,1.929e-06,-2.1795e+11,-3284.5
4,14,12,6,0,0,0,0,1,6,5,2,0.0078125,5.787e-06,8.7178e+10,3941.4
4,14,12,7,0,0,0,1,1,6,5,2,0.0078125,1.929e-06,-3.923e+11,-5912.2
4,14,13,6,0,0,1,0,1,6,5,2,0.0078125,9.6451e-07,-1.3077e+11,-985.36
4,14,14,4,0,0,0,0,1,6,6,1,0.0078125,1.929e-06,8.7178e+10,1313.8
4,14,14,5,0,0,0,1,1,6,6,1,0.0078125,9.6451e-07,-4.7948e+11,-3613
4,14,15,4,0,0,1,0,1,6,6,1,0.0078125,2.7557e-07,-4.3589e+10,-93.844
4,14,16,2,0,0,0,0,1,6,7,0,0.0078125,2.7557e-07,8.7178e+10,187.69
4,14,16,3,0,0,0,1,1,6,7,0,0.0078125,2.7557e-07,-5.6666e+11,-1220
4,14,17,2,0,0,1,0,1,6,7,0,0.0078125,3.4447e-08,4.3589e+10,11.73
4,14,18,1,0,0,0,0,1,6,8,-1,0.0039063,3.4447e-08,2.0923e+13,2815.3
4,15,2,16,0,1,0,0,1,6,0,7,0.0078125,3.9368e-08,-4.3589e+10,-13.406
4,15,4,14,0,1,0,0,1,6,1,6,0.0078125,2.7557e-07,-4.3589e+10,-93.844
4,15,6,12,0,1,0,0,1,6,2,5,0.0078125,8.2672e-07,-4.3589e+10,-281.53
4,15,8,10,0,1,0,0,1,6,3,4,0.0078125,1.3779e-06,-4.3589e+10,-469.22
4,15,10,8,0,1,0,0,1,6,4,3,0.0078125,1.3779e-06,-4.3589e+10,-469.22
4,15,12,6,0,1,0,0,1,6,5,2,0.0078125,8.2672e-07,-4.3589e+10,-281.53
4,15,14,4,0,1,0,0,1,6,6,1,0.0078125,2.7557e-07,-4.3589e+10,-93.844
4,15,16,2,0,1,0,0,1,6,7,0,0.0078125,3.9368e-08,-4.3589e+10,-13.406
4,16,2,18,0,0,0,0,1,7,0,8,0.0039063,4.9209e-09,2.0923e+13,402.19
4,16,2,19,0,0,0,1,1,7,0,8,0.0039063,5.4677e-10,1.0461e+13,22.344
4,16,3,18,0,0,1,0,1,7,0,8,0.0039063,4.9209e-09,-1.5692e+14,-3016.4
4,16,4,16,0,0,0,0,1,7,1,7,0.0039063,3.9368e-08,2.0923e+13,3217.5
4,16,4,17,0,0,0,1,1,7,1,7,0.0039063,4.9209e-09,-1.0461e+13,-201.09
4,16,5,16,0,0,1,0,1,7,1,7,0.0039063,1.9684e-08,-1.36e+14,-10457
4,16,6,14,0,0,0,0,1,7,2,6,0.0039063,1.3779e-07,2.0923e+13,11261
4,16,6,15,0,0,0,1,1,7,2,6,0.0039063,1.9684e-08,-3.1384e+13,-2413.1
4,16,7,14,0,0,1,0,1,7,2,6,0.0039063,4.5929e-08,-1.1508e+14,-20646
4,16,8,12,0,0,0,0,1,7,3,5,0.0039063,2.7557e-07,2.0923e+13,22522
4,16,8,13,0,0,0,1,1,7,3,5,0.0039063,4.5929e-08,-5.2307e+13,-9384.4
4,16,9,12,0,0,1,0,1,7,3,5,0.0039063,6.8893e-08,-9.4153e+13,-25338
4,16,10,10,0,0,0,0,1,7,4,4,0.0039063,3.4447e-07,2.0923e+13,28153
4,16,10,11,0,0,0,1,1,7,4,4,0.0039063,6.8893e-08,-7.323e+13,-19707
4,16,11,10,0,0,1,0,1,7,4,4,0.0039063,6.8893e-08,-7.323e+13,-19707
4,16,12,8,0,0,0,0,1,7,5,3,0.0039063,2.7557e-07,2.0923e+13,22522
4,16,12,9,0,0,0,1,1,7,5,3,0.0039063,6.8893e-08,-9.4153e+13,-25338
4,16,13,8,0,0,1,0,1,7,5,3,0.0039063,4.5929e-08,-5.2307e+13,-9384.4
4,16,14,6,0,0,0,0,1,7,6,2,0.0039063,1.3779e-07,2.0923e+13,11261
4,16,14,7,0,0,0,1,1,7,6,2,0.0039063,4.5929e-08,-1.1508e+14,-20646
4,16,15,6,0,0,1,0,1,7,6,2,0.0039063,1.9684e-08,-3.1384e+13,-2413.1
4,16,16,4,0,0,0,0,1,7,7,1,0.0039063,3.9368e-08,2.0923e+13,3217.5
4,16,16,5,0,0,0,1,1,7,7,1,0.0039063,1.9684e-08,-1.36e+14,-10457
4,16,17,4,0,0,1,0,1,7,7,1,0.0039063,4.9209e-09,-1.0461e+13,-201.09
4,16,18,2,0,0,0,0,1,7,8,0,0.0039063,4.9209e-09,2.0923e+13,402.19
4,16,18,3,0,0,0,1,1,7,8,0,0.0039063,4.9209e-09,-1.5692e+14,-3016.4
4,16,19,2,0,0,1,0,1,7,8,0,0.0039063,5.4677e-10,1.0461e+13,22.344
4,17,2,18,0,1,0,0,1,7,0,8,0.0039063,6.1512e-10,-1.0461e+13,-25.137
4,17,4,16,0,1,0,0,1,7,1,7,0.0039063,4.9209e-09,-1.0461e+13,-201.09
4,17,6,14,0,1,0,0,1,7,2,6,0.0039063,1.7223e-08,-1.0461e+13,-703.83
4,17,8,12,0,1,0,0,1,7,3,5,0.0039063,3.4447e-08,-1.0461e+13,-1407.7
4,17,10,10,0,1,0,0,1,7,4,4,0.0039063,4.3058e-08,-1.0461e+13,-1759.6
4,17,12,8,0,1,0,0,1,7,5,3,0.0039063,3.4447e-08,-1.0461e+13,-1407.7
4,17,14,6,0,1,0,0,1,7,6,2,0.0039063,1.7223e-08,-1.0461e+13,-703.83
4,17,16,4,0,1,0,0,1,7,7,1,0.0039063,4.9209e-09,-1.0461e+13,-201.09
4,17,18,2,0,1,0,0,1,7,8,0,0.0039063,6.1512e-10,-1.0461e+13,-25.137
5,2,2,4,1,0,0,0,1,0,0,1,0.5,0.5,1,0.25
5,2,4,2,1,0,0,0,1,0,1,0,0.5,0.5,1,0.25
5,4,2,6,1,0,0,0,1,1,0,2,0.25,0.25,-12,-0.75
5,4,4,4,1,0,0,0,1,1,1,1,0.25,0.5,-12,-1.5
5,4,6,2,1,0,0,0,1,1,2,0,0.25,0.25,-12,-0.75
5,6,2,8,1,0,0,0,1,2,0,3,0.125,0.041667,-1080,-5.625
5,6,4,6,1,0,0,0,1,2,1,2,0.125,0.125,-1080,-16.875
5,6,6,4,1,0,0,0,1,2,2,1,0.125,0.125,-1080,-16.875
5,6,8,2,1,0,0,0,1,2,3,0,0.125,0.041667,-1080,-5.625
5,8,2,10,1,0,0,0,1,3,0,4,0.0625,0.0034722,-1.008e+05,-21.875
5,8,4,8,1,0,0,0,1,3,1,3,0.0625,0.013889,-1.008e+05,-87.5
5,8,6,6,1,0,0,0,1,3,2,2,0.0625,0.020833,-1.008e+05,-131.25
5,8,8,4,1,0,0,0,1,3,3,1,0.0625,0.013889,-1.008e+05,-87.5
5,8,10,2,1,0,0,0,1,3,4,0,0.0625,0.0034722,-1.008e+05,-21.875
5,10,2,12,1,0,0,0,1,4,0,5,0.03125,0.00017361,-1.2701e+07,-68.906
5,10,4,10,1,0,0,0,1,4,1,4,0.03125,0.00086806,-1.2701e+07,-344.53
5,10,6,8,1,0,0,0,1,4,2,3,0.03125,0.0017361,-1.2701e+07,-689.06
5,10,8,6,1,0,0,0,1,4,3,2,0.03125,0.0017361,-1.2701e+07,-689.06
5,10,10,4,1,0,0,0,1,4,4,1,0.03125,0.00086806,-1.2701e+07,-344.53
5,10,12,2,1,0,0,0,1,4,5,0,0.03125,0.00017361,-1.2701e+07,-68.906
5,12,2,14,1,0,0,0,1,5,0,6,0.015625,5.787e-06,-2.1555e+09,-194.91
5,12,4,12,1,0,0,0,1,5,1,5,0.015625,3.4722e-05,-2.1555e+09,-1169.4
5,12,6,10,1,0,0,0,1,5,2,4,0.015625,8.6806e-05,-2.1555e+09,-2923.6
5,12,8,8,1,0,0,0,1,5,3,3,0.015625,0.00011574,-2.1555e+09,-3898.1
5,12,10,6,1,0,0,0,1,5,4,2,0.015625,8.6806e-05,-2.1555e+09,-2923.6
5,12,12,4,1,0,0,0,1,5,5,1,0.015625,3.4722e-05,-2.1555e+09,-1169.4
5,12,14,2,1,0,0,0,1,5,6,0,0.015625,5.787e-06,-2.1555e+09,-194.91
5,14,2,16,1,0,0,0,1,6,0,7,0.0078125,1.3779e-07,-4.7948e+11,-516.14
5,14,4,14,1,0,0,0,1,6,1,6,0.0078125,9.6451e-07,-4.7948e+11,-3613
5,14,6,12,1,0,0,0,1,6,2,5,0.0078125,2.8935e-06,-4.7948e+11,-10839
5,14,8,10,1,0,0,0,1,6,3,4,0.0078125,4.8225e-06,-4.7948e+11,-18065
5,14,10,8,1,0,0,0,1,6,4,3,0.0078125,4.8225e-06,-4.7948e+11,-18065
5,14,12,6,1,0,0,0,1,6,5,2,0.0078125,2.8935e-06,-4.7948e+11,-10839
5,14,14,4,1,0,0,0,1,6,6,1,0.0078125,9.6451e-07,-4.7948e+11,-3613
5,14,16,2,1,0,0,0,1,6,7,0,0.0078125,1.3779e-07,-4.7948e+11,-516.14
5,16,2,18,1,0,0,0,1,7,0,8,0.0039063,2.4605e-09,-1.36e+14,-1307.1
5,16,4,16,1,0,0,0,1,7,1,7,0.0039063,1.9684e-08,-1.36e+14,-10457
5,16,6,14,1,0,0,0,1,7,2,6,0.0039063,6.8893e-08,-1.36e+14,-36599
5,16,8,12,1,0,0,0,1,7,3,5,0.0039063,1.3779e-07,-1.36e+14,-73198
5,16,10,10,1,0,0,0,1,7,4,4,0.0039063,1.7223e-07,-1.36e+14,-91498
5,16,12,8,1,0,0,0,1,7,5,3,0.0039063,1.3779e-07,-1.36e+14,-73198
5,16,14,6,1,0,0,0,1,7,6,2,0.0039063,6.8893e-08,-1.36e+14,-36599
5,16,16,4,1,0,0,0,1,7,7,1,0.0039063,1.9684e-08,-1.36e+14,-10457
5,16,18,2,1,0,0,0,1,7,8,0,0.0039063,2.4605e-09,-1.36e+14,-1307.1
6,1,2,4,0,0,0,0,2,-1,0,1,0.25,0.5,24,3
6,1,4,2,0,0,0,0,2,-1,1,0,0.25,0.5,24,3
6,2,1,8,0,0,0,0,2,0,-1,3,0.125,0.083333,720,7.5
6,2,2,6,0,0,0,0,2,0,0,2,0.25,0.25,24,1.5
6,2,2,7,0,0,0,1,2,0,0,2,0.25,0.083333,12,0.25
6,2,3,6,0,0,1,0,2,0,0,2,0.25,0.25,-36,-2.25
6,2,4,4,0,0,0,0,2,0,1,1,0.25,0.5,24,3
6,2,4,5,0,0,0,1,2,0,1,1,0.25,0.25,-12,-0.75
6,2,5,4,0,0,1,0,2,0,1,1,0.25,0.25,-12,-0.75
6,2,6,2,0,0,0,0,2,0,2,0,0.25,0.25,24,1.5
6,2,6,3,0,0,0,1,2,0,2,0,0.25,0.25,-36,-2.25
6,2,7,2,0,0,1,0,2,0,2,0,0.25,0.083333,12,0.25
6,2,8,1,0,0,0,0,2,0,3,-1,0.125,0.083333,720,7.5
6,3,2,6,0,1,0,0,2,0,0,2,0.25,0.25,-36,-2.25
6,3,4,4,0,1,0,0,2,0,1,1,0.25,0.5,-36,-4.5
6,3,6,2,0,1,0,0,2,0,2,0,0.25,0.25,-36,-2.25
6,4,1,10,0,0,0,0,2,1,-1,4,0.0625,0.020833,40320,52.5
6,4,2,8,0,0,0,0,2,1,0,3,0.125,0.083333,720,7.5
6,4,2,9,0,0,0,1,2,1,0,3,0.125,0.020833,360,0.9375
6,4,3,8,0,0,1,0,2,1,0,3,0.125,0.083333,-1800,-18.75
6,4,4,6,0,0,0,0,2,1,1,2,0.125,0.25,720,22.5
6,4,4,7,0,0,0,1,2,1,1,2,0.125,0.083333,-360,-3.75
6,4,5,6,0,0,1,0,2,1,1,2,0.125,0.125,-1080,-16.875
6,4,6,4,0,0,0,0,2,1,2,1,0.125,0.25,720,22.5
6,4,6,5,0,0,0,1,2,1,2,1,0.125,0.125,-1080,-16.875
6,4,7,4,0,0,1,0,2,1,2,1,0.125,0.083333,-360,-3.75
6,4,8,2,0,0,0,0,2,1,3,0,0.125,0.083333,720,7.5
6,4,8,3,0,0,0,1,2,1,3,0,0.125,0.083333,-1800,-18.75
6,4,9,2,0,0,1,0,2,1,3,0,0.125,0.020833,360,0.9375
6,4,10,1,0,0,0,0,2,1,4,-1,0.0625,0.020833,40320,52.5
6,5,2,8,0,1,0,0,2,1,0,3,0.125,0.041667,-1080,-5.625
6,5,4,6,0,1,0,0,2,1,1,2,0.125,0.125,-1080,-16.875
6,5,6,4,0,1,0,0,2,1,2,1,0.125,0.125,-1080,-16.875
6,5,8,2,0,1,0,0,2,1,3,0,0.125,0.041667,-1080,-5.625
6,6,1,12,0,0,0,0,2,2,-1,5,0.03125,0.0020833,3.6288e+06,236.25
6,6,2,10,0,0,0,0,2,2,0,4,0.0625,0.010417,40320,26.25
6,6,2,11,0,0,0,1,2,2,0,4,0.0625,0.0020833,20160,2.625
6,6,3,10,0,0,1,0,2,2,0,4,0.0625,0.010417,-1.4112e+05,-91.875
6,6,4,8,0,0,0,0,2,2,1,3,0.0625,0.041667,40320,105
6,6,4,9,0,0,0,1,2,2,1,3,0.0625,0.010417,-20160,-13.125
6,6,5,8,0,0,1,0,2,2,1,3,0.0625,0.020833,-1.008e+05,-131.25
6,6,6,6,0,0,0,0,2,2,2,2,0.0625,0.0625,40320,157.5
6,6,6,7,0,0,0,1,2,2,2,2,0.0625,0.020833,-60480,-78.75
6,6,7,6,0,0,1,0,2,2,2,2,0.0625,0.020833,-60480,-78.75
6,6,8,4,0,0,0,0,2,2,3,1,0.0625,0.041667,40320,105
6,6,8,5,0,0,0,1,2,2,3,1,0.0625,0.020833,-1.008e+05,-131.25
6,6,9,4,0,0,1,0,2,2,3,1,0.0625,0.010417,-20160,-13.125
6,6,10,2,0,0,0,0,2,2,4,0,0.0625,0.010417,40320,26.25
6,6,10,3,0,0,0,1,2,2,4,0,0.0625,0.010417,-1.4112e+05,-91.875
6,6,11,2,0,0,1,0,2,2,4,0,0.0625,0.0020833,20160,2.625
6,6,12,1,0,0,0,0,2,2,5,-1,0.03125,0.0020833,3.6288e+06,236.25
6,7,2,10,0,1,0,0,2,2,0,4,0.0625,0.0034722,-60480,-13.125
6,7,4,8,0,1,0,0,2,2,1,3,0.0625,0.013889,-60480,-52.5
6,7,6,6,0,1,0,0,2,2,2,2,0.0625,0.020833,-60480,-78.75
6,7,8,4,0,1,0,0,2,2,3,1,0.0625,0.013889,-60480,-52.5
6,7,10,2,0,1,0,0,2,2,4,0,0.0625,0.0034722,-60480,-13.125
6,8,1,14,0,0,0,0,2,3,-1,6,0.015625,0.00011574,4.79e+08,866.25
6,8,2,12,0,0,0,0,2,3,0,5,0.03125,0.00069444,3.6288e+06,78.75
6,8,2,13,0,0,0,1,2,3,0,5,0.03125,0.00011574,1.8144e+06,6.5625
6,8,3,12,0,0,1,0,2,3,0,5,0.03125,0.00069444,-1.633e+07,-354.38
6,8,4,10,0,0,0,0,2,3,1,4,0.03125,0.0034722,3.6288e+06,393.75
6,8,4,11,0,0,0,1,2,3,1,4,0.03125,0.00069444,-1.8144e+06,-39.375
6,8,5,10,0,0,1,0,2,3,1,4,0.03125,0.0017361,-1.2701e+07,-689.06
6,8,6,8,0,0,0,0,2,3,2,3,0.03125,0.0069444,3.6288e+06,787.5
6,8,6,9,0,0,0,1,2,3,2,3,0.03125,0.0017361,-5.4432e+06,-295.31
6,8,7,8,0,0,1,0,2,3,2,3,0.03125,0.0023148,-9.072e+06,-656.25
6,8,8,6,0,0,0,0,2,3,3,2,0.03125,0.0069444,3.6288e+06,787.5
6,8,8,7,0,0,0,1,2,3,3,2,0.03125,0.0023148,-9.072e+06,-656.25
6,8,9,6,0,0,1,0,2,3,3,2,0.03125,0.0017361,-5.4432e+06,-295.31
6,8,10,4,0,0,0,0,2,3,4,1,0.03125,0.0034722,3.6288e+06,393.75
6,8,10,5,0,0,0,1,2,3,4,1,0.03125,0.0017361,-1.2701e+07,-689.06
6,8,11,4,0,0,1,0,2,3,4,1,0.03125,0.00069444,-1.8144e+06,-39.375
6,8,12,2,0,0,0,0,2,3,5,0,0.03125,0.00069444,3.6288e+06,78.75
6,8,12,3,0,0,0,1,2,3,5,0,0.03125,0.00069444,-1.633e+07,-354.38
6,8,13,2,0,0,1,0,2,3,5,0,0.03125,0.00011574,1.8144e+06,6.5625
6,8,14,1,0,0,0,0,2,3,6,-1,0.015625,0.00011574,4.79e+08,866.25
6,9,2,12,0,1,0,0,2,3,0,5,0.03125,0.00017361,-5.4432e+06,-29.531
6,9,4,10,0,1,0,0,2,3,1,4,0.03125,0.00086806,-5.4432e+06,-147.66
6,9,6,8,0,1,0,0,2,3,2,3,0.03125,0.0017361,-5.4432e+06,-295.31
6,9,8,6,0,1,0,0,2,3,3,2,0.03125,0.0017361,-5.4432e+06,-295.31
6,9,10,4,0,1,0,0,2,3,4,1,0.03125,0.00086806,-5.4432e+06,-147.66
6,9,12,2,0,1,0,0,2,3,5,0,0.03125,0.00017361,-5.4432e+06,-29.531
6,10,1,16,0,0,0,0,2,4,-1,7,0.0078125,4.1336e-06,8.7178e+10,2815.3
6,10,2,14,0,0,0,0,2,4,0,6,0.015625,2.8935e-05,4.79e+08,216.56
6,10,2,15,0,0,0,1,2,4,0,6,0.015625,4.1336e-06,2.395e+08,15.469
6,10,3,14,0,0,1,0,2,4,0,6,0.015625,2.8935e-05,-2.6345e+09,-1191.1
6,10,4,12,0,0,0,0,2,4,1,5,0.015625,0.00017361,4.79e+08,1299.4
6,10,4,13,0,0,0,1,2,4,1,5,0.015625,2.8935e-05,-2.395e+08,-108.28
6,10,5,12,0,0,1,0,2,4,1,5,0.015625,8.6806e-05,-2.1555e+09,-2923.6
6,10,6,10,0,0,0,0,2,4,2,4,0.015625,0.00043403,4.79e+08,3248.4
6,10,6,11,0,0,0,1,2,4,2,4,0.015625,8.6806e-05,-7.185e+08,-974.53
6,10,7,10,0,0,1,0,2,4,2,4,0.015625,0.00014468,-1.6765e+09,-3789.8
6,10,8,8,0,0,0,0,2,4,3,3,0.015625,0.0005787,4.79e+08,4331.2
6,10,8,9,0,0,0,1,2,4,3,3,0.015625,0.00014468,-1.1975e+09,-2707
6,10,9,8,0,0,1,0,2,4,3,3,0.015625,0.00014468,-1.1975e+09,-2707
6,10,10,6,0,0,0,0,2,4,4,2,0.015625,0.00043403,4.79e+08,3248.4
6,10,10,7,0,0,0,1,2,4,4,2,0.015625,0.00014468,-1.6765e+09,-3789.8
6,10,11,6,0,0,1,0,2,4,4,2,0.015625,8.6806e-05,-7.185e+08,-974.53
6,10,12,4,0,0,0,0,2,4,5,1,0.015625,0.00017361,4.79e+08,1299.4
6,10,12,5,0,0,0,1,2,4,5,1,0.015625,8.6806e-05,-2.1555e+09,-2923.6
6,10,13,4,0,0,1,0,2,4,5,1,0.015625,2.8935e-05,-2.395e+08,-108.28
6,10,14,2,0,0,0,0,2,4,6,0,0.015625,2.8935e-05,4.79e+08,216.56
6,10,14,3,0,0,0,1,2,4,6,0,0.015625,2.8935e-05,-2.6345e+09,-1191.1
6,10,15,2,0,0,1,0,2,4,6,0,0.015625,4.1336e-06,2.395e+08,15.469
6,10,16,1,0,0,0,0,2,4,7,-1,0.0078125,4.1336e-06,8.7178e+10,2815.3
6,11,2,14,0,1,0,0,2,4,0,6,0.015625,5.787e-06,-7.185e+08,-64.969
6,11,4,12,0,1,0,0,2,4,1,5,0.015625,3.4722e-05,-7.185e+08,-389.81
6,11,6,10,0,1,0,0,2,4,2,4,0.015625,8.6806e-05,-7.185e+08,-974.53
6,11,8,8,0,1,0,0,2,4,3,3,0.015625,0.00011574,-7.185e+08,-1299.4
6,11,10,6,0,1,0,0,2,4,4,2,0.015625,8.6806e-05,-7.185e+08,-974.53
6,11,12,4,0,1,0,0,2,4,5,1,0.015625,3.4722e-05,-7.185e+08,-389.81
6,11,14,2,0,1,0,0,2,4,6,0,0.015625,5.787e-06,-7.185e+08,-64.969
6,12,1,18,0,0,0,0,2,5,-1,8,0.0039063,1.0334e-07,2.0923e+13,8445.9
6,12,2,16,0,0,0,0,2,5,0,7,0.0078125,8.2672e-07,8.7178e+10,563.06
6,12,2,17,0,0,0,1,2,5,0,7,0.0078125,1.0334e-07,4.3589e+10,35.191
6,12,3,16,0,0,1,0,2,5,0,7,0.0078125,8.2672e-07,-5.6666e+11,-3659.9
6,12,4,14,0,0,0,0,2,5,1,6,0.0078125,5.787e-06,8.7178e+10,3941.4
6,12,4,15,0,0,0,1,2,5,1,6,0.0078125,8.2672e-07,-4.3589e+10,-281.53
6,12,5,14,0,0,1,0,2,5,1,6,0.0078125,2.8935e-06,-4.7948e+11,-10839
6,12,6,12,0,0,0,0,2,5,2,5,0.0078125,1.7361e-05,8.7178e+10,11824
6,12,6,13,0,0,0,1,2,5,2,5,0.0078125,2.8935e-06,-1.3077e+11,-2956.1
6,12,7,12,0,0,1,0,2,5,2,5,0.0078125,5.787e-06,-3.923e+11,-17736
6,12,8,10,0,0,0,0,2,5,3,4,0.0078125,2.8935e-05,8.7178e+10,19707
6,12,8,11,0,0,0,1,2,5,3,4,0.0078125,5.787e-06,-2.1795e+11,-9853.6
6,12,9,10,0,0,1,0,2,5,3,4,0.0078125,7.2338e-06,-3.0512e+11,-17244
6,12,10,8,0,0,0,0,2,5,4,3,0.0078125,2.8935e-05,8.7178e+10,19707
6,12,10,9,0,0,0,1,2,5,4,3,0.0078125,7.2338e-06,-3.0512e+11,-17244
6,12,11,8,0,0,1,0,2,5,4,3,0.0078125,5.787e-06,-2.1795e+11,-9853.6
6,12,12,6,0,0,0,0,2,5,5,2,0.0078125,1.7361e-05,8.7178e+10,11824
6,12,12,7,0,0,0,1,2,5,5,2,0.0078125,5.787e-06,-3.923e+11,-17736
6,12,13,6,0,0,1,0,2,5,5,2,0.0078125,2.8935e-06,-1.3077e+11,-2956.1
6,12,14,4,0,0,0,0,2,5,6,1,0.0078125,5.787e-06,8.7178e+10,3941.4
6,12,14,5,0,0,0,1,2,5,6,1,0.0078125,2.8935e-06,-4.7948e+11,-10839
6,12,15,4,0,0,1,0,2,5,6,1,0.0078125,8.2672e-07,-4.3589e+10,-281.53
6,12,16,2,0,0,0,0,2,5,7,0,0.0078125,8.2672e-07,8.7178e+10,563.06
6,12,16,3,0,0,0,1,2,5,7,0,0.0078125,8.2672e-07,-5.6666e+11,-3659.9
6,12,17,2,0,0,1,0,2,5,7,0,0.0078125,1.0334e-07,4.3589e+10,35.191
6,12,18,1,0,0,0,0,2,5,8,-1,0.0039063,1.0334e-07,2.0923e+13,8445.9
6,13,2,16,0,1,0,0,2,5,0,7,0.0078125,1.3779e-07,-1.3077e+11,-140.77
6,13,4,14,0,1,0,0,2,5,1,6,0.0078125,9.6451e-07,-1.3077e+11,-985.36
6,13,6,12,0,1,0,0,2,5,2,5,0.0078125,2.8935e-06,-1.3077e+11,-2956.1
6,13,8,10,0,1,0,0,2,5,3,4,0.0078125,4.8225e-06,-1.3077e+11,-4926.8
6,13,10,8,0,1,0,0,2,5,4,3,0.0078125,4.8225e-06,-1.3077e+11,-4926.8
6,13,12,6,0,1,0,0,2,5,5,2,0.0078125,2.8935e-06,-1.3077e+11,-2956.1
6,13,14,4,0,1,0,0,2,5,6,1,0.0078125,9.6451e-07,-1.3077e+11,-985.36
6,13,16,2,0,1,0,0,2,5,7,0,0.0078125,1.3779e-07,-1.3077e+11,-140.77
6,14,2,18,0,0,0,0,2,6,0,8,0.0039063,1.7223e-08,2.0923e+13,1407.7
6,14,2,19,0,0,0,1,2,6,0,8,0.0039063,1.9137e-09,1.0461e+13,78.203
6,14,3,18,0,0,1,0,2,6,0,8,0.0039063,1.7223e-08,-1.5692e+14,-10557
6,14,4,16,0,0,0,0,2,6,1,7,0.0039063,1.3779e-07,2.0923e+13,11261
6,14,4,17,0,0,0,1,2,6,1,7,0.0039063,1.7223e-08,-1.0461e+13,-703.83
6,14,5,16,0,0,1,0,2,6,1,7,0.0039063,6.8893e-08,-1.36e+14,-36599
6,14,6,14,0,0,0,0,2,6,2,6,0.0039063,4.8225e-07,2.0923e+13,39414
6,14,6,15,0,0,0,1,2,6,2,6,0.0039063,6.8893e-08,-3.1384e+13,-8445.9
6,14,7,14,0,0,1,0,2,6,2,6,0.0039063,1.6075e-07,-1.1508e+14,-72260
6,14,8,12,0,0,0,0,2,6,3,5,0.0039063,9.6451e-07,2.0923e+13,78829
6,14,8,13,0,0,0,1,2,6,3,5,0.0039063,1.6075e-07,-5.2307e+13,-32845
6,14,9,12,0,0,1,0,2,6,3,5,0.0039063,2.4113e-07,-9.4153e+13,-88682
6,14,10,10,0,0,0,0,2,6,4,4,0.0039063,1.2056e-06,2.0923e+13,98536
6,14,10,11,0,0,0,1,2,6,4,4,0.0039063,2.4113e-07,-7.323e+13,-68975
6,14,11,10,0,0,1,0,2,6,4,4,0.0039063,2.4113e-07,-7.323e+13,-68975
6,14,12,8,0,0,0,0,2,6,5,3,0.0039063,9.6451e-07,2.0923e+13,78829
6,14,12,9,0,0,0,1,2,6,5,3,0.0039063,2.4113e-07,-9.4153e+13,-88682
6,14,13,8,0,0,1,0,2,6,5,3,0.0039063,1.6075e-07,-5.2307e+13,-32845
6,14,14,6,0,0,0,0,2,6,6,2,0.0039063,4.8225e-07,2.0923e+13,39414
6,14,14,7,0,0,0,1,2,6,6,2,0.0039063,1.6075e-07,-1.1508e+14,-72260
6,14,15,6,0,0,1,0,2,6,6,2,0.0039063,6.8893e-08,-3.1384e+13,-8445.9
6,14,16,4,0,0,0,0,2,6,7,1,0.0039063,1.3779e-07,2.0923e+13,11261
6,14,16,5,0,0,0,1,2,6,7,1,0.0039063,6.8893e-08,-1.36e+14,-36599
6,14,17,4,0,0,1,0,2,6,7,1,0.0039063,1.7223e-08,-1.0461e+13,-703.83
6,14,18,2,0,0,0,0,2,6,8,0,0.0039063,1.7223e-08,2.0923e+13,1407.7
6,14,18,3,0,0,0,1,2,6,8,0,0.0039063,1.7223e-08,-1.5692e+14,-10557
6,14,19,2,0,0,1,0,2,6,8,0,0.0039063,1.9137e-09,1.0461e+13,78.203
6,15,2,18,0,1,0,0,2,6,0,8,0.0039063,2.4605e-09,-3.1384e+13,-301.64
6,15,4,16,0,1,0,0,2,6,1,7,0.0039063,1.9684e-08,-3.1384e+13,-2413.1
6,15,6,14,0,1,0,0,2,6,2,6,0.0039063,6.8893e-08,-3.1384e+13,-8445.9
6,15,8,12,0,1,0,0,2,6,3,5,0.0039063,1.3779e-07,-3.1384e+13,-16892
6,15,10,10,0,1,0,0,2,6,4,4,0.0039063,1.7223e-07,-3.1384e+13,-21115
6,15,12,8,0,1,0,0,2,6,5,3,0.0039063,1.3779e-07,-3.1384e+13,-16892
6,15,14,6,0,1,0,0,2,6,6,2,0.0039063,6.8893e-08,-3.1384e+13,-8445.9
6,15,16,4,0,1,0,0,2,6,7,1,0.0039063,1.9684e-08,-3.1384e+13,-2413.1
6,15,18,2,0,1,0,0,2,6,8,0,0.0039063,2.4605e-09,-3.1384e+13,-301.64
7,2,2,6,1,0,0,0,2,0,0,2,0.25,0.083333,12,0.25
7,2,4,4,1,0,0,0,2,0,1,1,0.25,0.16667,12,0.5
7,2,6,2,1,0,0,0,2,0,2,0,0.25,0.083333,12,0.25
7,4,2,8,1,0,0,0,2,1,0,3,0.125,0.027778,-360,-1.25
7,4,4,6,1,0,0,0,2,1,1,2,0.125,0.083333,-360,-3.75
7,4,6,4,1,0,0,0,2,1,2,1,0.125,0.083333,-360,-3.75
7,4,8,2,1,0,0,0,2,1,3,0,0.125,0.027778,-360,-1.25
7,6,2,10,1,0,0,0,2,2,0,4,0.0625,0.0034722,-60480,-13.125
7,6,4,8,1,0,0,0,2,2,1,3,0.0625,0.013889,-60480,-52.5
7,6,6,6,1,0,0,0,2,2,2,2,0.0625,0.020833,-60480,-78.75
7,6,8,4,1,0,0,0,2,2,3,1,0.0625,0.013889,-60480,-52.5
7,6,10,2,1,0,0,0,2,2,4,0,0.0625,0.0034722,-60480,-13.125
7,8,2,12,1,0,0,0,2,3,0,5,0.03125,0.00023148,-9.072e+06,-65.625
7,8,4,10,1,0,0,0,2,3,1,4,0.03125,0.0011574,-9.072e+06,-328.12
7,8,6,8,1,0,0,0,2,3,2,3,0.03125,0.0023148,-9.072e+06,-656.25
7,8,8,6,1,0,0,0,2,3,3,2,0.03125,0.0023148,-9.072e+06,-656.25
7,8,10,4,1,0,0,0,2,3,4,1,0.03125,0.0011574,-9.072e+06,-328.12
7,8,12,2,1,0,0,0,2,3,5,0,0.03125,0.00023148,-9.072e+06,-65.625
7,10,2,14,1,0,0,0,2,4,0,6,0.015625,9.6451e-06,-1.6765e+09,-252.66
7,10,4,12,1,0,0,0,2,4,1,5,0.015625,5.787e-05,-1.6765e+09,-1515.9
7,10,6,10,1,0,0,0,2,4,2,4,0.015625,0.00014468,-1.6765e+09,-3789.8
7,10,8,8,1,0,0,0,2,4,3,3,0.015625,0.0001929,-1.6765e+09,-5053.1
7,10,10,6,1,0,0,0,2,4,4,2,0.015625,0.00014468,-1.6765e+09,-3789.8
7,10,12,4,1,0,0,0,2,4,5,1,0.015625,5.787e-05,-1.6765e+09,-1515.9
7,10,14,2,1,0,0,0,2,4,6,0,0.015625,9.6451e-06,-1.6765e+09,-252.66
7,12,2,16,1,0,0,0,2,5,0,7,0.0078125,2.7557e-07,-3.923e+11,-844.59
7,12,4,14,1,0,0,0,2,5,1,6,0.0078125,1.929e-06,-3.923e+11,-5912.2
7,12,6,12,1,0,0,0,2,5,2,5,0.0078125,5.787e-06,-3.923e+11,-17736
7,12,8,10,1,0,0,0,2,5,3,4,0.0078125,9.6451e-06,-3.923e+11,-29561
7,12,10,8,1,0,0,0,2,5,4,3,0.0078125,9.6451e-06,-3.923e+11,-29561
7,12,12,6,1,0,0,0,2,5,5,2,0.0078125,5.787e-06,-3.923e+11,-17736
7,12,14,4,1,0,0,0,2,5,6,1,0.0078125,1.929e-06,-3.923e+11,-5912.2
7,12,16,2,1,0,0,0,2,5,7,0,0.0078125,2.7557e-07,-3.923e+11,-844.59
7,14,2,18,1,0,0,0,2,6,0,8,0.0039063,5.7411e-09,-1.1508e+14,-2580.7
7,14,4,16,1,0,0,0,2,6,1,7,0.0039063,4.5929e-08,-1.1508e+14,-20646
7,14,6,14,1,0,0,0,2,6,2,6,0.0039063,1.6075e-07,-1.1508e+14,-72260
7,14,8,12,1,0,0,0,2,6,3,5,0.0039063,3.215e-07,-1.1508e+14,-1.4452e+05
7,14,10,10,1,0,0,0,2,6,4,4,0.0039063,4.0188e-07,-1.1508e+14,-1.8065e+05
7,14,12,8,1,0,0,0,2,6,5,3,0.0039063,3.215e-07,-1.1508e+14,-1.4452e+05
7,14,14,6,1,0,0,0,2,6,6,2,0.0039063,1.6075e-07,-1.1508e+14,-72260
7,14,16,4,1,0,0,0,2,6,7,1,0.0039063,4.5929e-08,-1.1508e+14,-20646
7,14,18,2,1,0,0,0,2,6,8,0,0.0039063,5.7411e-09,-1.1508e+14,-2580.7
8,1,2,6,0,0,0,0,3,-1,0,2,0.125,0.083333,720,7.5
8,1,4,4,0,0,0,0,3,-1,1,1,0.125,0.16667,720,15
8,1,6,2,0,0,0,0,3,-1,2,0,0.125,0.083333,720,7.5
8,2,1,10,0,0,0,0,3,0,-1,4,0.0625,0.0069444,40320,17.5
8,2,2,8,0,0,0,0,3,0,0,3,0.125,0.027778,720,2.5
8,2,2,9,0,0,0,1,3,0,0,3,0.125,0.0069444,360,0.3125
8,2,3,8,0,0,1,0,3,0,0,3,0.125,0.027778,-1800,-6.25
8,2,4,6,0,0,0,0,3,0,1,2,0.125,0.083333,720,7.5
8,2,4,7,0,0,0,1,3,0,1,2,0.125,0.027778,-360,-1.25
8,2,5,6,0,0,1,0,3,0,1,2,0.125,0.041667,-1080,-5.625
8,2,6,4,0,0,0,0,3,0,2,1,0.125,0.083333,720,7.5
8,2,6,5,0,0,0,1,3,0,2,1,0.125,0.041667,-1080,-5.625
8,2,7,4,0,0,1,0,3,0,2,1,0.125,0.027778,-360,-1.25
8,2,8,2,0,0,0,0,3,0,3,0,0.125,0.027778,720,2.5
8,2,8,3,0,0,0,1,3,0,3,0,0.125,0.027778,-1800,-6.25
8,2,9,2,0,0,1,0,3,0,3,0,0.125,0.0069444,360,0.3125
8,2,10,1,0,0,0,0,3,0,4,-1,0.0625,0.0069444,40320,17.5
8,3,2,8,0,1,0,0,3,0,0,3,0.125,0.027778,-1800,-6.25
8,3,4,6,0,1,0,0,3,0,1,2,0.125,0.083333,-1800,-18.75
8,3,6,4,0,1,0,0,3,0,2,1,0.125,0.083333,-1800,-18.75
8,3,8,2,0,1,0,0,3,0,3,0,0.125,0.027778,-1800,-6.25
8,4,1,12,0,0,0,0,3,1,-1,5,0.03125,0.0013889,3.6288e+06,157.5
8,4,2,10,0,0,0,0,3,1,0,4,0.0625,0.0069444,40320,17.5
8,4,2,11,0,0,0,1,3,1,0,4,0.0625,0.0013889,20160,1.75
8,4,3,10,0,0,1,0,3,1,0,4,0.0625,0.0069444,-1.4112e+05,-61.25
8,4,4,8,0,0,0,0,3,1,1,3,0.0625,0.027778,40320,70
8,4,4,9,0,0,0,1,3,1,1,3,0.0625,0.0069444,-20160,-8.75
8,4,5,8,0,0,1,0,3,1,1,3,0.0625,0.013889,-1.008e+05,-87.5
8,4,6,6,0,0,0,0,3,1,2,2,0.0625,0.041667,40320,105
8,4,6,7,0,0,0,1,3,1,2,2,0.0625,0.013889,-60480,-52.5
8,4,7,6,0,0,1,0,3,1,2,2,0.0625,0.013889,-60480,-52.5
8,4,8,4,0,0,0,0,3,1,3,1,0.0625,0.027778,40320,70
8,4,8,5,0,0,0,1,3,1,3,1,0.0625,0.013889,-1.008e+05,-87.5
8,4,9,4,0,0,1,0,3,1,3,1,0.0625,0.0069444,-20160,-8.75
8,4,10,2,0,0,0,0,3,1,4,0,0.0625,0.0069444,40320,17.5
8,4,10,3,0,0,0,1,3,1,4,0,0.0625,0.0069444,-1.4112e+05,-61.25
8,4,11,2,0,0,1,0,3,1,4,0,0.0625,0.0013889,20160,1.75
8,4,12,1,0,0,0,0,3,1,5,-1,0.03125,0.0013889,3.6288e+06,157.5
8,5,2,10,0,1,0,0,3,1,0,4,0.0625,0.0034722,-1.008e+05,-21.875
8,5,4,8,0,1,0,0,3,1,1,3,0.0625,0.013889,-1.008e+05,-87.5
8,5,6,6,0,1,0,0,3,1,2,2,0.0625,0.020833,-1.008e+05,-131.25
8,5,8,4,0,1,0,0,3,1,3,1,0.0625,0.013889,-1.008e+05,-87.5
8,5,10,2,0,1,0,0,3,1,4,0,0.0625,0.0034722,-1.008e+05,-21.875
8,6,1,14,0,0,0,0,3,2,-1,6,0.015625,0.00011574,4.79e+08,866.25
8,6,2,12,0,0,0,0,3,2,0,5,0.03125,0.00069444,3.6288e+06,78.75
8,6,2,13,0,0,0,1,3,2,0,5,0.03125,0.00011574,1.8144e+06,6.5625
8,6,3,12,0,0,1,0,3,2,0,5,0.03125,0.00069444,-1.633e+07,-354.38
8,6,4,10,0,0,0,0,3,2,1,4,0.03125,0.0034722,3.6288e+06,393.75
8,6,4,11,0,0,0,1,3,2,1,4,0.03125,0.00069444,-1.8144e+06,-39.375
8,6,5,10,0,0,1,0,3,2,1,4,0.03125,0.0017361,-1.2701e+07,-689.06
8,6,6,8,0,0,0,0,3,2,2,3,0.03125,0.0069444,3.6288e+06,787.5
8,6,6,9,0,0,0,1,3,2,2,3,0.03125,0.0017361,-5.4432e+06,-295.31
8,6,7,8,0,0,1,0,3,2,2,3,0.03125,0.0023148,-9.072e+06,-656.25
8,6,8,6,0,0,0,0,3,2,3,2,0.03125,0.0069444,3.6288e+06,787.5
8,6,8,7,0,0,0,1,3,2,3,2,0.03125,0.0023148,-9.072e+06,-656.25
8,6,9,6,0,0,1,0,3,2,3,2,0.03125,0.0017361,-5.4432e+06,-295.31
8,6,10,4,0,0,0,0,3,2,4,1,0.03125,0.0034722,3.6288e+06,393.75
8,6,10,5,0,0,0,1,3,2,4,1,0.03125,0.0017361,-1.2701e+07,-689.06
8,6,11,4,0,0,1,0,3,2,4,1,0.03125,0.00069444,-1.8144e+06,-39.375
8,6,12,2,0,0,0,0,3,2,5,0,0.03125,0.00069444,3.6288e+06,78.75
8,6,12,3,0,0,0,1,3,2,5,0,0.03125,0.00069444,-1.633e+07,-354.38
8,6,13,2,0,0,1,0,3,2,5,0,0.03125,0.00011574,1.8144e+06,6.5625
8,6,14,1,0,0,0,0,3,2,6,-1,0.015625,0.00011574,4.79e+08,866.25
8,7,2,12,0,1,0,0,3,2,0,5,0.03125,0.00023148,-9.072e+06,-65.625
8,7,4,10,0,1,0,0,3,2,1,4,0.03125,0.0011574,-9.072e+06,-328.12
8,7,6,8,0,1,0,0,3,2,2,3,0.03125,0.0023148,-9.072e+06,-656.25
8,7,8,6,0,1,0,0,3,2,3,2,0.03125,0.0023148,-9.072e+06,-656.25
8,7,10,4,0,1,0,0,3,2,4,1,0.03125,0.0011574,-9.072e+06,-328.12
8,7,12,2,0,1,0,0,3,2,5,0,0.03125,0.00023148,-9.072e+06,-65.625
8,8,1,16,0,0,0,0,3,3,-1,7,0.0078125,5.5115e-06,8.7178e+10,3753.8
8,8,2,14,0,0,0,0,3,3,0,6,0.015625,3.858e-05,4.79e+08,288.75
8,8,2,15,0,0,0,1,3,3,0,6,0.015625,5.5115e-06,2.395e+08,20.625
8,8,3,14,0,0,1,0,3,3,0,6,0.015625,3.858e-05,-2.6345e+09,-1588.1
8,8,4,12,0,0,0,0,3,3,1,5,0.015625,0.00023148,4.79e+08,1732.5
8,8,4,13,0,0,0,1,3,3,1,5,0.015625,3.858e-05,-2.395e+08,-144.38
8,8,5,12,0,0,1,0,3,3,1,5,0.015625,0.00011574,-2.1555e+09,-3898.1
8,8,6,10,0,0,0,0,3,3,2,4,0.015625,0.0005787,4.79e+08,4331.2
8,8,6,11,0,0,0,1,3,3,2,4,0.015625,0.00011574,-7.185e+08,-1299.4
8,8,7,10,0,0,1,0,3,3,2,4,0.015625,0.0001929,-1.6765e+09,-5053.1
8,8,8,8,0,0,0,0,3,3,3,3,0.015625,0.0007716,4.79e+08,5775
8,8,8,9,0,0,0,1,3,3,3,3,0.015625,0.0001929,-1.1975e+09,-3609.4
8,8,9,8,0,0,1,0,3,3,3,3,0.015625,0.0001929,-1.1975e+09,-3609.4
8,8,10,6,0,0,0,0,3,3,4,2,0.015625,0.0005787,4.79e+08,4331.2
8,8,10,7,0,0,0,1,3,3,4,2,0.015625,0.0001929,-1.6765e+09,-5053.1
8,8,11,6,0,0,1,0,3,3,4,2,0.015625,0.00011574,-7.185e+08,-1299.4
8,8,12,4,0,0,0,0,3,3,5,1,0.015625,0.00023148,4.79e+08,1732.5
8,8,12,5,0,0,0,1,3,3,5,1,0.015625,0.00011574,-2.1555e+09,-3898.1
8,8,13,4,0,0,1,0,3,3,5,1,0.015625,3.858e-05,-2.395e+08,-144.38
8,8,14,2,0,0,0,0,3,3,6,0,0.015625,3.858e-05,4.79e+08,288.75
8,8,14,3,0,0,0,1,3,3,6,0,0.015625,3.858e-05,-2.6345e+09,-1588.1
8,8,15,2,0,0,1,0,3,3,6,0,0.015625,5.5115e-06,2.395e+08,20.625
8,8,16,1,0,0,0,0,3,3,7,-1,0.0078125,5.5115e-06,8.7178e+10,3753.8
8,9,2,14,0,1,0,0,3,3,0,6,0.015625,9.6451e-06,-1.1975e+09,-180.47
8,9,4,12,0,1,0,0,3,3,1,5,0.015625,5.787e-05,-1.1975e+09,-1082.8
8,9,6,10,0,1,0,0,3,3,2,4,0.015625,0.00014468,-1.1975e+09,-2707
8,9,8,8,0,1,0,0,3,3,3,3,0.015625,0.0001929,-1.1975e+09,-3609.4
8,9,10,6,0,1,0,0,3,3,4,2,0.015625,0.00014468,-1.1975e+09,-2707
8,9,12,4,0,1,0,0,3,3,5,1,0.015625,5.787e-05,-1.1975e+09,-1082.8
8,9,14,2,0,1,0,0,3,3,6,0,0.015625,9.6451e-06,-1.1975e+09,-180.47
8,10,1,18,0,0,0,0,3,4,-1,8,0.0039063,1.7223e-07,2.0923e+13,14077
8,10,2,16,0,0,0,0,3,4,0,7,0.0078125,1.3779e-06,8.7178e+10,938.44
8,10,2,17,0,0,0,1,3,4,0,7,0.0078125,1.7223e-07,4.3589e+10,58.652
8,10,3,16,0,0,1,0,3,4,0,7,0.0078125,1.3779e-06,-5.6666e+11,-6099.8
8,10,4,14,0,0,0,0,3,4,1,6,0.0078125,9.6451e-06,8.7178e+10,6569.1
8,10,4,15,0,0,0,1,3,4,1,6,0.0078125,1.3779e-06,-4.3589e+10,-469.22
8,10,5,14,0,0,1,0,3,4,1,6,0.0078125,4.8225e-06,-4.7948e+11,-18065
8,10,6,12,0,0,0,0,3,4,2,5,0.0078125,2.8935e-05,8.7178e+10,19707
8,10,6,13,0,0,0,1,3,4,2,5,0.0078125,4.8225e-06,-1.3077e+11,-4926.8
8,10,7,12,0,0,1,0,3,4,2,5,0.0078125,9.6451e-06,-3.923e+11,-29561
8,10,8,10,0,0,0,0,3,4,3,4,0.0078125,4.8225e-05,8.7178e+10,32845
8,10,8,11,0,0,0,1,3,4,3,4,0.0078125,9.6451e-06,-2.1795e+11,-16423
8,10,9,10,0,0,1,0,3,4,3,4,0.0078125,1.2056e-05,-3.0512e+11,-28740
8,10,10,8,0,0,0,0,3,4,4,3,0.0078125,4.8225e-05,8.7178e+10,32845
8,10,10,9,0,0,0,1,3,4,4,3,0.0078125,1.2056e-05,-3.0512e+11,-28740
8,10,11,8,0,0,1,0,3,4,4,3,0.0078125,9.6451e-06,-2.1795e+11,-16423
8,10,12,6,0,0,0,0,3,4,5,2,0.0078125,2.8935e-05,8.7178e+10,19707
8,10,12,7,0,0,0,1,3,4,5,2,0.0078125,9.6451e-06,-3.923e+11,-29561
8,10,13,6,0,0,1,0,3,4,5,2,0.0078125,4.8225e-06,-1.3077e+11,-4926.8
8,10,14,4,0,0,0,0,3,4,6,1,0.0078125,9.6451e-06,8.7178e+10,6569.1
8,10,14,5,0,0,0,1,3,4,6,1,0.0078125,4.8225e-06,-4.7948e+11,-18065
8,10,15,4,0,0,1,0,3,4,6,1,0.0078125,1.3779e-06,-4.3589e+10,-469.22
8,10,16,2,0,0,0,0,3,4,7,0,0.0078125,1.3779e-06,8.7178e+10,938.44
8,10,16,3,0,0,0,1,3,4,7,0,0.0078125,1.3779e-06,-5.6666e+11,-6099.8
8,10,17,2,0,0,1,0,3,4,7,0,0.0078125,1.7223e-07,4.3589e+10,58.652
8,10,18,1,0,0,0,0,3,4,8,-1,0.0039063,1.7223e-07,2.0923e+13,14077
8,11,2,16,0,1,0,0,3,4,0,7,0.0078125,2.7557e-07,-2.1795e+11,-469.22
8,11,4,14,0,1,0,0,3,4,1,6,0.0078125,1.929e-06,-2.1795e+11,-3284.5
8,11,6,12,0,1,0,0,3,4,2,5,0.0078125,5.787e-06,-2.1795e+11,-9853.6
8,11,8,10,0,1,0,0,3,4,3,4,0.0078125,9.6451e-06,-2.1795e+11,-16423
8,11,10,8,0,1,0,0,3,4,4,3,0.0078125,9.6451e-06,-2.1795e+11,-16423
8,11,12,6,0,1,0,0,3,4,5,2,0.0078125,5.787e-06,-2.1795e+11,-9853.6
8,11,14,4,0,1,0,0,3,4,6,1,0.0078125,1.929e-06,-2.1795e+11,-3284.5
8,11,16,2,0,1,0,0,3,4,7,0,0.0078125,2.7557e-07,-2.1795e+11,-469.22
8,12,2,18,0,0,0,0,3,5,0,8,0.0039063,3.4447e-08,2.0923e+13,2815.3
8,12,2,19,0,0,0,1,3,5,0,8,0.0039063,3.8274e-09,1.0461e+13,156.41
8,12,3,18,0,0,1,0,3,5,0,8,0.0039063,3.4447e-08,-1.5692e+14,-21115
8,12,4,16,0,0,0,0,3,5,1,7,0.0039063,2.7557e-07,2.0923e+13,22522
8,12,4,17,0,0,0,1,3,5,1,7,0.0039063,3.4447e-08,-1.0461e+13,-1407.7
8,12,5,16,0,0,1,0,3,5,1,7,0.0039063,1.3779e-07,-1.36e+14,-73198
8,12,6,14,0,0,0,0,3,5,2,6,0.0039063,9.6451e-07,2.0923e+13,78829
8,12,6,15,0,0,0,1,3,5,2,6,0.0039063,1.3779e-07,-3.1384e+13,-16892
8,12,7,14,0,0,1,0,3,5,2,6,0.0039063,3.215e-07,-1.1508e+14,-1.4452e+05
8,12,8,12,0,0,0,0,3,5,3,5,0.0039063,1.929e-06,2.0923e+13,1.5766e+05
8,12,8,13,0,0,0,1,3,5,3,5,0.0039063,3.215e-07,-5.2307e+13,-65691
8,12,9,12,0,0,1,0,3,5,3,5,0.0039063,4.8225e-07,-9.4153e+13,-1.7736e+05
8,12,10,10,0,0,0,0,3,5,4,4,0.0039063,2.4113e-06,2.0923e+13,1.9707e+05
8,12,10,11,0,0,0,1,3,5,4,4,0.0039063,4.8225e-07,-7.323e+13,-1.3795e+05
8,12,11,10,0,0,1,0,3,5,4,4,0.0039063,4.8225e-07,-7.323e+13,-1.3795e+05
8,12,12,8,0,0,0,0,3,5,5,3,0.0039063,1.929e-06,2.0923e+13,1.5766e+05
8,12,12,9,0,0,0,1,3,5,5,3,0.0039063,4.8225e-07,-9.4153e+13,-1.7736e+05
8,12,13,8,0,0,1,0,3,5,5,3,0.0039063,3.215e-07,-5.2307e+13,-65691
8,12,14,6,0,0,0,0,3,5,6,2,0.0039063,9.6451e-07,2.0923e+13,78829
8,12,14,7,0,0,0,1,3,5,6,2,0.0039063,3.215e-07,-1.1508e+14,-1.4452e+05
8,12,15,6,0,0,1,0,3,5,6,2,0.0039063,1.3779e-07,-3.1384e+13,-16892
8,12,16,4,0,0,0,0,3,5,7,1,0.0039063,2.7557e-07,2.0923e+13,22522
8,12,16,5,0,0,0,1,3,5,7,1,0.0039063,1.3779e-07,-1.36e+14,-73198
8,12,17,4,0,0,1,0,3,5,7,1,0.0039063,3.4447e-08,-1.0461e+13,-1407.7
8,12,18,2,0,0,0,0,3,5,8,0,0.0039063,3.4447e-08,2.0923e+13,2815.3
8,12,18,3,0,0,0,1,3,5,8,0,0.0039063,3.4447e-08,-1.5692e+14,-21115
8,12,19,2,0,0,1,0,3,5,8,0,0.0039063,3.8274e-09,1.0461e+13,156.41
8,13,2,18,0,1,0,0,3,5,0,8,0.0039063,5.7411e-09,-5.2307e+13,-1173
8,13,4,16,0,1,0,0,3,5,1,7,0.0039063,4.5929e-08,-5.2307e+13,-9384.4
8,13,6,14,0,1,0,0,3,5,2,6,0.0039063,1.6075e-07,-5.2307e+13,-32845
8,13,8,12,0,1,0,0,3,5,3,5,0.0039063,3.215e-07,-5.2307e+13,-65691
8,13,10,10,0,1,0,0,3,5,4,4,0.0039063,4.0188e-07,-5.2307e+13,-82113
8,13,12,8,0,1,0,0,3,5,5,3,0.0039063,3.215e-07,-5.2307e+13,-65691
8,13,14,6,0,1,0,0,3,5,6,2,0.0039063,1.6075e-07,-5.2307e+13,-32845
8,13,16,4,0,1,0,0,3,5,7,1,0.0039063,4.5929e-08,-5.2307e+13,-9384.4
8,13,18,2,0,1,0,0,3,5,8,0,0.0039063,5.7411e-09,-5.2307e+13,-1173
9,2,2,8,1,0,0,0,3,0,0,3,0.125,0.0069444,360,0.3125
9,2,4,6,1,0,0,0,3,0,1,2,0.125,0.020833,360,0.9375
9,2,6,4,1,0,0,0,3,0,2,1,0.125,0.020833,360,0.9375
9,2,8,2,1,0,0,0,3,0,3,0,0.125,0.0069444,360,0.3125
9,4,2,10,1,0,0,0,3,1,0,4,0.0625,0.0017361,-20160,-2.1875
9,4,4,8,1,0,0,0,3,1,1,3,0.0625,0.0069444,-20160,-8.75
9,4,6,6,1,0,0,0,3,1,2,2,0.0625,0.010417,-20160,-13.125
9,4,8,4,1,0,0,0,3,1,3,1,0.0625,0.0069444,-20160,-8.75
9,4,10,2,1,0,0,0,3,1,4,0,0.0625,0.0017361,-20160,-2.1875
9,6,2,12,1,0,0,0,3,2,0,5,0.03125,0.00017361,-5.4432e+06,-29.531
9,6,4,10,1,0,0,0,3,2,1,4,0.03125,0.00086806,-5.4432e+06,-147.66
9,6,6,8,1,0,0,0,3,2,2,3,0.03125,0.0017361,-5.4432e+06,-295.31
9,6,8,6,1,0,0,0,3,2,3,2,0.03125,0.0017361,-5.4432e+06,-295.31
9,6,10,4,1,0,0,0,3,2,4,1,0.03125,0.00086806,-5.4432e+06,-147.66
9,6,12,2,1,0,0,0,3,2,5,0,0.03125,0.00017361,-5.4432e+06,-29.531
9,8,2,14,1,0,0,0,3,3,0,6,0.015625,9.6451e-06,-1.1975e+09,-180.47
9,8,4,12,1,0,0,0,3,3,1,5,0.015625,5.787e-05,-1.1975e+09,-1082.8
9,8,6,10,1,0,0,0,3,3,2,4,0.015625,0.00014468,-1.1975e+09,-2707
9,8,8,8,1,0,0,0,3,3,3,3,0.015625,0.0001929,-1.1975e+09,-3609.4
9,8,10,6,1,0,0,0,3,3,4,2,0.015625,0.00014468,-1.1975e+09,-2707
9,8,12,4,1,0,0,0,3,3,5,1,0.015625,5.787e-05,-1.1975e+09,-1082.8
9,8,14,2,1,0,0,0,3,3,6,0,0.015625,9.6451e-06,-1.1975e+09,-180.47
9,10,2,16,1,0,0,0,3,4,0,7,0.0078125,3.4447e-07,-3.0512e+11,-821.13
9,10,4,14,1,0,0,0,3,4,1,6,0.0078125,2.4113e-06,-3.0512e+11,-5747.9
9,10,6,12,1,0,0,0,3,4,2,5,0.0078125,7.2338e-06,-3.0512e+11,-17244
9,10,8,10,1,0,0,0,3,4,3,4,0.0078125,1.2056e-05,-3.0512e+11,-28740
9,10,10,8,1,0,0,0,3,4,4,3,0.0078125,1.2056e-05,-3.0512e+11,-28740
9,10,12,6,1,0,0,0,3,4,5,2,0.0078125,7.2338e-06,-3.0512e+11,-17244
9,10,14,4,1,0,0,0,3,4,6,1,0.0078125,2.4113e-06,-3.0512e+11,-5747.9
9,10,16,2,1,0,0,0,3,4,7,0,0.0078125,3.4447e-07,-3.0512e+11,-821.13
9,12,2,18,1,0,0,0,3,5,0,8,0.0039063,8.6117e-09,-9.4153e+13,-3167.2
9,12,4,16,1,0,0,0,3,5,1,7,0.0039063,6.8893e-08,-9.4153e+13,-25338
9,12,6,14,1,0,0,0,3,5,2,6,0.0039063,2.4113e-07,-9.4153e+13,-88682
9,12,8,12,1,0,0,0,3,5,3,5,0.0039063,4.8225e-07,-9.4153e+13,-1.7736e+05
9,12,10,10,1,0,0,0,3,5,4,4,0.0039063,6.0282e-07,-9.4153e+13,-2.2171e+05
9,12,12,8,1,0,0,0,3,5,5,3,0.0039063,4.8225e-07,-9.4153e+13,-1.7736e+05
9,12,14,6,1,0,0,0,3,5,6,2,0.0039063,2.4113e-07,-9.4153e+13,-88682
9,12,16,4,1,0,0,0,3,5,7,1,0.0039063,6.8893e-08,-9.4153e+13,-25338
9,12,18,2,1,0,0,0,3,5,8,0,0.0039063,8.6117e-09,-9.4153e+13,-3167.2
10,1,2,8,0,0,0,0,4,-1,0,3,0.0625,0.0069444,40320,17.5
10,1,4,6,0,0,0,0,4,-1,1,2,0.0625,0.020833,40320,52.5
10,1,6,4,0,0,0,0,4,-1,2,1,0.0625,0.020833,40320,52.5
10,1,8,2,0,0,0,0,4,-1,3,0,0.0625,0.0069444,40320,17.5
10,2,1,12,0,0,0,0,4,0,-1,5,0.03125,0.00034722,3.6288e+06,39.375
10,2,2,10,0,0,0,0,4,0,0,4,0.0625,0.0017361,40320,4.375
10,2,2,11,0,0,0,1,4,0,0,4,0.0625,0.00034722,20160,0.4375
10,2,3,10,0,0,1,0,4,0,0,4,0.0625,0.0017361,-1.4112e+05,-15.312
10,2,4,8,0,0,0,0,4,0,1,3,0.0625,0.0069444,40320,17.5
10,2,4,9,0,0,0,1,4,0,1,3,0.0625,0.0017361,-20160,-2.1875
10,2,5,8,0,0,1,0,4,0,1,3,0.0625,0.0034722,-1.008e+05,-21.875
10,2,6,6,0,0,0,0,4,0,2,2,0.0625,0.010417,40320,26.25
10,2,6,7,0,0,0,1,4,0,2,2,0.0625,0.0034722,-60480,-13.125
10,2,7,6,0,0,1,0,4,0,2,2,0.0625,0.0034722,-60480,-13.125
10,2,8,4,0,0,0,0,4,0,3,1,0.0625,0.0069444,40320,17.5
10,2,8,5,0,0,0,1,4,0,3,1,0.0625,0.0034722,-1.008e+05,-21.875
10,2,9,4,0,0,1,0,4,0,3,1,0.0625,0.0017361,-20160,-2.1875
10,2,10,2,0,0,0,0,4,0,4,0,0.0625,0.0017361,40320,4.375
10,2,10,3,0,0,0,1,4,0,4,0,0.0625,0.0017361,-1.4112e+05,-15.312
10,2,11,2,0,0,1,0,4,0,4,0,0.0625,0.00034722,20160,0.4375
10,2,12,1,0,0,0,0,4,0,5,-1,0.03125,0.00034722,3.6288e+06,39.375
10,3,2,10,0,1,0,0,4,0,0,4,0.0625,0.0017361,-1.4112e+05,-15.312
10,3,4,8,0,1,0,0,4,0,1,3,0.0625,0.0069444,-1.4112e+05,-61.25
10,3,6,6,0,1,0,0,4,0,2,2,0.0625,0.010417,-1.4112e+05,-91.875
10,3,8,4,0,1,0,0,4,0,3,1,0.0625,0.0069444,-1.4112e+05,-61.25
10,3,10,2,0,1,0,0,4,0,4,0,0.0625,0.0017361,-1.4112e+05,-15.312
10,4,1,14,0,0,0,0,4,1,-1,6,0.015625,5.787e-05,4.79e+08,433.12
10,4,2,12,0,0,0,0,4,1,0,5,0.03125,0.00034722,3.6288e+06,39.375
10,4,2,13,0,0,0,1,4,1,0,5,0.03125,5.787e-05,1.8144e+06,3.2812
10,4,3,12,0,0,1,0,4,1,0,5,0.03125,0.00034722,-1.633e+07,-177.19
10,4,4,10,0,0,0,0,4,1,1,4,0.03125,0.0017361,3.6288e+06,196.87
10,4,4,11,0,0,0,1,4,1,1,4,0.03125,0.00034722,-1.8144e+06,-19.688
10,4,5,10,0,0,1,0,4,1,1,4,0.03125,0.00086806,-1.2701e+07,-344.53
10,4,6,8,0,0,0,0,4,1,2,3,0.03125,0.0034722,3.6288e+06,393.75
10,4,6,9,0,0,0,1,4,1,2,3,0.03125,0.00086806,-5.4432e+06,-147.66
10,4,7,8,0,0,1,0,4,1,2,3,0.03125,0.0011574,-9.072e+06,-328.12
10,4,8,6,0,0,0,0,4,1,3,2,0.03125,0.0034722,3.6288e+06,393.75
10,4,8,7,0,0,0,1,4,1,3,2,0.03125,0.0011574,-9.072e+06,-328.12
10,4,9,6,0,0,1,0,4,1,3,2,0.03125,0.00086806,-5.4432e+06,-147.66
10,4,10,4,0,0,0,0,4,1,4,1,0.03125,0.0017361,3.6288e+06,196.87
10,4,10,5,0,0,0,1,4,1,4,1,0.03125,0.00086806,-1.2701e+07,-344.53
10,4,11,4,0,0,1,0,4,1,4,1,0.03125,0.00034722,-1.8144e+06,-19.688
10,4,12,2,0,0,0,0,4,1,5,0,0.03125,0.00034722,3.6288e+06,39.375
10,4,12,3,0,0,0,1,4,1,5,0,0.03125,0.00034722,-1.633e+07,-177.19
10,4,13,2,0,0,1,0,4,1,5,0,0.03125,5.787e-05,1.8144e+06,3.2812
10,4,14,1,0,0,0,0,4,1,6,-1,0.015625,5.787e-05,4.79e+08,433.12
10,5,2,12,0,1,0,0,4,1,0,5,0.03125,0.00017361,-1.2701e+07,-68.906
10,5,4,10,0,1,0,0,4,1,1,4,0.03125,0.00086806,-1.2701e+07,-344.53
10,5,6,8,0,1,0,0,4,1,2,3,0.03125,0.0017361,-1.2701e+07,-689.06
10,5,8,6,0,1,0,0,4,1,3,2,0.03125,0.0017361,-1.2701e+07,-689.06
10,5,10,4,0,1,0,0,4,1,4,1,0.03125,0.00086806,-1.2701e+07,-344.53
10,5,12,2,0,1,0,0,4,1,5,0,0.03125,0.00017361,-1.2701e+07,-68.906
10,6,1,16,0,0,0,0,4,2,-1,7,0.0078125,4.1336e-06,8.7178e+10,2815.3
10,6,2,14,0,0,0,0,4,2,0,6,0.015625,2.8935e-05,4.79e+08,216.56
10,6,2,15,0,0,0,1,4,2,0,6,0.015625,4.1336e-06,2.395e+08,15.469
10,6,3,14,0,0,1,0,4,2,0,6,0.015625,2.8935e-05,-2.6345e+09,-1191.1
10,6,4,12,0,0,0,0,4,2,1,5,0.015625,0.00017361,4.79e+08,1299.4
10,6,4,13,0,0,0,1,4,2,1,5,0.015625,2.8935e-05,-2.395e+08,-108.28
10,6,5,12,0,0,1,0,4,2,1,5,0.015625,8.6806e-05,-2.1555e+09,-2923.6
10,6,6,10,0,0,0,0,4,2,2,4,0.015625,0.00043403,4.79e+08,3248.4
10,6,6,11,0,0,0,1,4,2,2,4,0.015625,8.6806e-05,-7.185e+08,-974.53
10,6,7,10,0,0,1,0,4,2,2,4,0.015625,0.00014468,-1.6765e+09,-3789.8
10,6,8,8,0,0,0,0,4,2,3,3,0.015625,0.0005787,4.79e+08,4331.2
10,6,8,9,0,0,0,1,4,2,3,3,0.015625,0.00014468,-1.1975e+09,-2707
10,6,9,8,0,0,1,0,4,2,3,3,0.015625,0.00014468,-1.1975e+09,-2707
10,6,10,6,0,0,0,0,4,2,4,2,0.015625,0.00043403,4.79e+08,3248.4
10,6,10,7,0,0,0,1,4,2,4,2,0.015625,0.00014468,-1.6765e+09,-3789.8
10,6,11,6,0,0,1,0,4,2,4,2,0.015625,8.6806e-05,-7.185e+08,-974.53
10,6,12,4,0,0,0,0,4,2,5,1,0.015625,0.00017361,4.79e+08,1299.4
10,6,12,5,0,0,0,1,4,2,5,1,0.015625,8.6806e-05,-2.1555e+09,-2923.6
10,6,13,4,0,0,1,0,4,2,5,1,0.015625,2.8935e-05,-2.395e+08,-108.28
10,6,14,2,0,0,0,0,4,2,6,0,0.015625,2.8935e-05,4.79e+08,216.56
10,6,14,3,0,0,0,1,4,2,6,0,0.015625,2.8935e-05,-2.6345e+09,-1191.1
10,6,15,2,0,0,1,0,4,2,6,0,0.015625,4.1336e-06,2.395e+08,15.469
10,6,16,1,0,0,0,0,4,2,7,-1,0.0078125,4.1336e-06,8.7178e+10,2815.3
10,7,2,14,0,1,0,0,4,2,0,6,0.015625,9.6451e-06,-1.6765e+09,-252.66
10,7,4,12,0,1,0,0,4,2,1,5,0.015625,5.787e-05,-1.6765e+09,-1515.9
10,7,6,10,0,1,0,0,4,2,2,4,0.015625,0.00014468,-1.6765e+09,-3789.8
10,7,8,8,0,1,0,0,4,2,3,3,0.015625,0.0001929,-1.6765e+09,-5053.1
10,7,10,6,0,1,0,0,4,2,4,2,0.015625,0.00014468,-1.6765e+09,-3789.8
10,7,12,4,0,1,0,0,4,2,5,1,0.015625,5.787e-05,-1.6765e+09,-1515.9
10,7,14,2,0,1,0,0,4,2,6,0,0.015625,9.6451e-06,-1.6765e+09,-252.66
10,8,1,18,0,0,0,0,4,3,-1,8,0.0039063,1.7223e-07,2.0923e+13,14077
10,8,2,16,0,0,0,0,4,3,0,7,0.0078125,1.3779e-06,8.7178e+10,938.44
10,8,2,17,0,0,0,1,4,3,0,7,0.0078125,1.7223e-07,4.3589e+10,58.652
10,8,3,16,0,0,1,0,4,3,0,7,0.0078125,1.3779e-06,-5.6666e+11,-6099.8
10,8,4,14,0,0,0,0,4,3,1,6,0.0078125,9.6451e-06,8.7178e+10,6569.1
10,8,4,15,0,0,0,1,4,3,1,6,0.0078125,1.3779e-06,-4.3589e+10,-469.22
10,8,5,14,0,0,1,0,4,3,1,6,0.0078125,4.8225e-06,-4.7948e+11,-18065
10,8,6,12,0,0,0,0,4,3,2,5,0.0078125,2.8935e-05,8.7178e+10,19707
10,8,6,13,0,0,0,1,4,3,2,5,0.0078125,4.8225e-06,-1.3077e+11,-4926.8
10,8,7,12,0,0,1,0,4,3,2,5,0.0078125,9.6451e-06,-3.923e+11,-29561
10,8,8,10,0,0,0,0,4,3,3,4,0.0078125,4.8225e-05,8.7178e+10,32845
10,8,8,11,0,0,0,1,4,3,3,4,0.0078125,9.6451e-06,-2.1795e+11,-16423
10,8,9,10,0,0,1,0,4,3,3,4,0.0078125,1.2056e-05,-3.0512e+11,-28740
10,8,10,8,0,0,0,0,4,3,4,3,0.0078125,4.8225e-05,8.7178e+10,32845
10,8,10,9,0,0,0,1,4,3,4,3,0.0078125,1.2056e-05,-3.0512e+11,-28740
10,8,11,8,0,0,1,0,4,3,4,3,0.0078125,9.6451e-06,-2.1795e+11,-16423
10,8,12,6,0,0,0,0,4,3,5,2,0.0078125,2.8935e-05,8.7178e+10,19707
10,8,12,7,0,0,0,1,4,3,5,2,0.0078125,9.6451e-06,-3.923e+11,-29561
10,8,13,6,0,0,1,0,4,3,5,2,0.0078125,4.8225e-06,-1.3077e+11,-4926.8
10,8,14,4,0,0,0,0,4,3,6,1,0.0078125,9.6451e-06,8.7178e+10,6569.1
10,8,14,5,0,0,0,1,4,3,6,1,0.0078125,4.8225e-06,-4.7948e+11,-18065
10,8,15,4,0,0,1,0,4,3,6,1,0.0078125,1.3779e-06,-4.3589e+10,-469.22
10,8,16,2,0,0,0,0,4,3,7,0,0.0078125,1.3779e-06,8.7178e+10,938.44
10,8,16,3,0,0,0,1,4,3,7,0,0.0078125,1.3779e-06,-5.6666e+11,-6099.8
10,8,17,2,0,0,1,0,4,3,7,0,0.0078125,1.7223e-07,4.3589e+10,58.652
10,8,18,1,0,0,0,0,4,3,8,-1,0.0039063,1.7223e-07,2.0923e+13,14077
10,9,2,16,0,1,0,0,4,3,0,7,0.0078125,3.4447e-07,-3.0512e+11,-821.13
10,9,4,14,0,1,0,0,4,3,1,6,0.0078125,2.4113e-06,-3.0512e+11,-5747.9
10,9,6,12,0,1,0,0,4,3,2,5,0.0078125,7.2338e-06,-3.0512e+11,-17244
10,9,8,10,0,1,0,0,4,3,3,4,0.0078125,1.2056e-05,-3.0512e+11,-28740
10,9,10,8,0,1,0,0,4,3,4,3,0.0078125,1.2056e-05,-3.0512e+11,-28740
10,9,12,6,0,1,0,0,4,3,5,2,0.0078125,7.2338e-06,-3.0512e+11,-17244
10,9,14,4,0,1,0,0,4,3,6,1,0.0078125,2.4113e-06,-3.0512e+11,-5747.9
10,9,16,2,0,1,0,0,4,3,7,0,0.0078125,3.4447e-07,-3.0512e+11,-821.13
10,10,2,18,0,0,0,0,4,4,0,8,0.0039063,4.3058e-08,2.0923e+13,3519.1
10,10,2,19,0,0,0,1,4,4,0,8,0.0039063,4.7843e-09,1.0461e+13,195.51
10,10,3,18,0,0,1,0,4,4,0,8,0.0039063,4.3058e-08,-1.5692e+14,-26394
10,10,4,16,0,0,0,0,4,4,1,7,0.0039063,3.4447e-07,2.0923e+13,28153
10,10,4,17,0,0,0,1,4,4,1,7,0.0039063,4.3058e-08,-1.0461e+13,-1759.6
10,10,5,16,0,0,1,0,4,4,1,7,0.0039063,1.7223e-07,-1.36e+14,-91498
10,10,6,14,0,0,0,0,4,4,2,6,0.0039063,1.2056e-06,2.0923e+13,98536
10,10,6,15,0,0,0,1,4,4,2,6,0.0039063,1.7223e-07,-3.1384e+13,-21115
10,10,7,14,0,0,1,0,4,4,2,6,0.0039063,4.0188e-07,-1.1508e+14,-1.8065e+05
10,10,8,12,0,0,0,0,4,4,3,5,0.0039063,2.4113e-06,2.0923e+13,1.9707e+05
10,10,8,13,0,0,0,1,4,4,3,5,0.0039063,4.0188e-07,-5.2307e+13,-82113
10,10,9,12,0,0,1,0,4,4,3,5,0.0039063,6.0282e-07,-9.4153e+13,-2.2171e+05
10,10,10,10,0,0,0,0,4,4,4,4,0.0039063,3.0141e-06,2.0923e+13,2.4634e+05
10,10,10,11,0,0,0,1,4,4,4,4,0.0039063,6.0282e-07,-7.323e+13,-1.7244e+05
10,10,11,10,0,0,1,0,4,4,4,4,0.0039063,6.0282e-07,-7.323e+13,-1.7244e+05
10,10,12,8,0,0,0,0,4,4,5,3,0.0039063,2.4113e-06,2.0923e+13,1.9707e+05
10,10,12,9,0,0,0,1,4,4,5,3,0.0039063,6.0282e-07,-9.4153e+13,-2.2171e+05
10,10,13,8,0,0,1,0,4,4,5,3,0.0039063,4.0188e-07,-5.2307e+13,-82113
10,10,14,6,0,0,0,0,4,4,6,2,0.0039063,1.2056e-06,2.0923e+13,98536
10,10,14,7,0,0,0,1,4,4,6,2,0.0039063,4.0188e-07,-1.1508e+14,-1.8065e+05
10,10,15,6,0,0,1,0,4,4,6,2,0.0039063,1.7223e-07,-3.1384e+13,-21115
10,10,16,4,0,0,0,0,4,4,7,1,0.0039063,3.4447e-07,2.0923e+13,28153
10,10,16,5,0,0,0,1,4,4,7,1,0.0039063,1.7223e-07,-1.36e+14,-91498
10,10,17,4,0,0,1,0,4,4,7,1,0.0039063,4.3058e-08,-1.0461e+13,-1759.6
10,10,18,2,0,0,0,0,4,4,8,0,0.0039063,4.3058e-08,2.0923e+13,3519.1
10,10,18,3,0,0,0,1,4,4,8,0,0.0039063,4.3058e-08,-1.5692e+14,-26394
10,10,19,2,0,0,1,0,4,4,8,0,0.0039063,4.7843e-09,1.0461e+13,195.51
10,11,2,18,0,1,0,0,4,4,0,8,0.0039063,8.6117e-09,-7.323e+13,-2463.4
10,11,4,16,0,1,0,0,4,4,1,7,0.0039063,6.8893e-08,-7.323e+13,-19707
10,11,6,14,0,1,0,0,4,4,2,6,0.0039063,2.4113e-07,-7.323e+13,-68975
10,11,8,12,0,1,0,0,4,4,3,5,0.0039063,4.8225e-07,-7.323e+13,-1.3795e+05
10,11,10,10,0,1,0,0,4,4,4,4,0.0039063,6.0282e-07,-7.323e+13,-1.7244e+05
10,11,12,8,0,1,0,0,4,4,5,3,0.0039063,4.8225e-07,-7.323e+13,-1.3795e+05
10,11,14,6,0,1,0,0,4,4,6,2,0.0039063,2.4113e-07,-7.323e+13,-68975
10,11,16,4,0,1,0,0,4,4,7,1,0.0039063,6.8893e-08,-7.323e+13,-19707
10,11,18,2,0,1,0,0,4,4,8,0,0.0039063,8.6117e-09,-7.323e+13,-2463.4
11,2,2,10,1,0,0,0,4,0,0,4,0.0625,0.00034722,20160,0.4375
11,2,4,8,1,0,0,0,4,0,1,3,0.0625,0.0013889,20160,1.75
11,2,6,6,1,0,0,0,4,0,2,2,0.0625,0.0020833,20160,2.625
11,2,8,4,1,0,0,0,4,0,3,1,0.0625,0.0013889,20160,1.75
11,2,10,2,1,0,0,0,4,0,4,0,0.0625,0.00034722,20160,0.4375
11,4,2,12,1,0,0,0,4,1,0,5,0.03125,6.9444e-05,-1.8144e+06,-3.9375
11,4,4,10,1,0,0,0,4,1,1,4,0.03125,0.00034722,-1.8144e+06,-19.688
11,4,6,8,1,0,0,0,4,1,2,3,0.03125,0.00069444,-1.8144e+06,-39.375
11,4,8,6,1,0,0,0,4,1,3,2,0.03125,0.00069444,-1.8144e+06,-39.375
11,4,10,4,1,0,0,0,4,1,4,1,0.03125,0.00034722,-1.8144e+06,-19.688
11,4,12,2,1,0,0,0,4,1,5,0,0.03125,6.9444e-05,-1.8144e+06,-3.9375
11,6,2,14,1,0,0,0,4,2,0,6,0.015625,5.787e-06,-7.185e+08,-64.969
11,6,4,12,1,0,0,0,4,2,1,5,0.015625,3.4722e-05,-7.185e+08,-389.81
11,6,6,10,1,0,0,0,4,2,2,4,0.015625,8.6806e-05,-7.185e+08,-974.53
11,6,8,8,1,0,0,0,4,2,3,3,0.015625,0.00011574,-7.185e+08,-1299.4
11,6,10,6,1,0,0,0,4,2,4,2,0.015625,8.6806e-05,-7.185e+08,-974.53
11,6,12,4,1,0,0,0,4,2,5,1,0.015625,3.4722e-05,-7.185e+08,-389.81
11,6,14,2,1,0,0,0,4,2,6,0,0.015625,5.787e-06,-7.185e+08,-64.969
11,8,2,16,1,0,0,0,4,3,0,7,0.0078125,2.7557e-07,-2.1795e+11,-469.22
11,8,4,14,1,0,0,0,4,3,1,6,0.0078125,1.929e-06,-2.1795e+11,-3284.5
11,8,6,12,1,0,0,0,4,3,2,5,0.0078125,5.787e-06,-2.1795e+11,-9853.6
11,8,8,10,1,0,0,0,4,3,3,4,0.0078125,9.6451e-06,-2.1795e+11,-16423
11,8,10,8,1,0,0,0,4,3,4,3,0.0078125,9.6451e-06,-2.1795e+11,-16423
11,8,12,6,1,0,0,0,4,3,5,2,0.0078125,5.787e-06,-2.1795e+11,-9853.6
11,8,14,4,1,0,0,0,4,3,6,1,0.0078125,1.929e-06,-2.1795e+11,-3284.5
11,8,16,2,1,0,0,0,4,3,7,0,0.0078125,2.7557e-07,-2.1795e+11,-469.22
11,10,2,18,1,0,0,0,4,4,0,8,0.0039063,8.6117e-09,-7.323e+13,-2463.4
11,10,4,16,1,0,0,0,4,4,1,7,0.0039063,6.8893e-08,-7.323e+13,-19707
11,10,6,14,1,0,0,0,4,4,2,6,0.0039063,2.4113e-07,-7.323e+13,-68975
11,10,8,12,1,0,0,0,4,4,3,5,0.0039063,4.8225e-07,-7.323e+13,-1.3795e+05
11,10,10,10,1,0,0,0,4,4,4,4,0.0039063,6.0282e-07,-7.323e+13,-1.7244e+05
11,10,12,8,1,0,0,0,4,4,5,3,0.0039063,4.8225e-07,-7.323e+13,-1.3795e+05
11,10,14,6,1,0,0,0,4,4,6,2,0.0039063,2.4113e-07,-7.323e+13,-68975
11,10,16,4,1,0,0,0,4,4,7,1,0.0039063,6.8893e-08,-7.323e+13,-19707
11,10,18,2,1,0,0,0,4,4,8,0,0.0039063,8.6117e-09,-7.323e+13,-2463.4
12,1,2,10,0,0,0,0,5,-1,0,4,0.03125,0.00034722,3.6288e+06,39.375
12,1,4,8,0,0,0,0,5,-1,1,3,0.03125,0.0013889,3.6288e+06,157.5
12,1,6,6,0,0,0,0,5,-1,2,2,0.03125,0.0020833,3.6288e+06,236.25
12,1,8,4,0,0,0,0,5,-1,3,1,0.03125,0.0013889,3.6288e+06,157.5
12,1,10,2,0,0,0,0,5,-1,4,0,0.03125,0.00034722,3.6288e+06,39.375
12,2,1,14,0,0,0,0,5,0,-1,6,0.015625,1.1574e-05,4.79e+08,86.625
12,2,2,12,0,0,0,0,5,0,0,5,0.03125,6.9444e-05,3.6288e+06,7.875
12,2,2,13,0,0,0,1,5,0,0,5,0.03125,1.1574e-05,1.8144e+06,0.65625
12,2,3,12,0,0,1,0,5,0,0,5,0.03125,6.9444e-05,-1.633e+07,-35.437
12,2,4,10,0,0,0,0,5,0,1,4,0.03125,0.00034722,3.6288e+06,39.375
12,2,4,11,0,0,0,1,5,0,1,4,0.03125,6.9444e-05,-1.8144e+06,-3.9375
12,2,5,10,0,0,1,0,5,0,1,4,0.03125,0.00017361,-1.2701e+07,-68.906
12,2,6,8,0,0,0,0,5,0,2,3,0.03125,0.00069444,3.6288e+06,78.75
12,2,6,9,0,0,0,1,5,0,2,3,0.03125,0.00017361,-5.4432e+06,-29.531
12,2,7,8,0,0,1,0,5,0,2,3,0.03125,0.00023148,-9.072e+06,-65.625
12,2,8,6,0,0,0,0,5,0,3,2,0.03125,0.00069444,3.6288e+06,78.75
12,2,8,7,0,0,0,1,5,0,3,2,0.03125,0.00023148,-9.072e+06,-65.625
12,2,9,6,0,0,1,0,5,0,3,2,0.03125,0.00017361,-5.4432e+06,-29.531
12,2,10,4,0,0,0,0,5,0,4,1,0.03125,0.00034722,3.6288e+06,39.375
12,2,10,5,0,0,0,1,5,0,4,1,0.03125,0.00017361,-1.2701e+07,-68.906
12,2,11,4,0,0,1,0,5,0,4,1,0.03125,6.9444e-05,-1.8144e+06,-3.9375
12,2,12,2,0,0,0,0,5,0,5,0,0.03125,6.9444e-05,3.6288e+06,7.875
12,2,12,3,0,0,0,1,5,0,5,0,0.03125,6.9444e-05,-1.633e+07,-35.437
12,2,13,2,0,0,1,0,5,0,5,0,0.03125,1.1574e-05,1.8144e+06,0.65625
12,2,14,1,0,0,0,0,5,0,6,-1,0.015625,1.1574e-05,4.79e+08,86.625
12,3,2,12,0,1,0,0,5,0,0,5,0.03125,6.9444e-05,-1.633e+07,-35.437
12,3,4,10,0,1,0,0,5,0,1,4,0.03125,0.00034722,-1.633e+07,-177.19
12,3,6,8,0,1,0,0,5,0,2,3,0.03125,0.00069444,-1.633e+07,-354.38
12,3,8,6,0,1,0,0,5,0,3,2,0.03125,0.00069444,-1.633e+07,-354.38
12,3,10,4,0,1,0,0,5,0,4,1,0.03125,0.00034722,-1.633e+07,-177.19
12,3,12,2,0,1,0,0,5,0,5,0,0.03125,6.9444e-05,-1.633e+07,-35.437
12,4,1,16,0,0,0,0,5,1,-1,7,0.0078125,1.6534e-06,8.7178e+10,1126.1
12,4,2,14,0,0,0,0,5,1,0,6,0.015625,1.1574e-05,4.79e+08,86.625
12,4,2,15,0,0,0,1,5,1,0,6,0.015625,1.6534e-06,2.395e+08,6.1875
12,4,3,14,0,0,1,0,5,1,0,6,0.015625,1.1574e-05,-2.6345e+09,-476.44
12,4,4,12,0,0,0,0,5,1,1,5,0.015625,6.9444e-05,4.79e+08,519.75
12,4,4,13,0,0,0,1,5,1,1,5,0.015625,1.1574e-05,-2.395e+08,-43.313
12,4,5,12,0,0,1,0,5,1,1,5,0.015625,3.4722e-05,-2.1555e+09,-1169.4
12,4,6,10,0,0,0,0,5,1,2,4,0.015625,0.00017361,4.79e+08,1299.4
12,4,6,11,0,0,0,1,5,1,2,4,0.015625,3.4722e-05,-7.185e+08,-389.81
12,4,7,10,0,0,1,0,5,1,2,4,0.015625,5.787e-05,-1.6765e+09,-1515.9
12,4,8,8,0,0,0,0,5,1,3,3,0.015625,0.00023148,4.79e+08,1732.5
12,4,8,9,0,0,0,1,5,1,3,3,0.015625,5.787e-05,-1.1975e+09,-1082.8
12,4,9,8,0,0,1,0,5,1,3,3,0.015625,5.787e-05,-1.1975e+09,-1082.8
12,4,10,6,0,0,0,0,5,1,4,2,0.015625,0.00017361,4.79e+08,1299.4
12,4,10,7,0,0,0,1,5,1,4,2,0.015625,5.787e-05,-1.6765e+09,-1515.9
12,4,11,6,0,0,1,0,5,1,4,2,0.015625,3.4722e-05,-7.185e+08,-389.81
12,4,12,4,0,0,0,0,5,1,5,1,0.015625,6.9444e-05,4.79e+08,519.75
12,4,12,5,0,0,0,1,5,1,5,1,0.015625,3.4722e-05,-2.1555e+09,-1169.4
12,4,13,4,0,0,1,0,5,1,5,1,0.015625,1.1574e-05,-2.395e+08,-43.313
12,4,14,2,0,0,0,0,5,1,6,0,0.015625,1.1574e-05,4.79e+08,86.625
12,4,14,3,0,0,0,1,5,1,6,0,0.015625,1.1574e-05,-2.6345e+09,-476.44
12,4,15,2,0,0,1,0,5,1,6,0,0.015625,1.6534e-06,2.395e+08,6.1875
12,4,16,1,0,0,0,0,5,1,7,-1,0.0078125,1.6534e-06,8.7178e+10,1126.1
12,5,2,14,0,1,0,0,5,1,0,6,0.015625,5.787e-06,-2.1555e+09,-194.91
12,5,4,12,0,1,0,0,5,1,1,5,0.015625,3.4722e-05,-2.1555e+09,-1169.4
12,5,6,10,0,1,0,0,5,1,2,4,0.015625,8.6806e-05,-2.1555e+09,-2923.6
12,5,8,8,0,1,0,0,5,1,3,3,0.015625,0.00011574,-2.1555e+09,-3898.1
12,5,10,6,0,1,0,0,5,1,4,2,0.015625,8.6806e-05,-2.1555e+09,-2923.6
12,5,12,4,0,1,0,0,5,1,5,1,0.015625,3.4722e-05,-2.1555e+09,-1169.4
12,5,14,2,0,1,0,0,5,1,6,0,0.015625,5.787e-06,-2.1555e+09,-194.91
12,6,1,18,0,0,0,0,5,2,-1,8,0.0039063,1.0334e-07,2.0923e+13,8445.9
12,6,2,16,0,0,0,0,5,2,0,7,0.0078125,8.2672e-07,8.7178e+10,563.06
12,6,2,17,0,0,0,1,5,2,0,7,0.0078125,1.0334e-07,4.3589e+10,35.191
12,6,3,16,0,0,1,0,5,2,0,7,0.0078125,8.2672e-07,-5.6666e+11,-3659.9
12,6,4,14,0,0,0,0,5,2,1,6,0.0078125,5.787e-06,8.7178e+10,3941.4
12,6,4,15,0,0,0,1,5,2,1,6,0.0078125,8.2672e-07,-4.3589e+10,-281.53
12,6,5,14,0,0,1,0,5,2,1,6,0.0078125,2.8935e-06,-4.7948e+11,-10839
12,6,6,12,0,0,0,0,5,2,2,5,0.0078125,1.7361e-05,8.7178e+10,11824
12,6,6,13,0,0,0,1,5,2,2,5,0.0078125,2.8935e-06,-1.3077e+11,-2956.1
12,6,7,12,0,0,1,0,5,2,2,5,0.0078125,5.787e-06,-3.923e+11,-17736
12,6,8,10,0,0,0,0,5,2,3,4,0.0078125,2.8935e-05,8.7178e+10,19707
12,6,8,11,0,0,0,1,5,2,3,4,0.0078125,5.787e-06,-2.1795e+11,-9853.6
12,6,9,10,0,0,1,0,5,2,3,4,0.0078125,7.2338e-06,-3.0512e+11,-17244
12,6,10,8,0,0,0,0,5,2,4,3,0.0078125,2.8935e-05,8.7178e+10,19707
12,6,10,9,0,0,0,1,5,2,4,3,0.0078125,7.2338e-06,-3.0512e+11,-17244
12,6,11,8,0,0,1,0,5,2,4,3,0.0078125,5.787e-06,-2.1795e+11,-9853.6
12,6,12,6,0,0,0,0,5,2,5,2,0.0078125,1.7361e-05,8.7178e+10,11824
12,6,12,7,0,0,0,1,5,2,5,2,0.0078125,5.787e-06,-3.923e+11,-17736
12,6,13,6,0,0,1,0,5,2,5,2,0.0078125,2.8935e-06,-1.3077e+11,-2956.1
12,6,14,4,0,0,0,0,5,2,6,1,0.0078125,5.787e-06,8.7178e+10,3941.4
12,6,14,5,0,0,0,1,5,2,6,1,0.0078125,2.8935e-06,-4.7948e+11,-10839
12,6,15,4,0,0,1,0,5,2,6,1,0.0078125,8.2672e-07,-4.3589e+10,-281.53
12,6,16,2,0,0,0,0,5,2,7,0,0.0078125,8.2672e-07,8.7178e+10,563.06
12,6,16,3,0,0,0,1,5,2,7,0,0.0078125,8.2672e-07,-5.6666e+11,-3659.9
12,6,17,2,0,0,1,0,5,2,7,0,0.0078125,1.0334e-07,4.3589e+10,35.191
12,6,18,1,0,0,0,0,5,2,8,-1,0.0039063,1.0334e-07,2.0923e+13,8445.9
12,7,2,16,0,1,0,0,5,2,0,7,0.0078125,2.7557e-07,-3.923e+11,-844.59
12,7,4,14,0,1,0,0,5,2,1,6,0.0078125,1.929e-06,-3.923e+11,-5912.2
12,7,6,12,0,1,0,0,5,2,2,5,0.0078125,5.787e-06,-3.923e+11,-17736
12,7,8,10,0,1,0,0,5,2,3,4,0.0078125,9.6451e-06,-3.923e+11,-29561
12,7,10,8,0,1,0,0,5,2,4,3,0.0078125,9.6451e-06,-3.923e+11,-29561
12,7,12,6,0,1,0,0,5,2,5,2,0.0078125,5.787e-06,-3.923e+11,-17736
12,7,14,4,0,1,0,0,5,2,6,1,0.0078125,1.929e-06,-3.923e+11,-5912.2
12,7,16,2,0,1,0,0,5,2,7,0,0.0078125,2.7557e-07,-3.923e+11,-844.59
12,8,2,18,0,0,0,0,5,3,0,8,0.0039063,3.4447e-08,2.0923e+13,2815.3
12,8,2,19,0,0,0,1,5,3,0,8,0.0039063,3.8274e-09,1.0461e+13,156.41
12,8,3,18,0,0,1,0,5,3,0,8,0.0039063,3.4447e-08,-1.5692e+14,-21115
12,8,4,16,0,0,0,0,5,3,1,7,0.0039063,2.7557e-07,2.0923e+13,22522
12,8,4,17,0,0,0,1,5,3,1,7,0.0039063,3.4447e-08,-1.0461e+13,-1407.7
12,8,5,16,0,0,1,0,5,3,1,7,0.0039063,1.3779e-07,-1.36e+14,-73198
12,8,6,14,0,0,0,0,5,3,2,6,0.0039063,9.6451e-07,2.0923e+13,78829
12,8,6,15,0,0,0,1,5,3,2,6,0.0039063,1.3779e-07,-3.1384e+13,-16892
12,8,7,14,0,0,1,0,5,3,2,6,0.0039063,3.215e-07,-1.1508e+14,-1.4452e+05
12,8,8,12,0,0,0,0,5,3,3,5,0.0039063,1.929e-06,2.0923e+13,1.5766e+05
12,8,8,13,0,0,0,1,5,3,3,5,0.0039063,3.215e-07,-5.2307e+13,-65691
12,8,9,12,0,0,1,0,5,3,3,5,0.0039063,4.8225e-07,-9.4153e+13,-1.7736e+05
12,8,10,10,0,0,0,0,5,3,4,4,0.0039063,2.4113e-06,2.0923e+13,1.9707e+05
12,8,10,11,0,0,0,1,5,3,4,4,0.0039063,4.8225e-07,-7.323e+13,-1.3795e+05
12,8,11,10,0,0,1,0,5,3,4,4,0.0039063,4.8225e-07,-7.323e+13,-1.3795e+05
12,8,12,8,0,0,0,0,5,3,5,3,0.0039063,1.929e-06,2.0923e+13,1.5766e+05
12,8,12,9,0,0,0,1,5,3,5,3,0.0039063,4.8225e-07,-9.4153e+13,-1.7736e+05
12,8,13,8,0,0,1,0,5,3,5,3,0.0039063,3.215e-07,-5.2307e+13,-65691
12,8,14,6,0,0,0,0,5,3,6,2,0.0039063,9.6451e-07,2.0923e+13,78829
12,8,14,7,0,0,0,1,5,3,6,2,0.0039063,3.215e-07,-1.1508e+14,-1.4452e+05
12,8,15,6,0,0,1,0,5,3,6,2,0.0039063,1.3779e-07,-3.1384e+13,-16892
12,8,16,4,0,0,0,0,5,3,7,1,0.0039063,2.7557e-07,2.0923e+13,22522
12,8,16,5,0,0,0,1,5,3,7,1,0.0039063,1.3779e-07,-1.36e+14,-73198
12,8,17,4,0,0,1,0,5,3,7,1,0.0039063,3.4447e-08,-1.0461e+13,-1407.7
12,8,18,2,0,0,0,0,5,3,8,0,0.0039063,3.4447e-08,2.0923e+13,2815.3
12,8,18,3,0,0,0,1,5,3,8,0,0.0039063,3.4447e-08,-1.5692e+14,-21115
12,8,19,2,0,0,1,0,5,3,8,0,0.0039063,3.8274e-09,1.0461e+13,156.41
12,9,2,18,0,1,0,0,5,3,0,8,0.0039063,8.6117e-09,-9.4153e+13,-3167.2
12,9,4,16,0,1,0,0,5,3,1,7,0.0039063,6.8893e-08,-9.4153e+13,-25338
12,9,6,14,0,1,0,0,5,3,2,6,0.0039063,2.4113e-07,-9.4153e+13,-88682
12,9,8,12,0,1,0,0,5,3,3,5,0.0039063,4.8225e-07,-9.4153e+13,-1.7736e+05
12,9,10,10,0,1,0,0,5,3,4,4,0.0039063,6.0282e-07,-9.4153e+13,-2.2171e+05
12,9,12,8,0,1,0,0,5,3,5,3,0.0039063,4.8225e-07,-9.4153e+13,-1.7736e+05
12,9,14,6,0,1,0,0,5,3,6,2,0.0039063,2.4113e-07,-9.4153e+13,-88682
12,9,16,4,0,1,0,0,5,3,7,1,0.0039063,6.8893e-08,-9.4153e+13,-25338
12,9,18,2,0,1,0,0,5,3,8,0,0.0039063,8.6117e-09,-9.4153e+13,-3167.2
13,2,2,12,1,0,0,0,5,0,0,5,0.03125,1.1574e-05,1.8144e+06,0.65625
13,2,4,10,1,0,0,0,5,0,1,4,0.03125,5.787e-05,1.8144e+06,3.2812
13,2,6,8,1,0,0,0,5,0,2,3,0.03125,0.00011574,1.8144e+06,6.5625
13,2,8,6,1,0,0,0,5,0,3,2,0.03125,0.00011574,1.8144e+06,6.5625
13,2,10,4,1,0,0,0,5,0,4,1,0.03125,5.787e-05,1.8144e+06,3.2812
13,2,12,2,1,0,0,0,5,0,5,0,0.03125,1.1574e-05,1.8144e+06,0.65625
13,4,2,14,1,0,0,0,5,1,0,6,0.015625,1.929e-06,-2.395e+08,-7.2188
13,4,4,12,1,0,0,0,5,1,1,5,0.015625,1.1574e-05,-2.395e+08,-43.313
13,4,6,10,1,0,0,0,5,1,2,4,0.015625,2.8935e-05,-2.395e+08,-108.28
13,4,8,8,1,0,0,0,5,1,3,3,0.015625,3.858e-05,-2.395e+08,-144.38
13,4,10,6,1,0,0,0,5,1,4,2,0.015625,2.8935e-05,-2.395e+08,-108.28
13,4,12,4,1,0,0,0,5,1,5,1,0.015625,1.1574e-05,-2.395e+08,-43.313
13,4,14,2,1,0,0,0,5,1,6,0,0.015625,1.929e-06,-2.395e+08,-7.2188
13,6,2,16,1,0,0,0,5,2,0,7,0.0078125,1.3779e-07,-1.3077e+11,-140.77
13,6,4,14,1,0,0,0,5,2,1,6,0.0078125,9.6451e-07,-1.3077e+11,-985.36
13,6,6,12,1,0,0,0,5,2,2,5,0.0078125,2.8935e-06,-1.3077e+11,-2956.1
13,6,8,10,1,0,0,0,5,2,3,4,0.0078125,4.8225e-06,-1.3077e+11,-4926.8
13,6,10,8,1,0,0,0,5,2,4,3,0.0078125,4.8225e-06,-1.3077e+11,-4926.8
13,6,12,6,1,0,0,0,5,2,5,2,0.0078125,2.8935e-06,-1.3077e+11,-2956.1
13,6,14,4,1,0,0,0,5,2,6,1,0.0078125,9.6451e-07,-1.3077e+11,-985.36
13,6,16,2,1,0,0,0,5,2,7,0,0.0078125,1.3779e-07,-1.3077e+11,-140.77
13,8,2,18,1,0,0,0,5,3,0,8,0.0039063,5.7411e-09,-5.2307e+13,-1173
13,8,4,16,1,0,0,0,5,3,1,7,0.0039063,4.5929e-08,-5.2307e+13,-9384.4
13,8,6,14,1,0,0,0,5,3,2,6,0.0039063,1.6075e-07,-5.2307e+13,-32845
13,8,8,12,1,0,0,0,5,3,3,5,0.0039063,3.215e-07,-5.2307e+13,-65691
13,8,10,10,1,0,0,0,5,3,4,4,0.0039063,4.0188e-07,-5.2307e+13,-82113
13,8,12,8,1,0,0,0,5,3,5,3,0.0039063,3.215e-07,-5.2307e+13,-65691
13,8,14,6,1,0,0,0,5,3,6,2,0.0039063,1.6075e-07,-5.2307e+13,-32845
13,8,16,4,1,0,0,0,5,3,7,1,0.0039063,4.5929e-08,-5.2307e+13,-9384.4
13,8,18,2,1,0,0,0,5,3,8,0,0.0039063,5.7411e-09,-5.2307e+13,-1173
14,1,2,12,0,0,0,0,6,-1,0,5,0.015625,1.1574e-05,4.79e+08,86.625
14,1,4,10,0,0,0,0,6,-1,1,4,0.015625,5.787e-05,4.79e+08,433.12
14,1,6,8,0,0,0,0,6,-1,2,3,0.015625,0.00011574,4.79e+08,866.25
14,1,8,6,0,0,0,0,6,-1,3,2,0.015625,0.00011574,4.79e+08,866.25
14,1,10,4,0,0,0,0,6,-1,4,1,0.015625,5.787e-05,4.79e+08,433.12
14,1,12,2,0,0,0,0,6,-1,5,0,0.015625,1.1574e-05,4.79e+08,86.625
14,2,1,16,0,0,0,0,6,0,-1,7,0.0078125,2.7557e-07,8.7178e+10,187.69
14,2,2,14,0,0,0,0,6,0,0,6,0.015625,1.929e-06,4.79e+08,14.437
14,2,2,15,0,0,0,1,6,0,0,6,0.015625,2.7557e-07,2.395e+08,1.0312
14,2,3,14,0,0,1,0,6,0,0,6,0.015625,1.929e-06,-2.6345e+09,-79.406
14,2,4,12,0,0,0,0,6,0,1,5,0.015625,1.1574e-05,4.79e+08,86.625
14,2,4,13,0,0,0,1,6,0,1,5,0.015625,1.929e-06,-2.395e+08,-7.2188
14,2,5,12,0,0,1,0,6,0,1,5,0.015625,5.787e-06,-2.1555e+09,-194.91
14,2,6,10,0,0,0,0,6,0,2,4,0.015625,2.8935e-05,4.79e+08,216.56
14,2,6,11,0,0,0,1,6,0,2,4,0.015625,5.787e-06,-7.185e+08,-64.969
14,2,7,10,0,0,1,0,6,0,2,4,0.015625,9.6451e-06,-1.6765e+09,-252.66
14,2,8,8,0,0,0,0,6,0,3,3,0.015625,3.858e-05,4.79e+08,288.75
14,2,8,9,0,0,0,1,6,0,3,3,0.015625,9.6451e-06,-1.1975e+09,-180.47
14,2,9,8,0,0,1,0,6,0,3,3,0.015625,9.6451e-06,-1.1975e+09,-180.47
14,2,10,6,0,0,0,0,6,0,4,2,0.015625,2.8935e-05,4.79e+08,216.56
14,2,10,7,0,0,0,1,6,0,4,2,0.015625,9.6451e-06,-1.6765e+09,-252.66
14,2,11,6,0,0,1,0,6,0,4,2,0.015625,5.787e-06,-7.185e+08,-64.969
14,2,12,4,0,0,0,0,6,0,5,1,0.015625,1.1574e-05,4.79e+08,86.625
14,2,12,5,0,0,0,1,6,0,5,1,0.015625,5.787e-06,-2.1555e+09,-194.91
14,2,13,4,0,0,1,0,6,0,5,1,0.015625,1.929e-06,-2.395e+08,-7.2188
14,2,14,2,0,0,0,0,6,0,6,0,0.015625,1.929e-06,4.79e+08,14.437
14,2,14,3,0,0,0,1,6,0,6,0,0.015625,1.929e-06,-2.6345e+09,-79.406
14,2,15,2,0,0,1,0,6,0,6,0,0.015625,2.7557e-07,2.395e+08,1.0312
14,2,16,1,0,0,0,0,6,0,7,-1,0.0078125,2.7557e-07,8.7178e+10,187.69
14,3,2,14,0,1,0,0,6,0,0,6,0.015625,1.929e-06,-2.6345e+09,-79.406
14,3,4,12,0,1,0,0,6,0,1,5,0.015625,1.1574e-05,-2.6345e+09,-476.44
14,3,6,10,0,1,0,0,6,0,2,4,0.015625,2.8935e-05,-2.6345e+09,-1191.1
14,3,8,8,0,1,0,0,6,0,3,3,0.015625,3.858e-05,-2.6345e+09,-1588.1
14,3,10,6,0,1,0,0,6,0,4,2,0.015625,2.8935e-05,-2.6345e+09,-1191.1
14,3,12,4,0,1,0,0,6,0,5,1,0.015625,1.1574e-05,-2.6345e+09,-476.44
14,3,14,2,0,1,0,0,6,0,6,0,0.015625,1.929e-06,-2.6345e+09,-79.406
14,4,1,18,0,0,0,0,6,1,-1,8,0.0039063,3.4447e-08,2.0923e+13,2815.3
14,4,2,16,0,0,0,0,6,1,0,7,0.0078125,2.7557e-07,8.7178e+10,187.69
14,4,2,17,0,0,0,1,6,1,0,7,0.0078125,3.4447e-08,4.3589e+10,11.73
14,4,3,16,0,0,1,0,6,1,0,7,0.0078125,2.7557e-07,-5.6666e+11,-1220
14,4,4,14,0,0,0,0,6,1,1,6,0.0078125,1.929e-06,8.7178e+10,1313.8
14,4,4,15,0,0,0,1,6,1,1,6,0.0078125,2.7557e-07,-4.3589e+10,-93.844
14,4,5,14,0,0,1,0,6,1,1,6,0.0078125,9.6451e-07,-4.7948e+11,-3613
14,4,6,12,0,0,0,0,6,1,2,5,0.0078125,5.787e-06,8.7178e+10,3941.4
14,4,6,13,0,0,0,1,6,1,2,5,0.0078125,9.6451e-07,-1.3077e+11,-985.36
14,4,7,12,0,0,1,0,6,1,2,5,0.0078125,1.929e-06,-3.923e+11,-5912.2
14,4,8,10,0,0,0,0,6,1,3,4,0.0078125,9.6451e-06,8.7178e+10,6569.1
14,4,8,11,0,0,0,1,6,1,3,4,0.0078125,1.929e-06,-2.1795e+11,-3284.5
14,4,9,10,0,0,1,0,6,1,3,4,0.0078125,2.4113e-06,-3.0512e+11,-5747.9
14,4,10,8,0,0,0,0,6,1,4,3,0.0078125,9.6451e-06,8.7178e+10,6569.1
14,4,10,9,0,0,0,1,6,1,4,3,0.0078125,2.4113e-06,-3.0512e+11,-5747.9
14,4,11,8,0,0,1,0,6,1,4,3,0.0078125,1.929e-06,-2.1795e+11,-3284.5
14,4,12,6,0,0,0,0,6,1,5,2,0.0078125,5.787e-06,8.7178e+10,3941.4
14,4,12,7,0,0,0,1,6,1,5,2,0.0078125,1.929e-06,-3.923e+11,-5912.2
14,4,13,6,0,0,1,0,6,1,5,2,0.0078125,9.6451e-07,-1.3077e+11,-985.36
14,4,14,4,0,0,0,0,6,1,6,1,0.0078125,1.929e-06,8.7178e+10,1313.8
14,4,14,5,0,0,0,1,6,1,6,1,0.0078125,9.6451e-07,-4.7948e+11,-3613
14,4,15,4,0,0,1,0,6,1,6,1,0.0078125,2.7557e-07,-4.3589e+10,-93.844
14,4,16,2,0,0,0,0,6,1,7,0,0.0078125,2.7557e-07,8.7178e+10,187.69
14,4,16,3,0,0,0,1,6,1,7,0,0.0078125,2.7557e-07,-5.6666e+11,-1220
14,4,17,2,0,0,1,0,6,1,7,0,0.0078125,3.4447e-08,4.3589e+10,11.73
14,4,18,1,0,0,0,0,6,1,8,-1,0.0039063,3.4447e-08,2.0923e+13,2815.3
14,5,2,16,0,1,0,0,6,1,0,7,0.0078125,1.3779e-07,-4.7948e+11,-516.14
14,5,4,14,0,1,0,0,6,1,1,6,0.0078125,9.6451e-07,-4.7948e+11,-3613
14,5,6,12,0,1,0,0,6,1,2,5,0.0078125,2.8935e-06,-4.7948e+11,-10839
14,5,8,10,0,1,0,0,6,1,3,4,0.0078125,4.8225e-06,-4.7948e+11,-18065
14,5,10,8,0,1,0,0,6,1,4,3,0.0078125,4.8225e-06,-4.7948e+11,-18065
14,5,12,6,0,1,0,0,6,1,5,2,0.0078125,2.8935e-06,-4.7948e+11,-10839
14,5,14,4,0,1,0,0,6,1,6,1,0.0078125,9.6451e-07,-4.7948e+11,-3613
14,5,16,2,0,1,0,0,6,1,7,0,0.0078125,1.3779e-07,-4.7948e+11,-516.14
14,6,2,18,0,0,0,0,6,2,0,8,0.0039063,1.7223e-08,2.0923e+13,1407.7
14,6,2,19,0,0,0,1,6,2,0,8,0.0039063,1.9137e-09,1.0461e+13,78.203
14,6,3,18,0,0,1,0,6,2,0,8,0.0039063,1.7223e-08,-1.5692e+14,-10557
14,6,4,16,0,0,0,0,6,2,1,7,0.0039063,1.3779e-07,2.0923e+13,11261
14,6,4,17,0,0,0,1,6,2,1,7,0.0039063,1.7223e-08,-1.0461e+13,-703.83
14,6,5,16,0,0,1,0,6,2,1,7,0.0039063,6.8893e-08,-1.36e+14,-36599
14,6,6,14,0,0,0,0,6,2,2,6,0.0039063,4.8225e-07,2.0923e+13,39414
14,6,6,15,0,0,0,1,6,2,2,6,0.0039063,6.8893e-08,-3.1384e+13,-8445.9
14,6,7,14,0,0,1,0,6,2,2,6,0.0039063,1.6075e-07,-1.1508e+14,-72260
14,6,8,12,0,0,0,0,6,2,3,5,0.0039063,9.6451e-07,2.0923e+13,78829
14,6,8,13,0,0,0,1,6,2,3,5,0.0039063,1.6075e-07,-5.2307e+13,-32845
14,6,9,12,0,0,1,0,6,2,3,5,0.0039063,2.4113e-07,-9.4153e+13,-88682
14,6,10,10,0,0,0,0,6,2,4,4,0.0039063,1.2056e-06,2.0923e+13,98536
14,6,10,11,0,0,0,1,6,2,4,4,0.0039063,2.4113e-07,-7.323e+13,-68975
14,6,11,10,0,0,1,0,6,2,4,4,0.0039063,2.4113e-07,-7.323e+13,-68975
14,6,12,8,0,0,0,0,6,2,5,3,0.0039063,9.6451e-07,2.0923e+13,78829
14,6,12,9,0,0,0,1,6,2,5,3,0.0039063,2.4113e-07,-9.4153e+13,-88682
14,6,13,8,0,0,1,0,6,2,5,3,0.0039063,1.6075e-07,-5.2307e+13,-32845
14,6,14,6,0,0,0,0,6,2,6,2,0.0039063,4.8225e-07,2.0923e+13,39414
14,6,14,7,0,0,0,1,6,2,6,2,0.0039063,1.6075e-07,-1.1508e+14,-72260
14,6,15,6,0,0,1,0,6,2,6,2,0.0039063,6.8893e-08,-3.1384e+13,-8445.9
14,6,16,4,0,0,0,0,6,2,7,1,0.0039063,1.3779e-07,2.0923e+13,11261
14,6,16,5,0,0,0,1,6,2,7,1,0.0039063,6.8893e-08,-1.36e+14,-36599
14,6,17,4,0,0,1,0,6,2,7,1,0.0039063,1.7223e-08,-1.0461e+13,-703.83
14,6,18,2,0,0,0,0,6,2,8,0,0.0039063,1.7223e-08,2.0923e+13,1407.7
14,6,18,3,0,0,0,1,6,2,8,0,0.0039063,1.7223e-08,-1.5692e+14,-10557
14,6,19,2,0,0,1,0,6,2,8,0,0.0039063,1.9137e-09,1.0461e+13,78.203
14,7,2,18,0,1,0,0,6,2,0,8,0.0039063,5.7411e-09,-1.1508e+14,-2580.7
14,7,4,16,0,1,0,0,6,2,1,7,0.0039063,4.5929e-08,-1.1508e+14,-20646
14,7,6,14,0,1,0,0,6,2,2,6,0.0039063,1.6075e-07,-1.1508e+14,-72260
14,7,8,12,0,1,0,0,6,2,3,5,0.0039063,3.215e-07,-1.1508e+14,-1.4452e+05
14,7,10,10,0,1,0,0,6,2,4,4,0.0039063,4.0188e-07,-1.1508e+14,-1.8065e+05
14,7,12,8,0,1,0,0,6,2,5,3,0.0039063,3.215e-07,-1.1508e+14,-1.4452e+05
14,7,14,6,0,1,0,0,6,2,6,2,0.0039063,1.6075e-07,-1.1508e+14,-72260
14,7,16,4,0,1,0,0,6,2,7,1,0.0039063,4.5929e-08,-1.1508e+14,-20646
14,7,18,2,0,1,0,0,6,2,8,0,0.0039063,5.7411e-09,-1.1508e+14,-2580.7
15,2,2,14,1,0,0,0,6,0,0,6,0.015625,2.7557e-07,2.395e+08,1.0312
15,2,4,12,1,0,0,0,6,0,1,5,0.015625,1.6534e-06,2.395e+08,6.1875
15,2,6,10,1,0,0,0,6,0,2,4,0.015625,4.1336e-06,2.395e+08,15.469
15,2,8,8,1,0,0,0,6,0,3,3,0.015625,5.5115e-06,2.395e+08,20.625
15,2,10,6,1,0,0,0,6,0,4,2,0.015625,4.1336e-06,2.395e+08,15.469
15,2,12,4,1,0,0,0,6,0,5,1,0.015625,1.6534e-06,2.395e+08,6.1875
15,2,14,2,1,0,0,0,6,0,6,0,0.015625,2.7557e-07,2.395e+08,1.0312
15,4,2,16,1,0,0,0,6,1,0,7,0.0078125,3.9368e-08,-4.3589e+10,-13.406
15,4,4,14,1,0,0,0,6,1,1,6,0.0078125,2.7557e-07,-4.3589e+10,-93.844
15,4,6,12,1,0,0,0,6,1,2,5,0.0078125,8.2672e-07,-4.3589e+10,-281.53
15,4,8,10,1,0,0,0,6,1,3,4,0.0078125,1.3779e-06,-4.3589e+10,-469.22
15,4,10,8,1,0,0,0,6,1,4,3,0.0078125,1.3779e-06,-4.3589e+10,-469.22
15,4,12,6,1,0,0,0,6,1,5,2,0.0078125,8.2672e-07,-4.3589e+10,-281.53
15,4,14,4,1,0,0,0,6,1,6,1,0.0078125,2.7557e-07,-4.3589e+10,-93.844
15,4,16,2,1,0,0,0,6,1,7,0,0.0078125,3.9368e-08,-4.3589e+10,-13.406
15,6,2,18,1,0,0,0,6,2,0,8,0.0039063,2.4605e-09,-3.1384e+13,-301.64
15,6,4,16,1,0,0,0,6,2,1,7,0.0039063,1.9684e-08,-3.1384e+13,-2413.1
15,6,6,14,1,0,0,0,6,2,2,6,0.0039063,6.8893e-08,-3.1384e+13,-8445.9
15,6,8,12,1,0,0,0,6,2,3,5,0.0039063,1.3779e-07,-3.1384e+13,-16892
15,6,10,10,1,0,0,0,6,2,4,4,0.0039063,1.7223e-07,-3.1384e+13,-21115
15,6,12,8,1,0,0,0,6,2,5,3,0.0039063,1.3779e-07,-3.1384e+13,-16892
15,6,14,6,1,0,0,0,6,2,6,2,0.0039063,6.8893e-08,-3.1384e+13,-8445.9
15,6,16,4,1,0,0,0,6,2,7,1,0.0039063,1.9684e-08,-3.1384e+13,-2413.1
15,6,18,2,1,0,0,0,6,2,8,0,0.0039063,2.4605e-09,-3.1384e+13,-301.64
16,1,2,14,0,0,0,0,7,-1,0,6,0.0078125,2.7557e-07,8.7178e+10,187.69
16,1,4,12,0,0,0,0,7,-1,1,5,0.0078125,1.6534e-06,8.7178e+10,1126.1
16,1,6,10,0,0,0,0,7,-1,2,4,0.0078125,4.1336e-06,8.7178e+10,2815.3
16,1,8,8,0,0,0,0,7,-1,3,3,0.0078125,5.5115e-06,8.7178e+10,3753.8
16,1,10,6,0,0,0,0,7,-1,4,2,0.0078125,4.1336e-06,8.7178e+10,2815.3
16,1,12,4,0,0,0,0,7,-1,5,1,0.0078125,1.6534e-06,8.7178e+10,1126.1
16,1,14,2,0,0,0,0,7,-1,6,0,0.0078125,2.7557e-07,8.7178e+10,187.69
16,2,1,18,0,0,0,0,7,0,-1,8,0.0039063,4.9209e-09,2.0923e+13,402.19
16,2,2,16,0,0,0,0,7,0,0,7,0.0078125,3.9368e-08,8.7178e+10,26.813
16,2,2,17,0,0,0,1,7,0,0,7,0.0078125,4.9209e-09,4.3589e+10,1.6758
16,2,3,16,0,0,1,0,7,0,0,7,0.0078125,3.9368e-08,-5.6666e+11,-174.28
16,2,4,14,0,0,0,0,7,0,1,6,0.0078125,2.7557e-07,8.7178e+10,187.69
16,2,4,15,0,0,0,1,7,0,1,6,0.0078125,3.9368e-08,-4.3589e+10,-13.406
16,2,5,14,0,0,1,0,7,0,1,6,0.0078125,1.3779e-07,-4.7948e+11,-516.14
16,2,6,12,0,0,0,0,7,0,2,5,0.0078125,8.2672e-07,8.7178e+10,563.06
16,2,6,13,0,0,0,1,7,0,2,5,0.0078125,1.3779e-07,-1.3077e+11,-140.77
16,2,7,12,0,0,1,0,7,0,2,5,0.0078125,2.7557e-07,-3.923e+11,-844.59
16,2,8,10,0,0,0,0,7,0,3,4,0.0078125,1.3779e-06,8.7178e+10,938.44
16,2,8,11,0,0,0,1,7,0,3,4,0.0078125,2.7557e-07,-2.1795e+11,-469.22
16,2,9,10,0,0,1,0,7,0,3,4,0.0078125,3.4447e-07,-3.0512e+11,-821.13
16,2,10,8,0,0,0,0,7,0,4,3,0.0078125,1.3779e-06,8.7178e+10,938.44
16,2,10,9,0,0,0,1,7,0,4,3,0.0078125,3.4447e-07,-3.0512e+11,-821.13
16,2,11,8,0,0,1,0,7,0,4,3,0.0078125,2.7557e-07,-2.1795e+11,-469.22
16,2,12,6,0,0,0,0,7,0,5,2,0.0078125,8.2672e-07,8.7178e+10,563.06
16,2,12,7,0,0,0,1,7,0,5,2,0.0078125,2.7557e-07,-3.923e+11,-844.59
16,2,13,6,0,0,1,0,7,0,5,2,0.0078125,1.3779e-07,-1.3077e+11,-140.77
16,2,14,4,0,0,0,0,7,0,6,1,0.0078125,2.7557e-07,8.7178e+10,187.69
16,2,14,5,0,0,0,1,7,0,6,1,0.0078125,1.3779e-07,-4.7948e+11,-516.14
16,2,15,4,0,0,1,0,7,0,6,1,0.0078125,3.9368e-08,-4.3589e+10,-13.406
16,2,16,2,0,0,0,0,7,0,7,0,0.0078125,3.9368e-08,8.7178e+10,26.813
16,2,16,3,0,0,0,1,7,0,7,0,0.0078125,3.9368e-08,-5.6666e+11,-174.28
16,2,17,2,0,0,1,0,7,0,7,0,0.0078125,4.9209e-09,4.3589e+10,1.6758
16,2,18,1,0,0,0,0,7,0,8,-1,0.0039063,4.9209e-09,2.0923e+13,402.19
16,3,2,16,0,1,0,0,7,0,0,7,0.0078125,3.9368e-08,-5.6666e+11,-174.28
16,3,4,14,0,1,0,0,7,0,1,6,0.0078125,2.7557e-07,-5.6666e+11,-1220
16,3,6,12,0,1,0,0,7,0,2,5,0.0078125,8.2672e-07,-5.6666e+11,-3659.9
16,3,8,10,0,1,0,0,7,0,3,4,0.0078125,1.3779e-06,-5.6666e+11,-6099.8
16,3,10,8,0,1,0,0,7,0,4,3,0.0078125,1.3779e-06,-5.6666e+11,-6099.8
16,3,12,6,0,1,0,0,7,0,5,2,0.0078125,8.2672e-07,-5.6666e+11,-3659.9
16,3,14,4,0,1,0,0,7,0,6,1,0.0078125,2.7557e-07,-5.6666e+11,-1220
16,3,16,2,0,1,0,0,7,0,7,0,0.0078125,3.9368e-08,-5.6666e+11,-174.28
16,4,2,18,0,0,0,0,7,1,0,8,0.0039063,4.9209e-09,2.0923e+13,402.19
16,4,2,19,0,0,0,1,7,1,0,8,0.0039063,5.4677e-10,1.0461e+13,22.344
16,4,3,18,0,0,1,0,7,1,0,8,0.0039063,4.9209e-09,-1.5692e+14,-3016.4
16,4,4,16,0,0,0,0,7,1,1,7,0.0039063,3.9368e-08,2.0923e+13,3217.5
16,4,4,17,0,0,0,1,7,1,1,7,0.0039063,4.9209e-09,-1.0461e+13,-201.09
16,4,5,16,0,0,1,0,7,1,1,7,0.0039063,1.9684e-08,-1.36e+14,-10457
16,4,6,14,0,0,0,0,7,1,2,6,0.0039063,1.3779e-07,2.0923e+13,11261
16,4,6,15,0,0,0,1,7,1,2,6,0.0039063,1.9684e-08,-3.1384e+13,-2413.1
16,4,7,14,0,0,1,0,7,1,2,6,0.0039063,4.5929e-08,-1.1508e+14,-20646
16,4,8,12,0,0,0,0,7,1,3,5,0.0039063,2.7557e-07,2.0923e+13,22522
16,4,8,13,0,0,0,1,7,1,3,5,0.0039063,4.5929e-08,-5.2307e+13,-9384.4
16,4,9,12,0,0,1,0,7,1,3,5,0.0039063,6.8893e-08,-9.4153e+13,-25338
16,4,10,10,0,0,0,0,7,1,4,4,0.0039063,3.4447e-07,2.0923e+13,28153
16,4,10,11,0,0,0,1,7,1,4,4,0.0039063,6.8893e-08,-7.323e+13,-19707
16,4,11,10,0,0,1,0,7,1,4,4,0.0039063,6.8893e-08,-7.323e+13,-19707
16,4,12,8,0,0,0,0,7,1,5,3,0.0039063,2.7557e-07,2.0923e+13,22522
16,4,12,9,0,0,0,1,7,1,5,3,0.0039063,6.8893e-08,-9.4153e+13,-25338
16,4,13,8,0,0,1,0,7,1,5,3,0.0039063,4.5929e-08,-5.2307e+13,-9384.4
16,4,14,6,0,0,0,0,7,1,6,2,0.0039063,1.3779e-07,2.0923e+13,11261
16,4,14,7,0,0,0,1,7,1,6,2,0.0039063,4.5929e-08,-1.1508e+14,-20646
16,4,15,6,0,0,1,0,7,1,6,2,0.0039063,1.9684e-08,-3.1384e+13,-2413.1
16,4,16,4,0,0,0,0,7,1,7,1,0.0039063,3.9368e-08,2.0923e+13,3217.5
16,4,16,5,0,0,0,1,7,1,7,1,0.0039063,1.9684e-08,-1.36e+14,-10457
16,4,17,4,0,0,1,0,7,1,7,1,0.0039063,4.9209e-09,-1.0461e+13,-201.09
16,4,18,2,0,0,0,0,7,1,8,0,0.0039063,4.9209e-09,2.0923e+13,402.19
16,4,18,3,0,0,0,1,7,1,8,0,0.0039063,4.9209e-09,-1.5692e+14,-3016.4
16,4,19,2,0,0,1,0,7,1,8,0,0.0039063,5.4677e-10,1.0461e+13,22.344
16,5,2,18,0,1,0,0,7,1,0,8,0.0039063,2.4605e-09,-1.36e+14,-1307.1
16,5,4,16,0,1,0,0,7,1,1,7,0.0039063,1.9684e-08,-1.36e+14,-10457
16,5,6,14,0,1,0,0,7,1,2,6,0.0039063,6.8893e-08,-1.36e+14,-36599
16,5,8,12,0,1,0,0,7,1,3,5,0.0039063,1.3779e-07,-1.36e+14,-73198
16,5,10,10,0,1,0,0,7,1,4,4,0.0039063,1.7223e-07,-1.36e+14,-91498
16,5,12,8,0,1,0,0,7,1,5,3,0.0039063,1.3779e-07,-1.36e+14,-73198
16,5,14,6,0,1,0,0,7,1,6,2,0.0039063,6.8893e-08,-1.36e+14,-36599
16,5,16,4,0,1,0,0,7,1,7,1,0.0039063,1.9684e-08,-1.36e+14,-10457
16,5,18,2,0,1,0,0,7,1,8,0,0.0039063,2.4605e-09,-1.36e+14,-1307.1
17,2,2,16,1,0,0,0,7,0,0,7,0.0078125,4.9209e-09,4.3589e+10,1.6758
17,2,4,14,1,0,0,0,7,0,1,6,0.0078125,3.4447e-08,4.3589e+10,11.73
17,2,6,12,1,0,0,0,7,0,2,5,0.0078125,1.0334e-07,4.3589e+10,35.191
17,2,8,10,1,0,0,0,7,0,3,4,0.0078125,1.7223e-07,4.3589e+10,58.652
17,2,10,8,1,0,0,0,7,0,4,3,0.0078125,1.7223e-07,4.3589e+10,58.652
17,2,12,6,1,0,0,0,7,0,5,2,0.0078125,1.0334e-07,4.3589e+10,35.191
17,2,14,4,1,0,0,0,7,0,6,1,0.0078125,3.4447e-08,4.3589e+10,11.73
17,2,16,2,1,0,0,0,7,0,7,0,0.0078125,4.9209e-09,4.3589e+10,1.6758
17,4,2,18,1,0,0,0,7,1,0,8,0.0039063,6.1512e-10,-1.0461e+13,-25.137
17,4,4,16,1,0,0,0,7,1,1,7,0.0039063,4.9209e-09,-1.0461e+13,-201.09
17,4,6,14,1,0,0,0,7,1,2,6,0.0039063,1.7223e-08,-1.0461e+13,-703.83
17,4,8,12,1,0,0,0,7,1,3,5,0.0039063,3.4447e-08,-1.0461e+13,-1407.7
17,4,10,10,1,0,0,0,7,1,4,4,0.0039063,4.3058e-08,-1.0461e+13,-1759.6
17,4,12,8,1,0,0,0,7,1,5,3,0.0039063,3.4447e-08,-1.0461e+13,-1407.7
17,4,14,6,1,0,0,0,7,1,6,2,0.0039063,1.7223e-08,-1.0461e+13,-703.83
17,4,16,4,1,0,0,0,7,1,7,1,0.0039063,4.9209e-09,-1.0461e+13,-201.09
17,4,18,2,1,0,0,0,7,1,8,0,0.0039063,6.1512e-10,-1.0461e+13,-25.137
18,1,2,16,0,0,0,0,8,-1,0,7,0.0039063,4.9209e-09,2.0923e+13,402.19
18,1,4,14,0,0,0,0,8,-1,1,6,0.0039063,3.4447e-08,2.0923e+13,2815.3
18,1,6,12,0,0,0,0,8,-1,2,5,0.0039063,1.0334e-07,2.0923e+13,8445.9
18,1,8,10,0,0,0,0,8,-1,3,4,0.0039063,1.7223e-07,2.0923e+13,14077
18,1,10,8,0,0,0,0,8,-1,4,3,0.0039063,1.7223e-07,2.0923e+13,14077
18,1,12,6,0,0,0,0,8,-1,5,2,0.0039063,1.0334e-07,2.0923e+13,8445.9
18,1,14,4,0,0,0,0,8,-1,6,1,0.0039063,3.4447e-08,2.0923e+13,2815.3
18,1,16,2,0,0,0,0,8,-1,7,0,0.0039063,4.9209e-09,2.0923e+13,402.19
18,2,2,18,0,0,0,0,8,0,0,8,0.0039063,6.1512e-10,2.0923e+13,50.273
18,2,2,19,0,0,0,1,8,0,0,8,0.0039063,6.8347e-11,1.0461e+13,2.793
18,2,3,18,0,0,1,0,8,0,0,8,0.0039063,6.1512e-10,-1.5692e+14,-377.05
18,2,4,16,0,0,0,0,8,0,1,7,0.0039063,4.9209e-09,2.0923e+13,402.19
18,2,4,17,0,0,0,1,8,0,1,7,0.0039063,6.1512e-10,-1.0461e+13,-25.137
18,2,5,16,0,0,1,0,8,0,1,7,0.0039063,2.4605e-09,-1.36e+14,-1307.1
18,2,6,14,0,0,0,0,8,0,2,6,0.0039063,1.7223e-08,2.0923e+13,1407.7
18,2,6,15,0,0,0,1,8,0,2,6,0.0039063,2.4605e-09,-3.1384e+13,-301.64
18,2,7,14,0,0,1,0,8,0,2,6,0.0039063,5.7411e-09,-1.1508e+14,-2580.7
18,2,8,12,0,0,0,0,8,0,3,5,0.0039063,3.4447e-08,2.0923e+13,2815.3
18,2,8,13,0,0,0,1,8,0,3,5,0.0039063,5.7411e-09,-5.2307e+13,-1173
18,2,9,12,0,0,1,0,8,0,3,5,0.0039063,8.6117e-09,-9.4153e+13,-3167.2
18,2,10,10,0,0,0,0,8,0,4,4,0.0039063,4.3058e-08,2.0923e+13,3519.1
18,2,10,11,0,0,0,1,8,0,4,4,0.0039063,8.6117e-09,-7.323e+13,-2463.4
18,2,11,10,0,0,1,0,8,0,4,4,0.0039063,8.6117e-09,-7.323e+13,-2463.4
18,2,12,8,0,0,0,0,8,0,5,3,0.0039063,3.4447e-08,2.0923e+13,2815.3
18,2,12,9,0,0,0,1,8,0,5,3,0.0039063,8.6117e-09,-9.4153e+13,-3167.2
18,2,13,8,0,0,1,0,8,0,5,3,0.0039063,5.7411e-09,-5.2307e+13,-1173
18,2,14,6,0,0,0,0,8,0,6,2,0.0039063,1.7223e-08,2.0923e+13,1407.7
18,2,14,7,0,0,0,1,8,0,6,2,0.0039063,5.7411e-09,-1.1508e+14,-2580.7
18,2,15,6,0,0,1,0,8,0,6,2,0.0039063,2.4605e-09,-3.1384e+13,-301.64
18,2,16,4,0,0,0,0,8,0,7,1,0.0039063,4.9209e-09,2.0923e+13,402.19
18,2,16,5,0,0,0,1,8,0,7,1,0.0039063,2.4605e-09,-1.36e+14,-1307.1
18,2,17,4,0,0,1,0,8,0,7,1,0.0039063,6.1512e-10,-1.0461e+13,-25.137
18,2,18,2,0,0,0,0,8,0,8,0,0.0039063,6.1512e-10,2.0923e+13,50.273
18,2,18,3,0,0,0,1,8,0,8,0,0.0039063,6.1512e-10,-1.5692e+14,-377.05
18,2,19,2,0,0,1,0,8,0,8,0,0.0039063,6.8347e-11,1.0461e+13,2.793
18,3,2,18,0,1,0,0,8,0,0,8,0.0039063,6.1512e-10,-1.5692e+14,-377.05
18,3,4,16,0,1,0,0,8,0,1,7,0.0039063,4.9209e-09,-1.5692e+14,-3016.4
18,3,6,14,0,1,0,0,8,0,2,6,0.0039063,1.7223e-08,-1.5692e+14,-10557
18,3,8,12,0,1,0,0,8,0,3,5,0.0039063,3.4447e-08,-1.5692e+14,-21115
18,3,10,10,0,1,0,0,8,0,4,4,0.0039063,4.3058e-08,-1.5692e+14,-26394
18,3,12,8,0,1,0,0,8,0,5,3,0.0039063,3.4447e-08,-1.5692e+14,-21115
18,3,14,6,0,1,0,0,8,0,6,2,0.0039063,1.7223e-08,-1.5692e+14,-10557
18,3,16,4,0,1,0,0,8,0,7,1,0.0039063,4.9209e-09,-1.5692e+14,-3016.4
18,3,18,2,0,1,0,0,8,0,8,0,0.0039063,6.1512e-10,-1.5692e+14,-377.05
19,2,2,18,1,0,0,0,8,0,0,8,0.0039063,6.8347e-11,1.0461e+13,2.793
19,2,4,16,1,0,0,0,8,0,1,7,0.0039063,5.4677e-10,1.0461e+13,22.344
19,2,6,14,1,0,0,0,8,0,2,6,0.0039063,1.9137e-09,1.0461e+13,78.203
19,2,8,12,1,0,0,0,8,0,3,5,0.0039063,3.8274e-09,1.0461e+13,156.41
19,2,10,10,1,0,0,0,8,0,4,4,0.0039063,4.7843e-09,1.0461e+13,195.51
19,2,12,8,1,0,0,0,8,0,5,3,0.0039063,3.8274e-09,1.0461e+13,156.41
19,2,14,6,1,0,0,0,8,0,6,2,0.0039063,1.9137e-09,1.0461e+13,78.203
19,2,16,4,1,0,0,0,8,0,7,1,0.0039063,5.4677e-10,1.0461e+13,22.344
19,2,18,2,1,0,0,0,8,0,8,0,0.0039063,6.8347e-11,1.0461e+13,2.793
